28	-1.716588472	-1.376550988	-0.252194661	-0.248656506	-0.237485435	-0.29066859	-0.351657306	-0.316610563	-0.278717265	8.406332501	-0.248482936	-0.246684533	-0.119356096	-0.266819597	-0.026083008	-0.243134111	-0.308270396	-0.464313969	-0.212469259	-0.318655606	-0.214387533	-0.215904696	-0.287102312	-0.207846616	-0.182504536	-0.204688182	-0.225946854	-0.225423654	-0.184737669	-0.21580012	-0.225355399	-0.226073413	LumB
35	4.686021621	-0.267628137	-0.252194661	-0.248656506	-0.237485435	-0.29066859	2.562307003	3.176402342	-0.278717265	-0.216715518	3.667156037	-0.246684533	-0.119356096	-0.266819597	-0.026083008	-0.243134111	-0.308270396	-0.464313969	-0.212469259	-0.318655606	-0.214387533	-0.215904696	-0.287102312	-0.207846616	-0.182504536	-0.204688182	-0.225946854	-0.225423654	-0.184737669	-0.21580012	-0.225355399	-0.226073413	Her2
46	1.564032055	-1.706561916	-0.252194661	-0.248656506	-0.237485435	3.266114292	-0.351657306	-0.316610563	-0.278717265	-0.216715518	-0.248482936	-0.246684533	-0.119356096	-0.266819597	-0.026083008	-0.243134111	-0.308270396	-0.464313969	-0.212469259	-0.318655606	-0.214387533	-0.215904696	-0.287102312	-0.207846616	-0.182504536	-0.204688182	-0.225946854	-0.225423654	-0.184737669	-0.21580012	-0.225355399	-0.226073413	LumA
50	-2.046325208	1.043094392	-0.252194661	-0.248656506	-0.237485435	2.842891314	-0.351657306	-0.316610563	-0.278717265	-0.216715518	3.282939861	-0.246684533	-0.119356096	-0.266819597	-0.026083008	-0.243134111	-0.308270396	-0.464313969	-0.212469259	-0.318655606	-0.214387533	-0.215904696	-0.287102312	-0.207846616	-0.182504536	-0.204688182	-0.225946854	-0.225423654	-0.184737669	-0.21580012	-0.225355399	-0.226073413	Normal
53	-2.423155294	3.847926017	-0.252194661	-0.248656506	-0.237485435	-0.29066859	-0.351657306	-0.316610563	2.462416534	-0.216715518	3.718555099	3.812521364	-0.119356096	-0.266819597	10.76441238	-0.243134111	-0.308270396	1.776663871	-0.212469259	-0.318655606	-0.214387533	-0.215904696	-2.973642423	-0.207846616	-0.182504536	-0.204688182	4.126112021	-0.225423654	-0.184737669	-0.21580012	-4.395613229	-0.226073413	LumB
54	-1.400755441	1.872193869	-0.252194661	-0.248656506	-0.237485435	6.399674197	-0.351657306	-0.316610563	-0.278717265	-0.216715518	-0.248482936	-0.246684533	-0.119356096	-0.266819597	3.611213813	-0.243134111	-0.308270396	-0.464313969	-0.212469259	7.725500294	-0.214387533	-0.215904696	2.38659965	-0.207846616	-0.182504536	-0.204688182	-0.225946854	4.400113964	-0.184737669	-0.21580012	-0.225355399	-0.226073413	LumB
62	5.630876034	0.782686202	-0.252194661	-0.248656506	-0.237485435	-0.29066859	4.417777994	-0.316610563	-0.278717265	4.067652388	-0.248482936	-0.246684533	-0.119356096	-0.266819597	-0.026083008	-0.243134111	-0.308270396	-0.464313969	-0.212469259	-0.318655606	-0.214387533	-0.215904696	-2.973642423	-0.207846616	-4.945695833	-0.204688182	-0.225946854	-0.225423654	-0.184737669	-0.21580012	6.611663194	-0.226073413	Basal
64	-2.921560317	7.48320921	-0.252194661	-0.248656506	-0.237485435	-0.29066859	2.889688466	-0.316610563	-0.278717265	-0.216715518	-0.248482936	-0.246684533	4.219324018	-0.266819597	3.611213813	-0.243134111	-0.308270396	-0.464313969	-0.212469259	-0.318655606	-0.214387533	-0.215904696	-0.287102312	-0.207846616	-0.182504536	-0.204688182	-0.225946854	-0.225423654	-0.184737669	-0.21580012	-0.225355399	-0.226073413	LumB
68	-2.759258671	0.727760981	-0.252194661	-0.248656506	-0.237485435	-0.29066859	-0.351657306	-0.316610563	-0.278717265	-0.216715518	-0.248482936	-0.246684533	4.219324018	-0.266819597	3.611213813	-0.243134111	-0.308270396	-0.464313969	-0.212469259	-0.318655606	-0.214387533	-0.215904696	-0.287102312	-0.207846616	-0.182504536	-0.204688182	4.126112021	4.400113964	-0.184737669	-0.21580012	-0.225355399	-0.226073413	LumA
112	0.425785238	-1.344568604	-0.252194661	-0.248656506	-0.237485435	-0.29066859	-0.351657306	-0.316610563	-0.278717265	-0.216715518	-0.248482936	3.812521364	-0.119356096	-0.266819597	-0.026083008	-0.243134111	-0.308270396	-0.464313969	-0.212469259	-0.318655606	-0.214387533	-0.215904696	-0.287102312	3.962522913	-0.182504536	-0.204688182	-0.225946854	-0.225423654	-0.184737669	-0.21580012	-0.225355399	-0.226073413	LumA
113	2.301619286	-1.706561916	-0.252194661	-0.248656506	-0.237485435	-0.29066859	-0.351657306	-0.316610563	-0.278717265	-0.216715518	1.338876272	-0.246684533	-0.119356096	-0.266819597	-0.026083008	-0.243134111	-0.308270396	-0.464313969	4.013698691	-0.318655606	-0.214387533	-0.215904696	-0.287102312	-0.207846616	-0.182504536	-0.204688182	-0.225946854	-0.225423654	-0.184737669	-0.21580012	-0.225355399	-0.226073413	Her2
114	-2.424841647	1.430637099	-0.252194661	-0.248656506	-0.237485435	-0.29066859	-0.351657306	-0.316610563	-0.278717265	-0.216715518	-0.248482936	-0.246684533	-0.119356096	-0.266819597	-0.026083008	-0.243134111	-0.308270396	-0.464313969	-0.212469259	-0.318655606	-0.214387533	-0.215904696	-0.287102312	-0.207846616	-0.182504536	-0.204688182	-0.225946854	-0.225423654	-0.184737669	-0.21580012	-0.225355399	4.18262001	LumA
119	-0.909695944	1.278938205	-0.252194661	-0.248656506	-0.237485435	-0.29066859	-0.351657306	2.553269008	-0.278717265	-0.216715518	-0.248482936	-0.246684533	-0.119356096	-0.266819597	-0.026083008	3.270103434	-0.308270396	-0.464313969	-0.212469259	-0.318655606	-0.214387533	-0.215904696	-0.287102312	-0.207846616	-0.182504536	-0.204688182	-0.225946854	-0.225423654	-0.184737669	-0.21580012	-0.225355399	-0.226073413	LumB
120	0.719570056	-1.706561916	-0.252194661	-0.248656506	-0.237485435	-0.29066859	-0.351657306	-0.316610563	-0.278717265	-0.216715518	1.338876272	-0.246684533	-0.119356096	-0.266819597	-0.026083008	-0.243134111	-0.308270396	-0.464313969	-0.212469259	-0.318655606	-0.214387533	-0.215904696	-0.287102312	-0.207846616	-4.454503688	-0.204688182	-0.225946854	-0.225423654	-0.184737669	-0.21580012	-0.225355399	-0.226073413	LumB
121	-2.277921957	-1.169284568	-0.252194661	-0.248656506	-0.237485435	-0.29066859	-0.351657306	-0.316610563	2.690618033	-0.216715518	-0.248482936	-0.246684533	6.344905366	-0.266819597	-0.026083008	3.270103434	-0.308270396	-0.464313969	-0.212469259	-0.318655606	-0.214387533	-0.215904696	-0.287102312	-0.207846616	-0.182504536	-0.204688182	-0.225946854	-0.225423654	-0.184737669	-0.21580012	-0.225355399	-0.226073413	LumA
123	-0.060067208	-0.665715307	-0.252194661	-0.248656506	-0.237485435	-0.29066859	-0.351657306	-0.316610563	-0.278717265	-0.216715518	-0.248482936	-0.246684533	-0.119356096	-0.266819597	3.611213813	-0.243134111	-0.308270396	-0.464313969	-0.212469259	-0.318655606	3.801473094	-0.215904696	2.38659965	-0.207846616	-0.182504536	3.900090233	3.635236175	-0.225423654	-0.184737669	-0.21580012	-0.225355399	4.18262001	LumB
124	-2.662326044	-0.503467922	-0.252194661	-0.248656506	-0.237485435	-0.29066859	-0.351657306	-0.316610563	-0.278717265	-0.216715518	-0.248482936	-0.246684533	-0.119356096	-0.266819597	-0.026083008	-0.243134111	-0.308270396	-0.464313969	-0.212469259	-0.318655606	-0.214387533	-0.215904696	-0.287102312	-0.207846616	-0.182504536	-0.204688182	-0.225946854	-0.225423654	-0.184737669	-0.21580012	-0.225355399	-0.226073413	LumA
125	-2.626994318	0.725214728	-0.252194661	-0.248656506	-0.237485435	-0.29066859	-0.351657306	-0.316610563	-0.278717265	-0.216715518	1.338876272	-0.246684533	-0.119356096	-0.266819597	-0.026083008	-0.243134111	-0.308270396	-0.464313969	-0.212469259	2.961438281	-0.214387533	-0.215904696	-0.287102312	-0.207846616	-0.182504536	-0.204688182	-0.225946854	4.400113964	-0.184737669	-0.21580012	-0.225355399	-0.226073413	LumB
126	-2.662326044	-1.014557677	-0.252194661	-0.248656506	-0.237485435	-0.29066859	-0.351657306	-0.316610563	-0.278717265	-0.216715518	-0.248482936	-0.246684533	-0.119356096	-0.266819597	-0.026083008	-0.243134111	-0.308270396	-0.464313969	-0.212469259	-0.318655606	-0.214387533	-0.215904696	-0.287102312	-0.207846616	-0.182504536	-0.204688182	-0.225946854	-0.225423654	-0.184737669	-0.21580012	-0.225355399	-0.226073413	LumA
127	-1.948370129	-0.493822377	-0.252194661	-0.248656506	-0.237485435	-0.29066859	-0.351657306	-0.316610563	-0.278717265	-0.216715518	-0.248482936	-0.246684533	-0.119356096	-0.266819597	-0.026083008	-0.243134111	1.657202656	1.776663871	-0.212469259	-0.318655606	-0.214387533	-0.215904696	-0.287102312	-0.207846616	-0.182504536	-0.204688182	4.126112021	-0.225423654	-0.184737669	-0.21580012	-0.225355399	-0.226073413	Normal
129	8.865541969	-1.706561916	-0.252194661	-0.248656506	-0.237485435	-0.29066859	-0.351657306	-0.316610563	-3.248052563	-0.216715518	-0.248482936	-0.246684533	-0.119356096	-0.266819597	-0.026083008	-0.243134111	-0.308270396	-0.464313969	-0.212469259	-0.318655606	-0.214387533	-0.215904696	2.3994378	-0.207846616	-0.182504536	-0.204688182	-0.225946854	-0.225423654	-0.184737669	-0.21580012	-0.225355399	-0.226073413	Her2
130	0.164873043	-1.376550988	-0.252194661	-0.248656506	-0.237485435	-0.29066859	-0.351657306	-0.316610563	-0.278717265	-0.216715518	-0.248482936	-0.246684533	-0.119356096	-0.266819597	-0.026083008	-0.243134111	-0.308270396	-0.464313969	-0.212469259	-0.318655606	-0.214387533	-0.215904696	-0.287102312	-0.207846616	-0.182504536	-0.204688182	-0.225946854	-0.225423654	-0.184737669	-0.21580012	4.062030975	4.18262001	LumA
131	-0.888070757	-0.65966676	-0.252194661	-0.248656506	-0.237485435	-0.29066859	-0.351657306	-0.316610563	-0.278717265	-0.216715518	-0.248482936	-0.246684533	-0.119356096	-0.266819597	-0.026083008	-0.243134111	-0.308270396	-0.464313969	-0.212469259	-0.318655606	-0.214387533	-0.215904696	-0.287102312	-0.207846616	-0.182504536	-0.204688182	-0.225946854	-0.225423654	-0.184737669	-0.21580012	-0.225355399	-0.226073413	LumA
133	-2.662326044	0.736715282	-0.252194661	-0.248656506	-0.237485435	-0.29066859	-0.351657306	-0.316610563	-0.278717265	-0.216715518	-0.248482936	-0.246684533	-0.119356096	-0.266819597	-0.026083008	-0.243134111	-0.308270396	-0.464313969	-0.212469259	-0.318655606	-0.214387533	4.653870979	-0.287102312	-0.207846616	-0.182504536	-0.204688182	3.635236175	-0.225423654	-0.184737669	-0.21580012	-0.225355399	-0.226073413	LumA
134	-2.662326044	-1.706561916	-0.252194661	-0.248656506	-0.237485435	-0.29066859	-0.351657306	-0.316610563	-0.278717265	-0.216715518	-4.16412191	-0.246684533	-0.119356096	-0.266819597	-0.026083008	-0.243134111	-0.308270396	-0.464313969	-0.212469259	-3.598749493	-0.214387533	-0.215904696	-0.287102312	-0.207846616	-0.182504536	-0.204688182	-0.225946854	-0.225423654	-0.184737669	-0.21580012	-0.225355399	-0.226073413	LumB
135	-2.534226166	0.177553894	-0.252194661	-0.248656506	-0.237485435	2.123590616	-0.351657306	-0.316610563	-0.278717265	-0.216715518	-0.248482936	-0.246684533	-0.119356096	-0.266819597	-0.026083008	-0.243134111	-0.308270396	4.136303719	-0.212469259	-0.318655606	-0.214387533	-0.215904696	-0.287102312	-0.207846616	-0.182504536	-0.204688182	-0.225946854	-0.225423654	-0.184737669	-0.21580012	-0.225355399	-0.226073413	LumB
136	-2.662326044	-1.376550988	-0.252194661	3.626355251	-0.237485435	-0.29066859	-0.351657306	-0.316610563	-0.278717265	-0.216715518	-0.248482936	-0.246684533	-0.119356096	-0.266819597	-0.026083008	-0.243134111	-0.308270396	-0.464313969	-0.212469259	-0.318655606	-0.214387533	-0.215904696	-0.287102312	-0.207846616	-0.182504536	-0.204688182	-0.225946854	-0.225423654	-0.184737669	-0.21580012	-0.225355399	-0.226073413	LumA
138	-2.662326044	0.278556629	-0.252194661	-0.248656506	4.388052183	-0.29066859	-0.351657306	-0.316610563	-0.278717265	-0.216715518	-0.248482936	-0.246684533	-0.119356096	-0.266819597	-0.026083008	-0.243134111	6.650917221	1.488571256	-0.212469259	-0.318655606	-0.214387533	-0.215904696	-0.287102312	-0.207846616	-0.182504536	-0.204688182	-0.225946854	-0.225423654	-0.184737669	-0.21580012	-0.225355399	-0.226073413	LumA
140	-2.371710149	2.099522652	-0.252194661	-0.248656506	-0.237485435	-0.29066859	-0.351657306	-0.316610563	-2.077158939	-0.216715518	-0.248482936	3.637583228	-0.119356096	-0.266819597	-0.026083008	-0.243134111	-0.308270396	-0.464313969	-0.212469259	-0.318655606	-0.214387533	-0.215904696	-0.287102312	-0.207846616	-0.182504536	-0.204688182	-0.225946854	-0.225423654	-0.184737669	-0.21580012	-0.225355399	-0.226073413	LumB
142	-0.207575231	0.103055035	2.749125977	-0.248656506	-0.237485435	-0.29066859	-0.351657306	-0.316610563	2.462416534	-0.216715518	1.338876272	3.637583228	-0.119356096	-0.266819597	-0.026083008	-0.243134111	-0.308270396	-0.464313969	-0.212469259	-0.318655606	-0.214387533	-0.215904696	-0.287102312	-0.207846616	-0.182504536	-0.204688182	-0.225946854	-0.225423654	-0.184737669	-0.21580012	-0.225355399	-0.226073413	LumA
143	-1.617620496	-1.706561916	-0.252194661	-0.248656506	-0.237485435	-0.29066859	-0.351657306	-0.316610563	-0.278717265	-0.216715518	-0.248482936	-0.246684533	-0.119356096	-0.266819597	-0.026083008	-0.243134111	-0.308270396	-0.464313969	-0.212469259	-0.318655606	-0.214387533	-0.215904696	-0.287102312	-0.207846616	-0.182504536	-0.204688182	-0.225946854	-0.225423654	-0.184737669	-0.21580012	-0.225355399	-0.226073413	LumA
144	-2.39816234	-1.376550988	-0.252194661	-0.248656506	-0.237485435	-0.29066859	-0.351657306	-0.316610563	-0.278717265	-0.216715518	-0.248482936	-0.246684533	-0.119356096	-0.266819597	-0.026083008	-0.243134111	-0.308270396	-0.464313969	-0.212469259	-0.318655606	-0.214387533	-0.215904696	-0.287102312	3.962522913	-0.182504536	-0.204688182	-0.225946854	-0.225423654	-0.184737669	-0.21580012	-0.225355399	-0.226073413	LumB
145	-2.667002087	-1.181606806	-0.252194661	-0.248656506	3.834389461	-0.29066859	-0.351657306	-0.316610563	-0.278717265	-0.216715518	-0.248482936	-0.246684533	-0.119356096	-0.266819597	-0.026083008	-0.243134111	-0.308270396	-0.464313969	-0.212469259	-0.318655606	-0.214387533	-0.215904696	-0.287102312	-0.207846616	4.580686761	-0.204688182	-0.225946854	-0.225423654	-0.184737669	-0.21580012	3.944902431	-0.226073413	LumA
146	-1.817129697	-1.376550988	3.327534539	-0.248656506	-0.237485435	-0.29066859	-0.351657306	-0.316610563	-0.278717265	-0.216715518	-0.248482936	-0.246684533	-0.119356096	-0.266819597	-0.026083008	-0.243134111	-0.308270396	-0.464313969	-0.212469259	-0.318655606	3.801473094	-0.215904696	-0.287102312	-0.207846616	-0.182504536	-0.204688182	-0.225946854	-0.225423654	-0.184737669	-0.21580012	-0.225355399	-0.226073413	LumB
147	-1.024295979	0.042099548	-0.252194661	-0.248656506	-0.237485435	-0.29066859	1.459868307	-0.316610563	-0.278717265	-0.216715518	-0.248482936	-0.246684533	-0.119356096	-0.266819597	-3.663379828	-0.243134111	-0.308270396	-0.464313969	-0.212469259	-0.318655606	-4.230248161	4.129240324	3.109757638	-0.207846616	-0.182504536	-0.204688182	-0.225946854	-0.225423654	3.825031707	-0.21580012	-0.225355399	-0.226073413	LumA
148	4.8846156	-1.284313684	-0.252194661	-0.248656506	-0.237485435	-0.29066859	-0.351657306	-0.316610563	-0.278717265	-0.216715518	-0.248482936	-0.246684533	-0.119356096	-0.266819597	-0.026083008	-0.243134111	-0.308270396	-0.464313969	-0.212469259	-0.318655606	-0.214387533	-0.215904696	-0.287102312	-0.207846616	-0.182504536	-0.204688182	-0.225946854	-0.225423654	-0.184737669	-0.21580012	-0.225355399	-0.226073413	Her2
149	13.71200751	-3.308850171	2.749125977	-0.248656506	-0.237485435	-0.29066859	-0.351657306	-0.316610563	2.690618033	-0.216715518	-0.248482936	-0.246684533	-0.119356096	-0.266819597	-3.663379828	-0.243134111	4.567943713	-0.464313969	-0.212469259	-0.318655606	-0.214387533	-0.215904696	-0.287102312	-0.207846616	-0.182504536	-0.204688182	-0.225946854	-0.225423654	-0.184737669	4.129344901	-0.225355399	-0.226073413	Basal
150	2.607268624	-1.376550988	-0.252194661	-0.248656506	-0.237485435	-0.29066859	-0.351657306	-0.316610563	-0.278717265	-0.216715518	-0.248482936	-0.246684533	-0.119356096	-0.266819597	-0.026083008	-0.243134111	-0.308270396	-0.464313969	-0.212469259	-0.318655606	-0.214387533	-0.215904696	-0.287102312	-0.207846616	-0.182504536	-0.204688182	-0.225946854	-0.225423654	-0.184737669	-0.21580012	-0.225355399	-0.226073413	Basal
151	-2.617911649	-1.706561916	-0.252194661	-0.248656506	-0.237485435	-0.29066859	-0.351657306	2.611222267	-0.278717265	-0.216715518	-0.248482936	-0.246684533	-0.119356096	-0.266819597	-3.390128219	-0.243134111	0.738645226	-0.464313969	-0.212469259	-0.318655606	-0.214387533	-0.215904696	-0.287102312	-0.207846616	-0.182504536	-0.204688182	-0.225946854	-0.225423654	-0.184737669	-0.21580012	-0.225355399	-0.226073413	LumB
152	5.853042908	-1.376550988	-0.252194661	-0.248656506	-0.237485435	-0.29066859	-0.351657306	-0.316610563	1.519724409	-0.216715518	-0.248482936	-0.246684533	-0.119356096	-0.266819597	-0.026083008	-0.243134111	-0.308270396	4.417383068	-0.212469259	-0.318655606	-0.214387533	-0.215904696	-0.287102312	-0.207846616	-0.182504536	-0.204688182	-0.225946854	-0.225423654	-0.184737669	-0.21580012	-0.225355399	-0.226073413	Her2
154	-2.490482523	-0.438926597	-0.252194661	-0.248656506	-0.237485435	-0.29066859	-0.351657306	-0.316610563	-0.278717265	-0.216715518	-0.248482936	-0.246684533	-0.119356096	-0.266819597	-0.026083008	-0.243134111	-0.308270396	-0.464313969	-0.212469259	-0.318655606	-0.214387533	-0.215904696	-0.287102312	-0.207846616	-0.182504536	-0.204688182	-0.225946854	-0.225423654	-0.184737669	-0.21580012	-0.225355399	-0.226073413	LumA
162	-2.662326044	-0.846181213	-0.252194661	-0.248656506	-0.237485435	-0.29066859	-0.351657306	-0.316610563	-0.278717265	-0.216715518	-0.248482936	-0.246684533	-0.119356096	-0.266819597	-0.026083008	-0.243134111	-0.308270396	-0.464313969	-0.212469259	-0.318655606	-0.214387533	-0.215904696	-0.287102312	-0.207846616	-0.182504536	-0.204688182	-0.225946854	-0.225423654	-0.184737669	-0.21580012	-0.225355399	-0.226073413	LumA
163	5.697669669	-0.616018569	-0.252194661	-0.248656506	-0.237485435	-0.29066859	-0.351657306	-0.316610563	-0.278717265	-0.216715518	3.718555099	-0.246684533	-0.119356096	-0.266819597	-0.026083008	-0.243134111	-0.308270396	-0.464313969	-0.212469259	-0.318655606	-0.214387533	-0.215904696	-0.287102312	-0.207846616	-0.182504536	-0.204688182	-0.225946854	-0.225423654	-0.184737669	-0.21580012	-0.225355399	-0.226073413	Basal
165	-1.326780436	-1.706561916	-0.252194661	-0.248656506	-0.237485435	-0.29066859	-3.265621615	-0.316610563	-0.278717265	-0.216715518	-0.248482936	-0.246684533	-0.119356096	-0.266819597	-0.026083008	-0.243134111	-0.308270396	-0.464313969	-0.212469259	-0.318655606	-0.214387533	-0.215904696	-0.287102312	-0.207846616	-0.182504536	-0.204688182	-0.225946854	-0.225423654	-0.184737669	-0.21580012	-8.682999603	-0.226073413	LumA
166	-2.465225336	1.640119034	-0.252194661	-0.248656506	-0.237485435	-0.29066859	-0.351657306	-0.316610563	-0.278717265	-0.216715518	-0.248482936	-0.246684533	-0.119356096	-0.266819597	-0.026083008	-0.243134111	-0.308270396	-0.464313969	-0.212469259	-0.318655606	3.801473094	-0.215904696	-0.287102312	4.561689904	-0.182504536	-0.204688182	-0.225946854	-0.225423654	-0.184737669	-0.21580012	-0.225355399	-0.226073413	LumA
167	0.548920663	-1.706561916	-0.252194661	-0.248656506	-0.237485435	-0.29066859	-0.351657306	-0.316610563	-0.278717265	-0.216715518	-0.248482936	-0.246684533	-0.119356096	-0.266819597	-0.026083008	-0.243134111	-0.308270396	-0.464313969	-0.212469259	-0.318655606	-0.214387533	-0.215904696	-0.287102312	-0.207846616	-0.182504536	-0.204688182	-0.225946854	4.400113964	-0.184737669	-0.21580012	-0.225355399	-0.226073413	LumB
170	-2.045645673	-1.376550988	-0.252194661	-0.248656506	-0.237485435	-0.29066859	-0.351657306	-0.316610563	-0.278717265	-0.216715518	-0.248482936	-0.246684533	-0.119356096	-0.266819597	-0.026083008	-0.243134111	-0.308270396	-0.464313969	-0.212469259	-0.318655606	-0.214387533	-0.215904696	-0.287102312	-0.207846616	-0.182504536	-0.204688182	-0.225946854	-0.225423654	-0.184737669	-0.21580012	-0.225355399	-0.226073413	LumA
171	-2.415905022	-1.706561916	-0.252194661	-0.248656506	3.834389461	-0.29066859	-0.351657306	-0.316610563	-0.278717265	-0.216715518	-0.248482936	-0.246684533	-0.119356096	-0.266819597	-0.026083008	-0.243134111	-0.308270396	-0.464313969	-0.212469259	-0.318655606	-0.214387533	-0.215904696	-0.287102312	-0.207846616	-0.182504536	-0.204688182	-0.225946854	-0.225423654	-0.184737669	4.129344901	-0.225355399	-0.226073413	Normal
172	-1.935238472	-1.181606806	-0.252194661	-0.248656506	-0.237485435	-0.29066859	-0.351657306	-0.316610563	-0.278717265	-0.216715518	-0.248482936	-0.246684533	-0.119356096	-0.266819597	-0.026083008	-0.243134111	-0.308270396	-0.464313969	-0.212469259	-0.318655606	-0.214387533	-0.215904696	-0.287102312	-0.207846616	-0.182504536	-0.204688182	-0.225946854	-0.225423654	-0.184737669	-0.21580012	-0.225355399	-0.226073413	LumA
173	-0.285534505	0.08447254	-0.252194661	-0.248656506	-0.237485435	-0.29066859	-0.351657306	-0.316610563	-0.278717265	-0.216715518	-0.248482936	-0.246684533	-0.119356096	-0.266819597	-0.026083008	-0.243134111	-0.308270396	-0.464313969	-0.212469259	-0.318655606	-0.214387533	-0.215904696	-0.287102312	-0.207846616	-0.182504536	-0.204688182	-0.225946854	-0.225423654	-0.184737669	-0.21580012	-0.225355399	-0.226073413	LumB
175	-2.283760462	-1.376550988	2.749125977	-0.248656506	-0.237485435	-0.29066859	-0.351657306	-0.316610563	-0.278717265	-0.216715518	-0.248482936	-0.246684533	-0.119356096	-0.266819597	-0.026083008	-0.243134111	-0.308270396	1.495584521	-0.212469259	-0.318655606	-0.214387533	-0.215904696	-0.287102312	-0.207846616	-0.182504536	-0.204688182	-0.225946854	-0.225423654	-0.184737669	-0.21580012	-0.225355399	-0.226073413	LumA
176	-2.662326044	0.432716801	-0.252194661	3.626355251	-0.237485435	-0.29066859	-0.351657306	-0.316610563	-0.278717265	-0.216715518	-0.248482936	-0.246684533	-0.119356096	-0.266819597	-0.026083008	-0.243134111	-0.308270396	-0.464313969	-0.212469259	-0.318655606	-0.214387533	-0.215904696	-0.287102312	-0.207846616	-0.182504536	-0.204688182	-0.225946854	-0.225423654	-0.184737669	-0.21580012	-0.225355399	-0.226073413	LumA
177	-1.642235428	-1.706561916	-0.252194661	-0.248656506	-0.237485435	-0.29066859	-0.351657306	-0.316610563	-0.278717265	-0.216715518	-0.248482936	-0.246684533	-0.119356096	-0.266819597	-0.026083008	-0.243134111	-0.308270396	-0.464313969	4.013698691	-0.318655606	-0.214387533	-0.215904696	-0.287102312	-0.207846616	-0.182504536	-0.204688182	3.635236175	-0.225423654	-0.184737669	-0.21580012	-0.225355399	-0.226073413	LumA
178	-0.052091139	-1.376550988	-0.252194661	-0.248656506	-0.237485435	-0.29066859	-0.351657306	-0.316610563	-0.278717265	-0.216715518	-0.248482936	-0.246684533	-0.119356096	-0.266819597	-0.026083008	3.270103434	-0.308270396	-0.464313969	-0.212469259	-0.318655606	-0.214387533	-0.215904696	-0.287102312	-0.207846616	-0.182504536	-0.204688182	-0.225946854	-0.225423654	-0.184737669	-0.21580012	-0.225355399	-0.226073413	LumB
180	-1.547495261	0.866486635	-0.252194661	-0.248656506	-0.237485435	-0.29066859	-0.351657306	-0.316610563	-0.278717265	-0.216715518	-0.248482936	3.637583228	-0.119356096	-0.266819597	-0.451191151	-0.243134111	-0.308270396	1.488571256	-0.212469259	-0.318655606	-0.214387533	4.653870979	-0.287102312	-0.207846616	-0.182504536	-0.204688182	-0.225946854	-0.225423654	-0.184737669	-0.21580012	2.32427682	-0.226073413	LumA
181	-2.358387194	-0.88001991	-0.252194661	-0.248656506	-0.237485435	-0.29066859	-0.351657306	-0.316610563	-0.278717265	-0.216715518	-0.248482936	-0.246684533	-0.119356096	-0.266819597	-0.026083008	-0.243134111	-0.308270396	4.129290454	-0.212469259	-0.318655606	-0.214387533	-0.215904696	-0.287102312	-0.207846616	-0.182504536	-0.204688182	-0.225946854	-0.225423654	-0.184737669	-0.21580012	-0.225355399	-0.226073413	LumA
184	-2.53986976	2.850362111	-0.252194661	-0.248656506	-0.237485435	3.266114292	-0.351657306	-0.316610563	-0.278717265	4.067652388	-0.248482936	3.637583228	-0.119356096	-0.266819597	-0.026083008	-0.243134111	-0.308270396	-0.464313969	-0.212469259	-0.318655606	-0.214387533	-0.215904696	-0.287102312	-0.207846616	-0.182504536	-0.204688182	-0.225946854	-0.225423654	-0.184737669	-0.21580012	4.062030975	-0.226073413	LumA
188	0.56802767	-1.706561916	-0.252194661	-0.248656506	-0.237485435	-0.29066859	-0.351657306	2.611222267	-0.278717265	-0.216715518	-0.248482936	-0.246684533	-0.119356096	-0.266819597	-0.026083008	-0.243134111	-0.308270396	-0.464313969	-0.212469259	-0.318655606	-0.214387533	-0.215904696	-0.287102312	-0.207846616	-0.182504536	-0.204688182	-0.225946854	-0.225423654	-0.184737669	-0.21580012	-0.225355399	-0.226073413	Her2
189	-0.279792137	-1.706561916	-0.252194661	-0.248656506	-0.237485435	-0.29066859	-0.351657306	-0.316610563	-0.278717265	-0.216715518	-0.248482936	-0.246684533	-0.119356096	-0.266819597	-0.026083008	-0.243134111	-0.308270396	-0.464313969	-0.212469259	-0.318655606	-0.214387533	4.653870979	-0.287102312	-0.207846616	-0.182504536	-0.204688182	-0.225946854	-0.225423654	-0.184737669	-0.21580012	-0.225355399	-0.226073413	Normal
191	11.24973542	-1.706561916	-3.940583607	-0.248656506	-0.237485435	-0.29066859	-0.351657306	-0.316610563	-0.278717265	-0.216715518	-0.248482936	-0.246684533	-0.119356096	-0.266819597	-0.026083008	-0.243134111	-0.308270396	-0.464313969	-0.212469259	-0.318655606	-0.214387533	-0.215904696	-0.287102312	-0.207846616	-0.182504536	-0.204688182	-0.225946854	-0.225423654	-0.184737669	-0.21580012	-0.225355399	4.18262001	Basal
193	-1.783017666	-0.586038591	-0.252194661	-0.248656506	-0.237485435	2.769871954	-0.351657306	-0.316610563	-0.278717265	-0.216715518	-0.248482936	-0.246684533	-0.119356096	-0.266819597	-0.026083008	-0.243134111	1.657202656	-0.464313969	-0.212469259	-0.318655606	-0.214387533	-0.215904696	-0.287102312	-0.207846616	-0.182504536	-0.204688182	-0.225946854	-0.225423654	-0.184737669	-0.21580012	4.062030975	-0.226073413	LumB
194	-2.553076662	-1.376550988	-0.252194661	-0.248656506	-0.237485435	-0.29066859	-0.351657306	-0.316610563	-0.278717265	-0.216715518	-0.248482936	-0.246684533	-0.119356096	-0.266819597	-0.026083008	-0.243134111	3.563735876	-0.464313969	-0.212469259	-0.318655606	-0.214387533	-0.215904696	-0.287102312	-0.207846616	-0.182504536	-0.204688182	-0.225946854	-0.225423654	-0.184737669	-0.21580012	-0.225355399	-0.226073413	LumA
195	-0.09473652	-0.253583665	3.436194286	-0.248656506	-0.237485435	-0.29066859	2.606252381	-0.316610563	-0.278717265	-0.216715518	-0.248482936	-0.246684533	-0.119356096	-0.266819597	-0.026083008	-0.243134111	-0.308270396	-0.464313969	-0.212469259	-0.318655606	-0.214387533	-0.215904696	-0.287102312	-0.207846616	-0.182504536	-0.204688182	-0.225946854	-0.225423654	3.825031707	-0.21580012	-0.225355399	3.736102011	LumB
197	-2.662326044	-1.376550988	-0.252194661	-0.248656506	-0.237485435	-0.29066859	-0.351657306	-0.316610563	-0.278717265	-0.216715518	-0.248482936	-0.246684533	-0.119356096	-0.266819597	-0.026083008	-0.243134111	-0.308270396	-0.464313969	-0.212469259	2.230272066	-0.214387533	-0.215904696	-0.287102312	-0.207846616	-0.182504536	-0.204688182	-0.225946854	-0.225423654	-0.184737669	-0.21580012	-0.225355399	-0.226073413	LumB
198	-2.393486297	-1.376550988	-0.252194661	-0.248656506	-0.237485435	-0.29066859	-0.351657306	-0.316610563	-0.278717265	-0.216715518	-0.248482936	-0.246684533	-0.119356096	-0.266819597	-0.026083008	-0.243134111	1.657202656	-0.464313969	-0.212469259	-0.318655606	-0.214387533	-0.215904696	-0.287102312	-0.207846616	-0.182504536	-0.204688182	-0.225946854	-0.225423654	-0.184737669	-0.21580012	-0.225355399	-0.226073413	LumB
199	-2.469235634	-0.979547362	-0.252194661	-0.248656506	-0.237485435	-0.29066859	-0.351657306	-0.316610563	-0.278717265	-0.216715518	-0.248482936	-0.246684533	-0.119356096	2.818457796	-0.026083008	-0.243134111	-0.308270396	-0.464313969	-0.212469259	-0.318655606	-0.214387533	-0.215904696	2.38659965	-0.207846616	-0.182504536	-0.204688182	-0.225946854	4.400113964	-0.184737669	-0.21580012	-0.225355399	-0.226073413	LumA
201	5.070715771	-1.376550988	-0.252194661	3.811092949	-0.237485435	-0.29066859	-0.351657306	-0.316610563	-0.278717265	-0.216715518	-0.248482936	-0.246684533	-0.119356096	-0.266819597	-0.026083008	-0.243134111	-0.308270396	-0.464313969	-0.212469259	-0.318655606	-0.214387533	-0.215904696	-0.287102312	-0.207846616	-0.182504536	-0.204688182	-0.225946854	-0.225423654	-0.184737669	-0.21580012	-0.225355399	-0.226073413	Basal
202	-0.747287875	-1.127673922	-0.252194661	-0.248656506	-0.237485435	-0.29066859	-0.351657306	-0.316610563	-0.278717265	-0.216715518	-0.248482936	-0.246684533	-0.119356096	-0.266819597	-0.026083008	-0.243134111	-0.308270396	-0.464313969	-0.212469259	-0.318655606	3.801473094	-0.215904696	-0.287102312	-0.207846616	-0.182504536	-0.204688182	-0.225946854	-0.225423654	-0.184737669	-0.21580012	-0.225355399	-0.226073413	LumA
203	-0.756895847	-1.241793832	-0.252194661	-0.248656506	-0.237485435	-0.29066859	-0.351657306	-0.316610563	-0.278717265	-0.216715518	-0.248482936	-0.246684533	-0.119356096	-0.266819597	-0.026083008	-0.243134111	-0.308270396	1.495584521	-0.212469259	-0.318655606	-0.214387533	-0.215904696	-0.287102312	-0.207846616	-0.182504536	-0.204688182	-0.225946854	-0.225423654	3.825031707	3.888978296	-0.225355399	-0.226073413	LumA
204	-2.196137292	-1.706561916	-0.252194661	-0.248656506	-0.237485435	-0.29066859	-0.351657306	-0.316610563	-0.278717265	-0.216715518	-0.248482936	-0.246684533	-0.119356096	-0.266819597	-0.026083008	-0.243134111	-0.308270396	-0.464313969	-0.212469259	-0.318655606	-0.214387533	-0.215904696	-0.287102312	-0.207846616	-0.182504536	-0.204688182	-0.225946854	-0.225423654	-0.184737669	-0.21580012	-0.225355399	-0.226073413	LumA
205	-1.649709265	-1.376550988	-0.252194661	-0.248656506	4.388052183	-0.29066859	-0.351657306	-0.316610563	-0.278717265	-0.216715518	-0.248482936	-0.246684533	-0.119356096	-0.266819597	-0.026083008	-0.243134111	-0.308270396	-0.464313969	-0.212469259	-0.318655606	-0.214387533	-0.215904696	-0.287102312	-0.207846616	-0.182504536	-0.204688182	-0.225946854	-0.225423654	-0.184737669	-0.21580012	-0.225355399	-0.226073413	Normal
207	-2.39269497	-1.227005966	-0.252194661	-0.248656506	-0.237485435	-0.29066859	-0.351657306	-0.316610563	-0.278717265	-0.216715518	-0.248482936	-0.246684533	-0.119356096	4.196335733	-0.026083008	-0.243134111	-0.308270396	-0.464313969	-0.212469259	-0.318655606	-0.214387533	-0.215904696	-0.287102312	-0.207846616	-0.182504536	-0.204688182	-0.225946854	-0.225423654	-0.184737669	-0.21580012	-0.225355399	-0.226073413	LumA
214	11.99669262	-0.244563263	-0.252194661	-0.248656506	-0.237485435	-0.29066859	-0.351657306	-0.316610563	-0.278717265	-0.216715518	-0.248482936	-0.246684533	-0.119356096	-0.266819597	-0.026083008	-0.243134111	-0.308270396	-0.464313969	-0.212469259	-0.318655606	-0.214387533	-0.215904696	3.109757638	-0.207846616	-0.182504536	-0.204688182	-0.225946854	-0.225423654	-0.184737669	-0.21580012	-0.225355399	-0.226073413	Basal
215	-0.792227952	-1.350801055	-0.252194661	3.626355251	-0.237485435	3.266114292	-0.351657306	-0.316610563	-0.278717265	-0.216715518	-0.248482936	-0.246684533	-0.119356096	-0.266819597	-0.026083008	3.270103434	-0.308270396	-0.464313969	-0.212469259	-0.318655606	-0.214387533	-0.215904696	-0.287102312	-0.207846616	-0.182504536	-0.204688182	-0.225946854	-0.225423654	-0.184737669	-0.21580012	-0.225355399	-0.226073413	LumB
218	-1.86268417	1.272461051	-0.252194661	-0.248656506	-0.237485435	-0.29066859	-0.351657306	-0.316610563	-0.278717265	-0.216715518	-0.248482936	-0.246684533	-0.119356096	-0.266819597	-0.026083008	-0.243134111	-0.308270396	1.776663871	-0.212469259	-0.318655606	-0.214387533	-0.215904696	5.171811642	-0.207846616	-0.182504536	-0.204688182	-0.225946854	-0.225423654	-0.184737669	-0.21580012	-0.225355399	-0.226073413	LumB
221	8.270517345	-1.389722741	-0.252194661	-0.248656506	-0.237485435	-0.29066859	-0.351657306	-0.316610563	-0.278717265	-0.216715518	-0.248482936	-0.246684533	-0.119356096	-0.266819597	-0.026083008	-0.243134111	-2.150049989	-0.464313969	-0.212469259	-0.318655606	-0.214387533	-0.215904696	2.3994378	-0.207846616	-0.182504536	-0.204688182	-0.225946854	-0.225423654	-0.184737669	-0.21580012	-0.225355399	3.736102011	Her2
223	-1.646556802	-1.376550988	-0.252194661	-0.248656506	-0.237485435	-0.29066859	-0.351657306	-0.316610563	-0.278717265	-0.216715518	-0.248482936	-0.246684533	-0.119356096	-0.266819597	-3.390128219	-0.243134111	-0.308270396	-0.464313969	-0.212469259	-0.318655606	3.801473094	-0.215904696	3.109757638	-0.207846616	-0.182504536	-0.204688182	-0.225946854	-0.225423654	-0.184737669	-0.21580012	-0.225355399	-0.226073413	LumA
224	-2.551646029	-1.376550988	-0.252194661	-0.248656506	-0.237485435	-0.29066859	-0.351657306	-0.316610563	-0.278717265	-0.216715518	-0.248482936	-0.246684533	-0.119356096	-0.266819597	-0.026083008	-0.243134111	-0.308270396	2.176405229	-0.212469259	-0.318655606	-0.214387533	-0.215904696	-0.287102312	-0.207846616	-0.182504536	-0.204688182	-0.225946854	-0.225423654	7.075645802	4.129344901	-0.225355399	-0.226073413	LumA
225	3.015311982	2.72192893	-0.252194661	-0.248656506	-0.237485435	-0.29066859	-0.351657306	-0.316610563	-0.278717265	-0.216715518	-0.248482936	-0.246684533	-0.119356096	-0.266819597	-0.026083008	-0.243134111	-0.308270396	4.136303719	-0.212469259	-0.318655606	-0.214387533	-0.215904696	-0.287102312	-0.207846616	-0.182504536	-0.204688182	-0.225946854	-0.225423654	3.825031707	-0.21580012	-0.225355399	-0.226073413	LumB
226	-2.602319177	-1.458907903	-0.252194661	-0.248656506	-0.237485435	-0.29066859	-0.351657306	-0.316610563	-0.278717265	-0.216715518	-0.248482936	-0.246684533	-0.119356096	-0.266819597	-0.026083008	-0.243134111	-0.308270396	1.539767013	-0.212469259	-0.318655606	-0.214387533	-0.215904696	-0.287102312	-0.207846616	-0.182504536	-0.204688182	-0.225946854	-0.225423654	-0.184737669	-0.21580012	-0.225355399	-0.226073413	LumA
227	-2.510266992	-0.19356292	-0.252194661	3.811092949	-0.237485435	-0.29066859	-0.351657306	-0.316610563	-0.278717265	-0.216715518	-4.16412191	-0.246684533	-0.119356096	-0.266819597	-0.026083008	-0.243134111	-0.308270396	-0.464313969	-0.212469259	1.896478735	-0.214387533	-0.215904696	-0.287102312	-0.207846616	-0.182504536	-0.204688182	-0.225946854	-0.225423654	-0.184737669	-0.21580012	-0.225355399	-0.226073413	LumA
228	-1.619347165	-0.671517278	-0.252194661	-0.248656506	3.834389461	-0.29066859	-0.351657306	-0.316610563	-0.278717265	-0.216715518	-0.248482936	-0.246684533	-0.119356096	-0.266819597	-0.026083008	-0.243134111	-0.308270396	-0.464313969	-0.212469259	-0.318655606	-0.214387533	-0.215904696	-0.287102312	-0.207846616	-0.182504536	-0.204688182	-0.225946854	-0.225423654	-0.184737669	-0.21580012	-0.225355399	-0.226073413	Normal
229	-2.356654541	-1.376550988	-0.252194661	-0.248656506	-0.237485435	-0.29066859	-0.351657306	-0.316610563	2.690618033	-0.216715518	-0.248482936	-0.246684533	-0.119356096	-0.266819597	-0.026083008	-0.243134111	-0.308270396	1.776663871	-0.212469259	-0.318655606	-0.214387533	-0.215904696	-0.287102312	-0.207846616	-0.182504536	-0.204688182	-0.225946854	-0.225423654	-0.184737669	-0.21580012	-0.225355399	-0.226073413	LumA
231	-1.569885463	0.426837797	-0.252194661	2.74095742	-0.237485435	3.266114292	-0.351657306	-0.316610563	-0.278717265	4.067652388	-0.248482936	-0.246684533	-0.119356096	-0.266819597	-0.026083008	-0.243134111	-0.308270396	-0.464313969	-0.212469259	-0.318655606	-0.214387533	-0.215904696	-0.287102312	-0.207846616	-0.182504536	-0.204688182	-0.225946854	-0.225423654	-0.184737669	-0.21580012	-0.225355399	-0.226073413	LumA
233	-2.188105743	0.789071585	3.327534539	-0.248656506	-0.237485435	-0.29066859	-0.351657306	-0.316610563	-0.278717265	-0.216715518	-0.248482936	-0.246684533	-0.119356096	-0.266819597	-0.026083008	-0.243134111	-0.308270396	-0.464313969	-0.212469259	-0.318655606	-0.214387533	-0.215904696	-0.287102312	-0.207846616	-0.182504536	-0.204688182	-0.225946854	-0.225423654	-0.184737669	-0.21580012	-0.225355399	-0.226073413	LumA
234	-2.662326044	-0.849033388	3.436194286	-0.248656506	-0.237485435	-0.29066859	-0.351657306	-0.316610563	-0.278717265	-0.216715518	-0.248482936	-0.246684533	-0.119356096	-0.266819597	-0.026083008	-0.243134111	-0.308270396	-0.464313969	-0.212469259	-0.318655606	-0.214387533	-0.215904696	-0.287102312	-0.207846616	-0.182504536	-0.204688182	-0.225946854	-0.225423654	-0.184737669	-0.21580012	-0.225355399	-0.226073413	LumB
235	-1.722389265	-0.764845288	-0.252194661	-0.248656506	-0.237485435	-0.29066859	-0.351657306	-0.316610563	-0.278717265	-0.216715518	-0.248482936	-0.246684533	-0.119356096	-0.266819597	-0.026083008	-0.243134111	-0.308270396	-0.464313969	-0.212469259	-0.318655606	-0.214387533	-0.215904696	-0.287102312	-0.207846616	-0.182504536	-0.204688182	-0.225946854	-0.225423654	3.825031707	-0.21580012	-0.225355399	-0.226073413	LumA
236	-0.787229828	-0.527554898	-0.252194661	-0.248656506	-0.237485435	-0.29066859	-0.351657306	-0.316610563	-0.278717265	-0.216715518	-0.248482936	-0.246684533	-0.119356096	-0.266819597	-0.026083008	-0.243134111	-0.308270396	-0.464313969	-0.212469259	2.230272066	-0.214387533	-0.215904696	-0.287102312	-0.207846616	-0.182504536	-0.204688182	-0.225946854	-0.225423654	-0.184737669	-0.21580012	-0.225355399	-0.226073413	LumA
239	-1.49491826	-0.464722578	-0.252194661	3.811092949	3.834389461	-0.29066859	-0.351657306	-0.316610563	-0.278717265	-0.216715518	-0.248482936	-0.246684533	-0.119356096	-0.266819597	-0.026083008	-0.243134111	2.778910949	2.176405229	-0.212469259	-0.318655606	-0.214387533	-0.215904696	-0.287102312	-0.207846616	-0.182504536	-0.204688182	-0.225946854	-0.225423654	-0.184737669	-0.21580012	-0.225355399	-0.226073413	LumA
242	-2.662326044	0.467368529	-0.252194661	-0.248656506	-0.237485435	-0.29066859	-0.351657306	-0.316610563	-0.278717265	-0.216715518	-0.248482936	-0.246684533	-0.119356096	-0.266819597	-0.026083008	-0.243134111	-0.308270396	-0.464313969	-0.212469259	-0.318655606	-0.214387533	-0.215904696	-0.287102312	-0.207846616	-0.182504536	-0.204688182	-0.225946854	-0.225423654	-0.184737669	-0.21580012	-0.225355399	-0.226073413	LumB
243	-2.276740998	-1.227005966	-0.252194661	-0.248656506	-0.237485435	-0.29066859	-0.351657306	-0.316610563	-0.278717265	4.121964595	-0.248482936	-0.246684533	-0.119356096	-0.266819597	-0.026083008	-0.243134111	1.657202656	-0.464313969	-0.212469259	-0.318655606	-0.214387533	-0.215904696	-0.287102312	-0.207846616	-0.182504536	-0.204688182	-0.225946854	-0.225423654	-0.184737669	-0.21580012	-0.225355399	-0.226073413	LumB
244	-2.523217684	2.92106264	-0.252194661	-0.248656506	-0.237485435	-0.29066859	-0.351657306	-0.316610563	-0.278717265	-0.216715518	-0.248482936	-0.246684533	-0.119356096	-0.266819597	-0.026083008	-0.243134111	-0.308270396	-0.464313969	-0.212469259	-0.318655606	-0.214387533	-0.215904696	-0.287102312	-0.207846616	-0.182504536	-0.204688182	-0.225946854	-0.225423654	-0.184737669	-0.21580012	-0.225355399	-0.226073413	Normal
245	-2.182608843	-1.376550988	-0.252194661	-0.248656506	-0.237485435	-0.29066859	-0.351657306	-0.316610563	-0.278717265	-0.216715518	-0.248482936	-0.246684533	-0.119356096	-0.266819597	-0.026083008	-0.243134111	-0.308270396	-0.464313969	-0.212469259	-0.318655606	-0.214387533	-0.215904696	-0.287102312	-0.207846616	-0.182504536	-0.204688182	-0.225946854	-0.225423654	-0.184737669	-0.21580012	-0.225355399	-0.226073413	LumA
248	-2.472293832	-0.492116983	-0.252194661	-0.248656506	-0.237485435	-0.29066859	-0.351657306	2.553269008	-0.278717265	-0.216715518	-0.248482936	3.637583228	-0.119356096	-0.266819597	3.611213813	-0.243134111	-0.308270396	-0.464313969	-0.212469259	-0.318655606	-0.214387533	-0.215904696	-0.287102312	-0.207846616	-0.182504536	-0.204688182	-0.225946854	-0.225423654	-0.184737669	-0.21580012	-0.225355399	-0.226073413	LumA
249	10.19800356	-1.376550988	-0.252194661	-0.248656506	-0.237485435	-0.29066859	-0.351657306	-0.316610563	-0.278717265	-0.216715518	-0.248482936	3.637583228	-0.119356096	-0.266819597	-0.026083008	-0.243134111	-0.308270396	-0.464313969	-0.212469259	-0.318655606	-0.214387533	-0.215904696	-0.287102312	-0.207846616	-0.182504536	-0.204688182	-0.225946854	-0.225423654	-0.184737669	-0.21580012	-0.225355399	-0.226073413	Her2
253	-2.354047045	3.616006894	-0.252194661	-0.248656506	-0.237485435	-0.29066859	2.889688466	-0.316610563	-0.278717265	-0.216715518	-0.248482936	-0.246684533	-0.119356096	-0.266819597	-0.026083008	-0.243134111	-0.308270396	-0.464313969	-0.212469259	-0.318655606	-0.214387533	-0.215904696	-0.287102312	-0.207846616	-0.182504536	-0.204688182	-0.225946854	-0.225423654	-0.184737669	-0.21580012	-0.225355399	-0.226073413	Normal
256	-2.510902115	-0.234789343	-0.252194661	-0.248656506	-0.237485435	-0.29066859	-0.351657306	-3.186490134	-0.278717265	-0.216715518	-0.248482936	-0.246684533	-0.119356096	-0.266819597	-0.026083008	-0.243134111	1.657202656	-0.464313969	-0.212469259	-0.318655606	-0.214387533	-0.215904696	-0.287102312	-0.207846616	-0.182504536	-0.204688182	-0.225946854	-0.225423654	-0.184737669	-0.21580012	-0.225355399	-0.226073413	LumA
257	-2.407731447	-0.979547362	-0.252194661	-0.248656506	-0.237485435	-0.29066859	-0.351657306	-0.316610563	-0.278717265	-0.216715518	-0.248482936	-0.246684533	-0.119356096	-0.266819597	-0.026083008	-0.243134111	-0.308270396	-0.464313969	-0.212469259	-0.318655606	-0.214387533	4.129240324	-0.287102312	-0.207846616	-0.182504536	-0.204688182	-0.225946854	-0.225423654	-0.184737669	-0.21580012	-0.225355399	-0.226073413	LumA
258	-2.662326044	1.534793369	-0.252194661	-0.248656506	-0.237485435	-0.29066859	-0.351657306	-0.316610563	-0.278717265	-0.216715518	-0.248482936	-0.246684533	-0.119356096	-0.266819597	-0.026083008	3.270103434	-0.308270396	-0.464313969	-0.212469259	-0.318655606	-0.214387533	-0.215904696	3.109757638	-0.207846616	-0.182504536	-0.204688182	-0.225946854	-0.225423654	3.825031707	-0.21580012	-0.225355399	-0.226073413	LumA
259	17.64226077	-2.697306713	-0.252194661	-0.248656506	-0.237485435	-0.29066859	-0.351657306	-0.316610563	-0.278717265	-0.216715518	-0.248482936	-0.246684533	-0.119356096	-0.266819597	-0.026083008	-0.243134111	-0.308270396	-0.464313969	-0.212469259	3.353165687	-0.214387533	-0.215904696	-0.287102312	-0.207846616	-4.945695833	-0.204688182	-0.225946854	-0.225423654	-0.184737669	3.888978296	-0.225355399	-4.188248838	Basal
260	-2.328466934	1.070709432	-0.252194661	-0.248656506	-0.237485435	-0.29066859	-0.351657306	-0.316610563	-0.278717265	-0.216715518	3.718555099	-0.246684533	-0.119356096	-0.266819597	3.337962204	3.270103434	-0.308270396	-0.464313969	-0.212469259	-0.318655606	-0.214387533	-0.215904696	-0.287102312	-0.207846616	-0.182504536	-0.204688182	-0.225946854	-0.225423654	-0.184737669	-0.21580012	-0.225355399	-0.226073413	LumA
261	-2.101232272	2.768835002	-0.252194661	-0.248656506	-0.237485435	-0.29066859	-0.351657306	-0.316610563	-0.278717265	-0.216715518	-0.248482936	-0.246684533	-0.119356096	-0.266819597	-0.026083008	3.270103434	-0.308270396	-0.464313969	-0.212469259	-0.318655606	-0.214387533	-0.215904696	-0.287102312	-0.207846616	-0.182504536	-0.204688182	-0.225946854	-0.225423654	-0.184737669	-0.21580012	-0.225355399	-0.226073413	LumB
262	-1.159841067	-1.376550988	-0.252194661	-0.248656506	-0.237485435	-0.29066859	-0.351657306	-0.316610563	-0.278717265	-0.216715518	-0.248482936	-0.246684533	-0.119356096	-0.266819597	-0.026083008	-0.243134111	-0.308270396	-0.464313969	-0.212469259	1.896478735	-0.214387533	-0.215904696	-0.287102312	-0.207846616	-0.182504536	-0.204688182	-0.225946854	-0.225423654	-0.184737669	-0.21580012	-0.225355399	3.736102011	Her2
263	-2.397769807	-0.269568967	-0.252194661	-0.248656506	-0.237485435	-0.29066859	-0.351657306	-0.316610563	-0.278717265	-0.216715518	-0.248482936	-0.246684533	-0.119356096	-0.266819597	-0.026083008	3.270103434	-0.308270396	-0.464313969	-0.212469259	-0.318655606	-0.214387533	-0.215904696	-0.287102312	-0.207846616	-0.182504536	-0.204688182	-0.225946854	-0.225423654	-0.184737669	-0.21580012	-0.225355399	-0.226073413	LumA
264	-1.115951678	-0.915068064	-0.252194661	-0.248656506	-0.237485435	-0.29066859	-0.351657306	-0.316610563	-0.278717265	-0.216715518	-0.248482936	-0.246684533	-0.119356096	2.408680029	-0.026083008	-0.243134111	-0.308270396	-0.464313969	-0.212469259	-0.318655606	-0.214387533	-0.215904696	-0.287102312	-0.207846616	-0.182504536	-0.204688182	-0.225946854	-0.225423654	-0.184737669	-0.21580012	-0.225355399	4.18262001	Her2
266	-2.662326044	-1.376550988	7.015923485	-0.248656506	4.388052183	-0.29066859	-0.351657306	-0.316610563	-0.278717265	-0.216715518	-0.248482936	-0.246684533	-0.119356096	-0.266819597	-0.026083008	-0.243134111	-0.308270396	-0.464313969	-0.212469259	-0.318655606	-0.214387533	-0.215904696	-0.287102312	-0.207846616	-0.182504536	-0.204688182	-0.225946854	-0.225423654	-0.184737669	-0.21580012	-0.225355399	-0.226073413	LumA
268	-1.939384897	-1.706561916	-0.252194661	-0.248656506	-0.237485435	-0.29066859	-0.351657306	-0.316610563	-0.278717265	-0.216715518	-0.248482936	-0.246684533	-0.119356096	-0.266819597	-0.026083008	-0.243134111	1.657202656	-0.464313969	-0.212469259	-0.318655606	-0.214387533	-0.215904696	-0.287102312	-0.207846616	-0.182504536	-0.204688182	-0.225946854	-0.225423654	-0.184737669	-0.21580012	-0.225355399	-0.226073413	LumB
270	0.292889223	0.612259156	-0.252194661	-0.248656506	-0.237485435	-0.29066859	-0.351657306	-0.316610563	-0.278717265	-0.216715518	-0.248482936	-0.246684533	-0.119356096	-0.266819597	-0.026083008	-0.243134111	-0.308270396	-0.464313969	-0.212469259	1.896478735	-0.214387533	-0.215904696	-0.287102312	-0.207846616	-0.182504536	-0.204688182	-0.225946854	-0.225423654	-0.184737669	-0.21580012	-0.225355399	4.18262001	LumB
272	-2.662326044	-0.176058812	-0.252194661	-0.248656506	-0.237485435	-0.29066859	-0.351657306	2.553269008	-0.278717265	-0.216715518	-0.248482936	-0.246684533	-0.119356096	-0.266819597	-0.026083008	-0.243134111	-0.308270396	-0.464313969	-0.212469259	-0.318655606	-0.214387533	-0.215904696	-0.287102312	-0.207846616	-0.182504536	-0.204688182	-0.225946854	-0.225423654	-0.184737669	-0.21580012	-0.225355399	-0.226073413	LumB
273	-1.595322563	-0.545292322	3.436194286	-0.248656506	-0.237485435	-0.29066859	-0.351657306	-0.316610563	-0.278717265	-0.216715518	-0.248482936	-0.246684533	-0.119356096	-0.266819597	-0.026083008	-0.243134111	-0.308270396	-0.464313969	-0.212469259	-0.318655606	-0.214387533	-0.215904696	-0.287102312	-0.207846616	-0.182504536	-0.204688182	-0.225946854	-0.225423654	-0.184737669	-0.21580012	-0.225355399	-0.226073413	LumA
278	11.77373154	-1.706561916	-0.252194661	-0.248656506	-0.237485435	-0.29066859	-0.351657306	-0.316610563	-0.278717265	-0.216715518	-0.248482936	-0.246684533	-0.119356096	-0.266819597	-0.026083008	-0.243134111	-0.308270396	-0.464313969	-0.212469259	-0.318655606	-0.214387533	-0.215904696	-0.287102312	-0.207846616	-0.182504536	-0.204688182	-0.225946854	-0.225423654	-0.184737669	-0.21580012	-0.225355399	-0.226073413	Basal
280	-1.197021669	1.163841496	-0.252194661	-0.248656506	-0.237485435	-0.29066859	-0.351657306	-0.316610563	-0.278717265	-0.216715518	-0.248482936	-0.246684533	-0.119356096	-0.266819597	3.763070347	3.270103434	-0.308270396	2.176405229	-0.212469259	-0.318655606	-0.214387533	-0.215904696	2.3994378	-0.207846616	-0.182504536	-0.204688182	3.635236175	-0.225423654	-0.184737669	8.234123316	-0.225355399	-0.226073413	Normal
287	-2.662326044	0.458016054	-0.252194661	-0.248656506	-0.237485435	-0.29066859	-0.351657306	-0.316610563	-0.278717265	4.067652388	-0.248482936	-0.246684533	-0.119356096	-0.266819597	-0.026083008	-0.243134111	-0.308270396	2.176405229	-0.212469259	1.896478735	-0.214387533	-0.215904696	-0.287102312	-0.207846616	-0.182504536	-0.204688182	-0.225946854	-0.225423654	-0.184737669	-0.21580012	-0.225355399	-0.226073413	LumB
288	-1.340203983	-1.376550988	-0.252194661	-0.248656506	-0.237485435	-0.29066859	-0.351657306	-0.316610563	-0.278717265	-0.216715518	-0.248482936	-0.246684533	-0.119356096	-0.266819597	-0.026083008	-0.243134111	-0.308270396	-0.464313969	-0.212469259	-0.318655606	-0.214387533	-0.215904696	-0.287102312	-0.207846616	-0.182504536	-0.204688182	-0.225946854	-0.225423654	-0.184737669	-0.21580012	-0.225355399	-0.226073413	Normal
290	-2.662326044	0.750363861	-0.252194661	-0.248656506	-0.237485435	-0.29066859	-0.351657306	-0.316610563	-0.278717265	-0.216715518	-0.248482936	-0.246684533	-0.119356096	-0.266819597	-0.026083008	-0.243134111	-0.308270396	-0.464313969	-0.212469259	-0.318655606	-0.214387533	-0.215904696	-0.287102312	-0.207846616	-0.182504536	3.900090233	-0.225946854	-0.225423654	-0.184737669	-0.21580012	-0.225355399	-0.226073413	LumA
291	3.166282877	-2.257931962	-0.252194661	-0.248656506	-0.237485435	-0.29066859	-0.351657306	-0.316610563	-0.278717265	-0.216715518	-0.248482936	-0.246684533	-0.119356096	-0.266819597	-0.026083008	-0.243134111	-0.308270396	-0.464313969	-0.212469259	3.353165687	-0.214387533	-0.215904696	-0.287102312	-0.207846616	-0.182504536	-4.309466597	-0.225946854	-0.225423654	-0.184737669	-0.21580012	-0.225355399	-0.226073413	LumB
292	9.305429056	-1.706561916	-0.252194661	-0.248656506	-0.237485435	-0.29066859	-0.351657306	-0.316610563	-0.278717265	-0.216715518	-0.248482936	-0.246684533	-0.119356096	-0.266819597	-0.026083008	-0.243134111	-0.308270396	-0.464313969	-0.212469259	-0.318655606	-0.214387533	-0.215904696	-0.287102312	-0.207846616	-0.182504536	-0.204688182	-0.225946854	-0.225423654	-0.184737669	-0.21580012	-0.225355399	-0.226073413	Her2
294	-1.411430723	-1.376550988	2.749125977	-0.248656506	-0.237485435	-0.29066859	-0.351657306	-0.316610563	-0.278717265	-0.216715518	-0.248482936	-0.246684533	-0.119356096	-0.266819597	-0.026083008	-0.243134111	6.650917221	1.776663871	-0.212469259	2.230272066	-0.214387533	-0.215904696	-0.287102312	-0.207846616	-0.182504536	-0.204688182	-0.225946854	-0.225423654	-0.184737669	-0.21580012	-0.225355399	-0.226073413	Normal
295	-2.450942478	0.36365493	-0.252194661	-0.248656506	-0.237485435	-0.29066859	-0.351657306	-0.316610563	-0.278717265	-0.216715518	-0.248482936	-0.246684533	-0.119356096	-0.266819597	-0.026083008	-0.243134111	-0.308270396	1.488571256	-0.212469259	-0.318655606	-0.214387533	-0.215904696	-0.287102312	-0.207846616	4.580686761	-0.204688182	-0.225946854	-0.225423654	-0.184737669	-0.21580012	-0.225355399	-0.226073413	LumA
301	-2.474281761	-0.979547362	-0.252194661	-0.248656506	-0.237485435	-0.29066859	-0.351657306	-0.316610563	-0.278717265	-0.216715518	-0.248482936	-0.246684533	-0.119356096	-0.266819597	-0.026083008	-0.243134111	-0.308270396	-0.464313969	-0.212469259	-0.318655606	-0.214387533	-0.215904696	-0.287102312	-0.207846616	-0.182504536	-0.204688182	4.126112021	-0.225423654	7.075645802	-0.21580012	-0.225355399	-0.226073413	LumA
302	-2.662326044	-1.376550988	-0.252194661	-0.248656506	3.834389461	-0.29066859	-0.351657306	-0.316610563	-0.278717265	-0.216715518	-0.248482936	-0.246684533	4.219324018	-0.266819597	-0.026083008	-0.243134111	-0.308270396	-0.464313969	-0.212469259	-0.318655606	-0.214387533	-0.215904696	-0.287102312	-0.207846616	-0.182504536	-0.204688182	-0.225946854	-0.225423654	-0.184737669	-0.21580012	-0.225355399	-0.226073413	LumA
304	-0.070751398	0.529839499	3.327534539	-0.248656506	-0.237485435	-0.29066859	-0.351657306	3.176402342	2.708159186	-0.216715518	5.254515245	-0.246684533	-0.119356096	2.818457796	-0.026083008	3.270103434	-0.308270396	1.495584521	-0.212469259	5.568300028	-0.214387533	-0.215904696	2.38659965	-0.207846616	-0.182504536	-0.204688182	-0.225946854	-0.225423654	7.075645802	-0.21580012	-0.225355399	-0.226073413	LumB
305	-2.568728716	-1.376550988	-0.252194661	-0.248656506	-0.237485435	-0.29066859	-0.351657306	-0.316610563	-0.278717265	-0.216715518	1.338876272	-0.246684533	-0.119356096	-0.266819597	-0.026083008	-0.243134111	-0.308270396	-0.464313969	-0.212469259	-0.318655606	-0.214387533	-0.215904696	-0.287102312	-0.207846616	-0.182504536	-0.204688182	-0.225946854	-0.225423654	3.825031707	-0.21580012	-0.225355399	-0.226073413	Normal
306	-0.192803291	-1.706561916	-0.252194661	-0.248656506	-0.237485435	-0.29066859	-0.351657306	-0.316610563	-0.278717265	-0.216715518	-0.248482936	-0.246684533	-0.119356096	-0.266819597	-0.026083008	-0.243134111	-0.308270396	-0.464313969	-0.212469259	-0.318655606	-0.214387533	-0.215904696	-0.287102312	-0.207846616	-0.182504536	-0.204688182	-0.225946854	-0.225423654	-0.184737669	-0.21580012	-0.225355399	-0.226073413	LumA
308	-2.662326044	-0.864439581	-0.252194661	-0.248656506	8.459927079	-0.29066859	-0.351657306	-0.316610563	-0.278717265	-0.216715518	-0.248482936	-0.246684533	-6.583617558	-0.266819597	-0.026083008	-0.243134111	-0.308270396	-0.464313969	-0.212469259	5.176572622	-0.214387533	-0.215904696	-0.287102312	-0.207846616	-0.182504536	-0.204688182	-0.225946854	-0.225423654	-0.184737669	-0.21580012	-0.225355399	-0.226073413	LumA
309	-2.384439384	-1.08256967	-0.252194661	-0.248656506	-0.237485435	-0.29066859	-0.351657306	-0.316610563	-0.278717265	-0.216715518	-0.248482936	-0.246684533	-0.119356096	-0.266819597	-0.026083008	-0.243134111	-0.308270396	-0.464313969	-0.212469259	-0.318655606	-0.214387533	-0.215904696	-0.287102312	-0.207846616	-0.182504536	-0.204688182	-0.225946854	-0.225423654	-0.184737669	-0.21580012	-0.225355399	-0.226073413	LumA
310	-2.114004984	-1.227005966	-0.252194661	-0.248656506	-0.237485435	-0.29066859	-0.351657306	-0.316610563	-0.278717265	-0.216715518	-0.248482936	-0.246684533	-0.119356096	-0.266819597	-0.026083008	-0.243134111	-0.308270396	-0.464313969	-0.212469259	-0.318655606	-0.214387533	-0.215904696	-0.287102312	-0.207846616	-0.182504536	-0.204688182	-0.225946854	-0.225423654	-0.184737669	-0.21580012	-0.225355399	4.18262001	LumA
311	-1.528744364	0.206284049	-0.252194661	-0.248656506	-0.237485435	-0.29066859	-0.351657306	-0.316610563	-0.278717265	-0.216715518	-0.248482936	-0.246684533	-0.119356096	-0.266819597	-0.026083008	-0.243134111	1.657202656	-0.464313969	-0.212469259	-0.318655606	-0.214387533	4.129240324	-0.287102312	-0.207846616	-0.182504536	-0.204688182	-0.225946854	-0.225423654	-0.184737669	-0.21580012	-0.225355399	-0.226073413	LumB
312	-2.662326044	-1.376550988	3.436194286	-0.248656506	-0.237485435	-0.29066859	-0.351657306	-0.316610563	-0.278717265	-0.216715518	-0.248482936	-0.246684533	-0.119356096	-0.266819597	-0.026083008	-0.243134111	-0.308270396	1.488571256	-0.212469259	-0.318655606	-0.214387533	-0.215904696	2.498109681	-0.207846616	-0.182504536	-0.204688182	-0.225946854	-0.225423654	-0.184737669	-0.21580012	-0.225355399	-0.226073413	LumB
313	2.026916719	-0.38948685	-0.252194661	-0.248656506	-0.237485435	-0.29066859	-0.351657306	-0.316610563	2.462416534	-0.216715518	-0.248482936	-0.246684533	10.68358548	-0.266819597	3.763070347	-0.243134111	-0.308270396	-0.464313969	-0.212469259	3.353165687	-0.214387533	-0.215904696	5.79629775	-0.207846616	-0.182504536	-0.204688182	-0.225946854	-0.225423654	-0.184737669	-0.21580012	-0.225355399	-0.226073413	LumB
314	10.69132002	-1.706561916	-0.252194661	-0.248656506	-0.237485435	-0.29066859	-0.351657306	2.553269008	-0.278717265	-0.216715518	-0.248482936	-0.246684533	-0.119356096	-0.266819597	-0.026083008	-0.243134111	-0.308270396	-0.464313969	-0.212469259	-0.318655606	-0.214387533	-0.215904696	-0.287102312	-0.207846616	-0.182504536	-0.204688182	-0.225946854	-0.225423654	-0.184737669	3.888978296	-0.225355399	-0.226073413	Her2
315	-1.73053593	-0.979547362	-0.252194661	-0.248656506	3.834389461	-0.29066859	-0.351657306	-0.316610563	-0.278717265	-0.216715518	1.338876272	3.812521364	-0.119356096	-0.266819597	-0.026083008	-0.243134111	5.529208929	-0.464313969	-0.212469259	-0.318655606	-0.214387533	-0.215904696	-0.287102312	-0.207846616	-0.182504536	-0.204688182	-0.225946854	-0.225423654	-0.184737669	-0.21580012	-0.225355399	-0.226073413	LumA
316	6.154104971	-0.716347745	-0.252194661	-0.248656506	-0.237485435	-0.29066859	-0.351657306	-0.316610563	-0.278717265	-0.216715518	-0.248482936	-0.246684533	-0.119356096	2.818457796	-0.026083008	-0.243134111	-0.308270396	-0.464313969	-0.212469259	-0.318655606	-0.214387533	-0.215904696	-0.287102312	-0.207846616	-0.182504536	-0.204688182	-0.225946854	-0.225423654	-0.184737669	-0.21580012	-0.225355399	-0.226073413	Basal
317	-2.446782963	-1.059711814	-0.252194661	-0.248656506	-0.237485435	-0.29066859	-0.351657306	-0.316610563	-0.278717265	-0.216715518	-0.248482936	3.812521364	-0.119356096	-0.266819597	-0.026083008	-0.243134111	-0.308270396	2.176405229	-0.212469259	2.961438281	-0.214387533	-0.215904696	-0.287102312	-0.207846616	-0.182504536	4.263932627	-0.225946854	-0.225423654	-0.184737669	-0.21580012	-0.225355399	-0.226073413	LumA
318	4.408837369	-0.400455627	-0.252194661	-0.248656506	-0.237485435	-0.29066859	-0.351657306	-0.316610563	-0.278717265	-0.216715518	-0.248482936	-0.246684533	-0.119356096	-0.266819597	-0.026083008	-0.243134111	1.533509197	-0.464313969	-0.212469259	-0.318655606	-0.214387533	-0.215904696	-0.287102312	-0.207846616	-0.182504536	-0.204688182	-0.225946854	-0.225423654	-0.184737669	-0.21580012	-0.225355399	-0.226073413	Normal
319	-2.189033706	-0.160289511	-0.252194661	-0.248656506	-0.237485435	-0.29066859	-0.351657306	-0.316610563	-0.278717265	-0.216715518	5.254515245	-0.246684533	-0.119356096	-0.266819597	-0.026083008	-0.243134111	-0.308270396	-0.464313969	-0.212469259	-0.318655606	-0.214387533	-0.215904696	-0.287102312	-0.207846616	-0.182504536	-0.204688182	-0.225946854	-0.225423654	-0.184737669	-0.21580012	-0.225355399	4.18262001	LumB
320	-2.662326044	-1.227005966	-0.252194661	-0.248656506	4.388052183	-0.29066859	-0.351657306	-0.316610563	-0.278717265	-0.216715518	-0.248482936	-0.246684533	-0.119356096	-0.266819597	-0.026083008	-0.243134111	-0.308270396	1.488571256	-0.212469259	-0.318655606	-0.214387533	-0.215904696	-0.287102312	-0.207846616	-0.182504536	-0.204688182	-0.225946854	-0.225423654	-0.184737669	-0.21580012	-0.225355399	-0.226073413	LumA
321	-0.902328324	-0.668100185	-0.252194661	-0.248656506	-0.237485435	-0.29066859	-0.351657306	-0.316610563	-0.278717265	-0.216715518	-0.248482936	-0.246684533	-0.119356096	-0.266819597	-0.026083008	-0.243134111	-0.308270396	-0.464313969	-0.212469259	-0.318655606	-0.214387533	-0.215904696	-0.287102312	-0.207846616	-0.182504536	-0.204688182	-0.225946854	-0.225423654	-0.184737669	-0.21580012	-0.225355399	-0.226073413	LumA
322	-1.497897665	-1.706561916	-0.252194661	-0.248656506	-0.237485435	2.842891314	-0.351657306	-0.316610563	-0.278717265	-0.216715518	-0.248482936	-0.246684533	-0.119356096	-0.266819597	-0.026083008	-0.243134111	-0.308270396	-0.464313969	-0.212469259	-0.318655606	-0.214387533	-0.215904696	-0.287102312	-0.207846616	-0.182504536	-0.204688182	-0.225946854	-0.225423654	-0.184737669	-0.21580012	-0.225355399	-0.226073413	LumA
324	-2.281412549	-0.76633059	3.436194286	-0.248656506	-0.237485435	-0.29066859	-0.351657306	-0.316610563	-0.278717265	-0.216715518	-0.248482936	-0.246684533	-0.119356096	-0.266819597	-0.026083008	-0.243134111	-0.308270396	-0.464313969	-0.212469259	-0.318655606	-0.214387533	-0.215904696	-0.287102312	-0.207846616	-0.182504536	-0.204688182	-0.225946854	-0.225423654	-0.184737669	-0.21580012	-0.225355399	-0.226073413	LumA
325	6.008038601	-0.515179514	-0.252194661	2.74095742	-0.237485435	-0.29066859	-0.351657306	-0.316610563	5.677494483	-0.216715518	-0.248482936	-0.246684533	-0.119356096	-0.266819597	-0.026083008	-0.243134111	-0.308270396	-0.464313969	-0.212469259	-0.318655606	-0.214387533	-0.215904696	-0.287102312	-0.207846616	-0.182504536	-0.204688182	-0.225946854	-0.225423654	-0.184737669	-0.21580012	-0.225355399	3.736102011	LumB
328	2.204654757	-1.376550988	-0.252194661	-0.248656506	-0.237485435	-0.29066859	-0.351657306	-0.316610563	-0.278717265	-0.216715518	-0.248482936	-0.246684533	-0.119356096	-0.266819597	-0.026083008	-0.243134111	-0.308270396	-0.464313969	-0.212469259	-0.318655606	4.248107679	-0.215904696	-0.287102312	-0.207846616	-0.182504536	-0.204688182	-0.225946854	-0.225423654	-0.184737669	-0.21580012	-0.225355399	-0.226073413	LumB
336	-1.316297102	-0.809625562	-0.252194661	-0.248656506	-0.237485435	-0.29066859	-0.351657306	-0.316610563	-0.278717265	8.406332501	-0.248482936	-0.246684533	-0.119356096	-0.266819597	3.763070347	-0.243134111	-0.308270396	1.488571256	-0.212469259	-0.318655606	-0.214387533	-0.215904696	-0.287102312	-0.207846616	-0.182504536	-0.204688182	-0.225946854	-0.225423654	-0.184737669	-0.21580012	-0.225355399	-0.226073413	LumB
339	-2.233858985	0.320442653	-0.252194661	-0.248656506	-0.237485435	-0.29066859	-0.351657306	-0.316610563	-0.278717265	-0.216715518	-0.248482936	-0.246684533	-0.119356096	-0.266819597	-0.026083008	-0.243134111	-0.308270396	2.176405229	-0.212469259	3.353165687	-0.214387533	-0.215904696	-0.287102312	-0.207846616	-0.182504536	4.263932627	-0.225946854	-0.225423654	-0.184737669	-0.21580012	-0.225355399	-0.226073413	LumB
340	12.43996459	-2.191492521	-0.252194661	-0.248656506	-0.237485435	-0.29066859	-0.351657306	-0.316610563	-0.278717265	-0.216715518	-0.248482936	-0.246684533	-0.119356096	-0.266819597	-0.026083008	-0.243134111	-0.308270396	-0.464313969	-0.212469259	-0.318655606	-0.214387533	-0.215904696	-0.287102312	-0.207846616	4.089494615	-0.204688182	-0.225946854	-0.225423654	-0.184737669	-0.21580012	-0.225355399	-0.226073413	Basal
341	-1.331973239	-0.48468133	-0.252194661	-0.248656506	-0.237485435	-0.29066859	-0.351657306	-0.316610563	-0.278717265	-0.216715518	-0.248482936	-0.246684533	-0.119356096	-0.266819597	-0.026083008	-0.243134111	-0.308270396	-0.464313969	-0.212469259	-0.318655606	-0.214387533	-0.215904696	-0.287102312	-0.207846616	-0.182504536	-0.204688182	-0.225946854	-0.225423654	-0.184737669	-0.21580012	-0.225355399	-0.226073413	LumA
342	-2.354262947	-1.376550988	-0.252194661	-0.248656506	8.459927079	-0.29066859	-0.351657306	-0.316610563	-0.278717265	-0.216715518	3.282939861	-0.246684533	-0.119356096	-0.266819597	-0.026083008	-0.243134111	-0.308270396	-0.464313969	-0.212469259	-0.318655606	-0.214387533	-0.215904696	-0.287102312	-0.207846616	-0.182504536	-0.204688182	-0.225946854	-0.225423654	-0.184737669	-0.21580012	-0.225355399	-0.226073413	Normal
343	-2.21086997	-0.35307808	-0.252194661	-0.248656506	-0.237485435	-0.29066859	-0.351657306	-0.316610563	-0.278717265	-0.216715518	-0.248482936	-0.246684533	-0.119356096	-0.266819597	-0.026083008	-0.243134111	-0.308270396	2.176405229	-0.212469259	-0.318655606	-0.214387533	-0.215904696	-0.287102312	-0.207846616	4.089494615	-0.204688182	-0.225946854	-0.225423654	-0.184737669	-0.21580012	-0.225355399	-0.226073413	Normal
345	-2.230714154	-0.286950336	-0.252194661	-0.248656506	-0.237485435	-0.29066859	-0.351657306	-0.316610563	-0.278717265	-0.216715518	-0.248482936	-0.246684533	-0.119356096	-0.266819597	-0.026083008	-0.243134111	-0.308270396	1.488571256	-0.212469259	-0.318655606	-0.214387533	-0.215904696	-0.287102312	-0.207846616	-0.182504536	-0.204688182	-0.225946854	-0.225423654	-0.184737669	-0.21580012	-0.225355399	-0.226073413	LumA
348	-2.551646029	4.033035539	3.327534539	-0.248656506	-0.237485435	-0.29066859	-0.351657306	-0.316610563	-0.278717265	-0.216715518	-0.248482936	3.637583228	-0.119356096	-0.266819597	-0.026083008	-0.243134111	-0.308270396	-0.464313969	-0.212469259	-0.318655606	-0.214387533	-0.215904696	-0.287102312	-0.207846616	-0.182504536	-0.204688182	-0.225946854	-0.225423654	-0.184737669	-0.21580012	-0.225355399	-0.226073413	LumA
349	-1.438102205	-0.730798155	-0.252194661	-0.248656506	-0.237485435	-0.29066859	-0.351657306	-0.316610563	-0.278717265	-0.216715518	-0.248482936	-0.246684533	-0.119356096	-0.266819597	-0.026083008	-0.243134111	-0.308270396	-0.464313969	-0.212469259	-0.318655606	8.263968306	-0.215904696	-0.287102312	-0.207846616	-0.182504536	-0.204688182	-0.225946854	-0.225423654	-0.184737669	-0.21580012	-0.225355399	8.144795434	LumB
350	11.60127069	-1.911379384	-0.252194661	-0.248656506	-0.237485435	-0.29066859	1.459868307	-0.316610563	-0.278717265	4.121964595	3.718555099	-0.246684533	-0.119356096	-0.266819597	-0.026083008	-0.243134111	-0.308270396	-0.464313969	-0.212469259	-0.318655606	-0.214387533	4.653870979	-0.287102312	-0.207846616	-0.182504536	-0.204688182	-0.225946854	-0.225423654	-0.184737669	-0.21580012	-0.225355399	-0.226073413	Basal
353	-1.563345029	-1.706561916	-0.252194661	-0.248656506	-0.237485435	-0.29066859	-0.351657306	-0.316610563	-0.278717265	8.406332501	-0.248482936	-0.246684533	-0.119356096	-0.266819597	-0.026083008	-0.243134111	-0.308270396	1.488571256	-0.212469259	-0.318655606	-0.214387533	-0.215904696	-0.287102312	4.561689904	-0.182504536	-0.204688182	-0.225946854	-0.225423654	-0.184737669	3.888978296	-0.225355399	-0.226073413	LumA
356	-2.427345691	-0.512522213	-0.252194661	-0.248656506	-0.237485435	-0.29066859	-0.351657306	-0.316610563	-0.278717265	-0.216715518	-0.248482936	-0.246684533	-0.119356096	-0.266819597	-0.026083008	-0.243134111	-0.308270396	-0.464313969	-0.212469259	-0.318655606	-0.214387533	-0.215904696	-0.287102312	-0.207846616	-0.182504536	-0.204688182	-0.225946854	-0.225423654	-0.184737669	-0.21580012	-0.225355399	-0.226073413	LumA
358	0.799607547	-1.706561916	-0.252194661	-0.248656506	-0.237485435	-0.29066859	-0.351657306	-0.316610563	-0.278717265	-0.216715518	-0.248482936	-0.246684533	-0.119356096	-0.266819597	-0.026083008	-0.243134111	-0.308270396	-0.464313969	-0.212469259	-0.318655606	-4.676882746	-0.215904696	-0.287102312	-0.207846616	-0.182504536	-0.204688182	-0.225946854	-0.225423654	-0.184737669	-0.21580012	-0.225355399	-0.226073413	LumA
359	-2.478492553	-0.598325137	-0.252194661	-0.248656506	-0.237485435	-0.29066859	-0.351657306	-0.316610563	-0.278717265	-0.216715518	-0.248482936	-0.246684533	-0.119356096	-0.266819597	-0.026083008	-0.243134111	-0.308270396	-0.464313969	-0.212469259	-0.318655606	-0.214387533	-0.215904696	-0.287102312	-0.207846616	-0.182504536	-0.204688182	-0.225946854	-0.225423654	-0.184737669	-0.21580012	-0.225355399	-0.226073413	LumA
360	-2.662326044	-0.921327579	-0.252194661	-0.248656506	-0.237485435	-0.29066859	-0.351657306	-0.316610563	-0.278717265	-0.216715518	-0.248482936	-0.246684533	-0.119356096	-0.266819597	-0.026083008	-0.243134111	-0.308270396	-0.464313969	-0.212469259	2.230272066	-0.214387533	-0.215904696	-0.287102312	-0.207846616	-0.182504536	-0.204688182	-0.225946854	-0.225423654	-0.184737669	-0.21580012	-0.225355399	-0.226073413	LumB
361	8.03016416	-1.944379298	-0.252194661	-0.248656506	-0.237485435	-0.29066859	-0.351657306	-0.316610563	-0.278717265	-0.216715518	-0.248482936	-0.246684533	-0.119356096	-0.266819597	-0.026083008	-0.243134111	-0.308270396	-0.464313969	-0.212469259	-0.318655606	-0.214387533	-0.215904696	-0.287102312	-0.207846616	-0.182504536	-0.204688182	3.635236175	-0.225423654	-0.184737669	-0.21580012	-0.225355399	-0.226073413	Her2
362	-2.196278593	-1.706561916	-0.252194661	-0.248656506	-0.237485435	-0.29066859	-0.351657306	-0.316610563	-0.278717265	-0.216715518	-0.248482936	-0.246684533	-0.119356096	-0.266819597	-0.026083008	-0.243134111	-0.308270396	-0.464313969	-0.212469259	-0.318655606	-0.214387533	-0.215904696	-0.287102312	-0.207846616	-0.182504536	-0.204688182	-0.225946854	-0.225423654	-0.184737669	-0.21580012	-0.225355399	-0.226073413	LumA
363	-2.268695551	-1.227005966	-0.252194661	-0.248656506	-0.237485435	-0.29066859	-0.351657306	-0.316610563	-0.278717265	-0.216715518	-0.248482936	-0.246684533	-0.119356096	-0.266819597	-0.026083008	-0.243134111	-0.308270396	-0.464313969	-0.212469259	1.896478735	-0.214387533	-0.215904696	-0.287102312	-0.207846616	-0.182504536	-0.204688182	-0.225946854	-0.225423654	-0.184737669	-0.21580012	-0.225355399	-0.226073413	LumB
364	-2.31434037	-1.169284568	-0.252194661	-0.248656506	-0.237485435	-0.29066859	-0.351657306	-0.316610563	-0.278717265	-0.216715518	-0.248482936	-0.246684533	-0.119356096	-0.266819597	-0.026083008	-0.243134111	3.563735876	1.776663871	-0.212469259	-0.318655606	-0.214387533	-0.215904696	-0.287102312	-0.207846616	-0.182504536	-0.204688182	-0.225946854	-0.225423654	-0.184737669	-0.21580012	-0.225355399	-0.226073413	LumA
366	-2.054358359	2.313431446	-0.252194661	-0.248656506	-0.237485435	-0.29066859	-0.351657306	-0.316610563	-0.278717265	-0.216715518	-0.248482936	3.637583228	-0.119356096	-0.266819597	-0.026083008	-0.243134111	-0.308270396	-0.464313969	-0.212469259	-0.318655606	-0.214387533	-0.215904696	-0.287102312	-0.207846616	-0.182504536	-0.204688182	-0.225946854	-0.225423654	-0.184737669	-0.21580012	3.944902431	-0.226073413	LumA
368	-1.035775931	-0.293510428	-0.252194661	-0.248656506	-0.237485435	-0.29066859	-0.351657306	-0.316610563	-0.278717265	-0.216715518	-0.248482936	-0.246684533	-0.119356096	-0.266819597	-3.663379828	-0.243134111	-0.308270396	6.089188945	-0.212469259	-0.318655606	4.248107679	-0.215904696	-0.287102312	-0.207846616	-0.182504536	-0.204688182	-0.225946854	-0.225423654	-0.184737669	-0.21580012	-0.225355399	-0.226073413	LumB
369	-1.600654623	1.927949421	-0.252194661	-0.248656506	4.388052183	-0.29066859	-0.351657306	6.104235171	-0.278717265	-0.216715518	1.338876272	-0.246684533	-0.119356096	-0.266819597	3.611213813	-0.243134111	-0.308270396	6.377281559	-0.212469259	-0.318655606	-0.214387533	-0.215904696	5.79629775	-0.207846616	-0.182504536	-0.204688182	-0.225946854	-0.225423654	-0.184737669	-0.21580012	-0.225355399	-0.226073413	LumB
370	-0.358353706	-2.085790048	-0.252194661	-0.248656506	-0.237485435	-0.29066859	-0.351657306	-0.316610563	-0.278717265	-0.216715518	-0.248482936	-0.246684533	-0.119356096	-0.266819597	-0.026083008	-0.243134111	-4.180276669	-0.464313969	-0.212469259	-0.318655606	-0.214387533	-0.215904696	-0.287102312	-0.207846616	-0.182504536	-0.204688182	-0.225946854	-0.225423654	-0.184737669	-0.21580012	-0.225355399	-0.226073413	LumB
371	1.023683554	-0.449662649	-0.252194661	3.811092949	-0.237485435	-0.29066859	-0.351657306	-0.316610563	-0.278717265	-0.216715518	-0.248482936	-0.246684533	-0.119356096	-0.266819597	-0.026083008	-0.243134111	-0.308270396	-0.464313969	-0.212469259	-0.318655606	-0.214387533	-0.215904696	-0.287102312	-0.207846616	-0.182504536	-0.204688182	-0.225946854	-0.225423654	-0.184737669	-0.21580012	-0.225355399	-0.226073413	LumB
373	2.793207688	-1.706561916	-0.252194661	-0.248656506	-0.237485435	-0.29066859	1.459868307	-0.316610563	-0.278717265	-0.216715518	-0.248482936	-0.246684533	-0.119356096	-0.266819597	-0.026083008	-0.243134111	-0.308270396	-0.464313969	-0.212469259	-0.318655606	-0.214387533	-0.215904696	-0.287102312	-0.207846616	-0.182504536	-0.204688182	-0.225946854	-0.225423654	-0.184737669	-0.21580012	-0.225355399	-0.226073413	LumB
374	-1.595492975	-1.706561916	-0.252194661	-0.248656506	-0.237485435	-0.29066859	-0.351657306	2.611222267	-0.278717265	-0.216715518	-0.248482936	-0.246684533	-0.119356096	-0.266819597	-0.026083008	-0.243134111	-0.308270396	-0.464313969	-0.212469259	-0.318655606	-0.214387533	-0.215904696	-0.287102312	-0.207846616	-0.182504536	-0.204688182	4.126112021	-0.225423654	-0.184737669	-0.21580012	-0.225355399	-0.226073413	LumB
375	-0.979679059	-1.376550988	-0.252194661	-0.248656506	-0.237485435	-0.29066859	-0.351657306	-0.316610563	-0.278717265	-0.216715518	-0.248482936	-0.246684533	4.219324018	-0.266819597	-0.026083008	-0.243134111	-0.308270396	-0.464313969	-0.212469259	-0.318655606	-0.214387533	-0.215904696	-0.287102312	-0.207846616	-0.182504536	-0.204688182	-0.225946854	-0.225423654	-0.184737669	-0.21580012	-0.225355399	-0.226073413	Normal
378	14.2044151	-0.616018569	-0.252194661	6.800706875	-0.237485435	-0.29066859	-0.351657306	-0.316610563	-0.278717265	-0.216715518	1.338876272	-0.246684533	-0.119356096	2.818457796	-0.026083008	-0.243134111	-0.308270396	-0.464313969	-0.212469259	-0.318655606	-0.214387533	-0.215904696	-0.287102312	-0.207846616	-0.182504536	-0.204688182	-0.225946854	-0.225423654	-0.184737669	-0.21580012	-0.225355399	-0.226073413	Her2
379	-2.662326044	-1.376550988	-0.252194661	-0.248656506	-0.237485435	-0.29066859	-0.351657306	-0.316610563	-0.278717265	-0.216715518	-0.248482936	-0.246684533	-0.119356096	-0.266819597	-0.026083008	-0.243134111	-0.308270396	-0.464313969	-0.212469259	-0.318655606	-0.214387533	-0.215904696	-0.287102312	-0.207846616	-0.182504536	-0.204688182	-0.225946854	-0.225423654	-0.184737669	-0.21580012	-0.225355399	-0.226073413	LumA
380	-0.414463726	0.567983502	3.436194286	-0.248656506	4.388052183	-0.29066859	-0.351657306	-0.316610563	2.462416534	-0.216715518	-0.248482936	-0.246684533	-0.119356096	-0.266819597	-0.026083008	-0.243134111	-0.308270396	1.488571256	-0.212469259	-0.318655606	-0.214387533	-0.215904696	2.3994378	-0.207846616	-0.182504536	4.263932627	-0.225946854	-0.225423654	-0.184737669	-0.21580012	2.32427682	-0.226073413	LumB
381	5.737453446	-1.013984603	-0.252194661	2.74095742	-0.237485435	-0.29066859	-0.351657306	-0.316610563	-0.278717265	-0.216715518	-0.248482936	-0.246684533	-0.119356096	-0.266819597	-0.026083008	-0.243134111	-0.308270396	-0.464313969	-0.212469259	-0.318655606	-0.214387533	-0.215904696	-0.287102312	-0.207846616	-0.182504536	-0.204688182	-0.225946854	-0.225423654	-0.184737669	-0.21580012	-0.225355399	-0.226073413	Her2
383	-0.495066349	0.002988687	-0.252194661	-0.248656506	-0.237485435	-0.29066859	-0.351657306	-0.316610563	-0.278717265	-0.216715518	-0.248482936	-0.246684533	-0.119356096	-0.266819597	-0.026083008	-0.243134111	-0.308270396	-0.464313969	-0.212469259	-0.318655606	-0.214387533	-0.215904696	-0.287102312	-0.207846616	-0.182504536	-0.204688182	-0.225946854	-0.225423654	-0.184737669	-0.21580012	-0.225355399	-0.226073413	LumB
384	-1.497514329	-0.600156322	-0.252194661	-0.248656506	-0.237485435	-0.29066859	-0.351657306	-0.316610563	-0.278717265	-0.216715518	-0.248482936	-0.246684533	-0.119356096	-0.266819597	3.611213813	-0.243134111	-0.308270396	-0.464313969	-0.212469259	-0.318655606	-0.214387533	-0.215904696	-0.287102312	-0.207846616	-0.182504536	-0.204688182	4.126112021	-0.225423654	-0.184737669	-0.21580012	-0.225355399	-0.226073413	LumB
385	-0.802469044	-0.608046028	-0.252194661	-0.248656506	-0.237485435	-0.29066859	-0.351657306	-0.316610563	-0.278717265	-0.216715518	-0.248482936	-0.246684533	-0.119356096	-0.266819597	-0.026083008	-0.243134111	-0.308270396	-0.464313969	-0.212469259	1.896478735	-0.214387533	-0.215904696	-0.287102312	-0.207846616	-0.182504536	-0.204688182	-0.225946854	-0.225423654	-0.184737669	-0.21580012	-0.225355399	-0.226073413	LumB
386	-0.934383858	-1.169284568	-0.252194661	-0.248656506	-0.237485435	-0.29066859	-0.351657306	-0.316610563	-0.278717265	-0.216715518	-0.248482936	-0.246684533	-0.119356096	-0.266819597	-0.026083008	-0.243134111	0.738645226	-0.464313969	-0.212469259	-0.318655606	-0.214387533	-0.215904696	-0.287102312	-0.207846616	-0.182504536	-0.204688182	-0.225946854	-0.225423654	-0.184737669	-0.21580012	-0.225355399	-0.226073413	LumA
388	-2.232351867	-0.535262796	-0.252194661	-0.248656506	4.388052183	2.842891314	-0.351657306	-0.316610563	-0.278717265	-0.216715518	-0.248482936	-0.246684533	-0.119356096	-0.266819597	-0.026083008	-0.243134111	-0.308270396	-0.464313969	-0.212469259	-0.318655606	-0.214387533	-0.215904696	-0.287102312	-0.207846616	-0.182504536	-0.204688182	-0.225946854	-0.225423654	-0.184737669	-0.21580012	-0.225355399	-0.226073413	Normal
389	-0.79950825	-1.376550988	-0.252194661	-0.248656506	-0.237485435	-0.29066859	-0.351657306	-0.316610563	-0.278717265	-0.216715518	-0.248482936	-0.246684533	-0.119356096	2.818457796	-0.026083008	-0.243134111	-0.308270396	-0.464313969	-0.212469259	-0.318655606	-0.214387533	-0.215904696	-0.287102312	-0.207846616	-0.182504536	-0.204688182	4.126112021	-0.225423654	-0.184737669	-0.21580012	-0.225355399	-0.226073413	LumB
392	-2.07184513	-1.45768485	-0.252194661	-0.248656506	-0.237485435	-0.29066859	-0.351657306	-0.316610563	-0.278717265	-0.216715518	-0.248482936	-0.246684533	-0.119356096	4.196335733	-0.026083008	-0.243134111	-0.308270396	-0.464313969	-0.212469259	-0.318655606	-0.214387533	-0.215904696	-0.287102312	-0.207846616	-0.182504536	-0.204688182	-4.087129882	-0.225423654	-0.184737669	-0.21580012	-0.225355399	-0.226073413	Normal
394	-2.525090043	-0.176058812	-0.252194661	-0.248656506	-0.237485435	-0.29066859	-0.351657306	-0.316610563	-0.278717265	-0.216715518	-0.248482936	-0.246684533	-4.458036209	-0.266819597	-0.026083008	-0.243134111	-0.308270396	-0.464313969	-0.212469259	-0.318655606	-0.214387533	-0.215904696	-0.287102312	-0.207846616	-0.182504536	-0.204688182	-0.225946854	-0.225423654	-0.184737669	-0.21580012	-0.225355399	-0.226073413	LumA
395	10.7476502	-1.706561916	-0.252194661	-0.248656506	-0.237485435	-0.29066859	-0.351657306	2.611222267	-0.278717265	-0.216715518	-0.248482936	-0.246684533	-0.119356096	-0.266819597	-0.026083008	-0.243134111	-2.150049989	-0.464313969	-0.212469259	-0.318655606	-0.214387533	-0.215904696	-0.287102312	-0.207846616	-0.182504536	-0.204688182	-0.225946854	-0.225423654	-0.184737669	-0.21580012	-0.225355399	-0.226073413	Her2
396	9.285299142	-1.376550988	-0.252194661	-0.248656506	-0.237485435	-0.29066859	-0.351657306	-0.316610563	-0.278717265	4.067652388	-4.16412191	-0.246684533	-0.119356096	-0.266819597	3.611213813	-0.243134111	-0.308270396	-0.464313969	-0.212469259	-0.318655606	-0.214387533	-0.215904696	2.498109681	-0.207846616	-0.182504536	-0.204688182	-0.225946854	-0.225423654	-0.184737669	-0.21580012	-0.225355399	-0.226073413	Basal
398	-0.052509139	-1.706561916	-0.252194661	-0.248656506	-0.237485435	-0.29066859	-0.351657306	-0.316610563	-0.278717265	-0.216715518	-0.248482936	-0.246684533	-0.119356096	-0.266819597	-0.026083008	-0.243134111	-0.308270396	-0.464313969	-0.212469259	-0.318655606	-0.214387533	-0.215904696	-0.287102312	-0.207846616	-0.182504536	-0.204688182	-0.225946854	-0.225423654	-0.184737669	-0.21580012	-0.225355399	-0.226073413	LumB
399	0.645478475	-1.376550988	-0.252194661	-0.248656506	3.834389461	-0.29066859	-0.351657306	-0.316610563	-0.278717265	-0.216715518	-0.248482936	-0.246684533	-0.119356096	-0.266819597	-0.026083008	-0.243134111	-0.308270396	2.176405229	-0.212469259	-0.318655606	-0.214387533	-0.215904696	-0.287102312	-0.207846616	-0.182504536	-0.204688182	-0.225946854	-0.225423654	-0.184737669	-0.21580012	-0.225355399	-0.226073413	Her2
404	-1.315183901	-1.376550988	-0.252194661	-0.248656506	-0.237485435	-0.29066859	-0.351657306	-0.316610563	-0.278717265	-0.216715518	-0.248482936	-0.246684533	-0.119356096	-0.266819597	-0.026083008	-0.243134111	-0.308270396	-0.464313969	-0.212469259	-0.318655606	-0.214387533	-0.215904696	-0.287102312	3.962522913	-0.182504536	-0.204688182	-0.225946854	-0.225423654	-0.184737669	-0.21580012	-0.225355399	-0.226073413	LumA
406	-1.250554434	-0.175485738	-0.252194661	-0.248656506	-0.237485435	-0.29066859	-0.351657306	-0.316610563	-0.278717265	-0.216715518	-0.248482936	-0.246684533	-0.119356096	-0.266819597	-0.026083008	5.14075004	-0.308270396	-0.464313969	-0.212469259	-0.318655606	-0.214387533	-0.215904696	-0.287102312	3.962522913	-0.182504536	-0.204688182	-0.225946854	-0.225423654	-0.184737669	-0.21580012	-0.225355399	-0.226073413	LumB
410	-2.541705792	-1.376550988	-0.252194661	-0.248656506	3.834389461	2.769871954	-0.351657306	-0.316610563	-0.278717265	-0.216715518	-0.248482936	-0.246684533	-0.119356096	-0.266819597	-0.026083008	-0.243134111	-0.308270396	-0.464313969	-0.212469259	-0.318655606	-0.214387533	-0.215904696	-0.287102312	-0.207846616	-0.182504536	-0.204688182	-0.225946854	-0.225423654	-0.184737669	-0.21580012	-0.225355399	-0.226073413	LumA
411	-2.330171999	-0.921327579	-0.252194661	-0.248656506	3.834389461	3.266114292	-0.351657306	-0.316610563	-0.278717265	-0.216715518	3.667156037	-0.246684533	-0.119356096	-0.266819597	-0.026083008	-0.243134111	1.657202656	-0.464313969	-0.212469259	-0.318655606	3.801473094	-0.215904696	-0.287102312	-0.207846616	-0.182504536	-0.204688182	-0.225946854	-0.225423654	-0.184737669	-4.320578535	3.944902431	-0.226073413	LumA
412	0.191378626	-1.376550988	-0.252194661	-0.248656506	-0.237485435	-0.29066859	-0.351657306	-0.316610563	-0.278717265	-0.216715518	-0.248482936	3.637583228	-0.119356096	-0.266819597	-0.026083008	-0.243134111	-0.308270396	-0.464313969	-0.212469259	-0.318655606	4.248107679	-0.215904696	-0.287102312	-0.207846616	-0.182504536	-0.204688182	-0.225946854	-0.225423654	-0.184737669	-0.21580012	-0.225355399	-0.226073413	LumB
413	-2.662326044	0.061155928	-0.252194661	-0.248656506	-0.237485435	-0.29066859	-0.351657306	-0.316610563	-0.278717265	-0.216715518	-0.248482936	-0.246684533	-0.119356096	-0.266819597	-0.026083008	-0.243134111	-0.308270396	-0.464313969	-0.212469259	-0.318655606	-0.214387533	-0.215904696	-0.287102312	-0.207846616	-0.182504536	-0.204688182	-0.225946854	-0.225423654	-0.184737669	4.129344901	-0.225355399	-0.226073413	LumA
417	-1.745980309	-0.040328785	-0.252194661	-0.248656506	-0.237485435	-0.29066859	-0.351657306	-0.316610563	-0.278717265	-0.216715518	1.338876272	-0.246684533	-0.119356096	-0.266819597	-0.026083008	-0.243134111	-0.308270396	-0.464313969	-0.212469259	-0.318655606	-0.214387533	-0.215904696	-0.287102312	-0.207846616	-0.182504536	-0.204688182	-0.225946854	-0.225423654	-0.184737669	-0.21580012	-0.225355399	-0.226073413	Her2
418	-0.345987432	2.423142532	-0.252194661	-0.248656506	-0.237485435	-0.29066859	2.889688466	-0.316610563	-0.278717265	-0.216715518	-0.248482936	-0.246684533	-0.119356096	-0.266819597	-0.026083008	-0.243134111	-0.308270396	-0.464313969	-0.212469259	-0.318655606	4.248107679	-0.215904696	-0.287102312	-0.207846616	-0.182504536	-0.204688182	-0.225946854	-0.225423654	-0.184737669	-0.21580012	-0.225355399	-0.226073413	Her2
419	-2.446781059	0.727831759	-0.252194661	3.811092949	-0.237485435	-0.29066859	-0.351657306	-0.316610563	-0.278717265	-0.216715518	-0.248482936	-0.246684533	-0.119356096	-0.266819597	-0.026083008	-0.243134111	-0.308270396	1.488571256	-0.212469259	-0.318655606	-0.214387533	-0.215904696	-0.287102312	-0.207846616	-0.182504536	-0.204688182	4.126112021	-0.225423654	-0.184737669	-0.21580012	-0.225355399	-0.226073413	LumA
421	0.065054212	-0.033320993	-0.252194661	-0.248656506	-0.237485435	-0.29066859	-0.351657306	-0.316610563	-0.278717265	-0.216715518	-0.248482936	-0.246684533	-0.119356096	-0.266819597	-0.026083008	-0.243134111	-0.308270396	-0.464313969	-0.212469259	-0.318655606	-0.214387533	-0.215904696	-0.287102312	-0.207846616	-0.182504536	-0.204688182	-0.225946854	-0.225423654	-0.184737669	-0.21580012	-0.225355399	-0.226073413	Her2
422	-0.512550436	-0.590936629	-0.252194661	-0.248656506	-0.237485435	-0.29066859	-0.351657306	-0.316610563	-0.278717265	-0.216715518	-0.248482936	-0.246684533	-0.119356096	-0.266819597	-0.026083008	-0.243134111	-0.308270396	-0.464313969	-0.212469259	2.961438281	-0.214387533	-0.215904696	-0.287102312	-0.207846616	-0.182504536	-0.204688182	-0.225946854	-0.225423654	-0.184737669	-0.21580012	-0.225355399	-0.226073413	LumA
425	-2.662326044	-1.344568604	-0.252194661	2.74095742	-0.237485435	-0.29066859	-0.351657306	-0.316610563	-0.278717265	-0.216715518	-0.248482936	-0.246684533	-0.119356096	-0.266819597	-0.026083008	-0.243134111	-0.308270396	-0.464313969	-0.212469259	-0.318655606	-0.214387533	4.653870979	-0.287102312	3.962522913	-0.182504536	-0.204688182	-0.225946854	-0.225423654	-0.184737669	-0.21580012	-0.225355399	-0.226073413	LumA
426	-2.662326044	1.277906766	-0.252194661	-0.248656506	4.388052183	-0.29066859	-0.351657306	-0.316610563	-0.278717265	-0.216715518	-0.248482936	3.637583228	-0.119356096	-0.266819597	-0.026083008	-0.243134111	-0.308270396	-0.464313969	-0.212469259	-0.318655606	4.248107679	-0.215904696	-0.287102312	-0.207846616	-0.182504536	-0.204688182	-0.225946854	-0.225423654	-0.184737669	-0.21580012	-0.225355399	-0.226073413	Normal
427	-1.693604668	-1.057407254	-0.252194661	-0.248656506	-0.237485435	-0.29066859	-0.351657306	-0.316610563	-0.278717265	-0.216715518	-0.248482936	-0.246684533	-0.119356096	-0.266819597	-0.026083008	3.270103434	-0.308270396	-0.464313969	-0.212469259	-0.318655606	-0.214387533	-0.215904696	-0.287102312	-0.207846616	-0.182504536	-0.204688182	-0.225946854	-0.225423654	-0.184737669	-0.21580012	-0.225355399	-0.226073413	LumA
428	-1.821089428	-1.284313684	3.436194286	-0.248656506	-0.237485435	-0.29066859	-0.351657306	-0.316610563	-0.278717265	-0.216715518	-0.248482936	-0.246684533	-0.119356096	-0.266819597	-0.026083008	-0.243134111	-0.308270396	-0.464313969	-0.212469259	-0.318655606	-0.214387533	-0.215904696	-0.287102312	-0.207846616	-0.182504536	-0.204688182	-0.225946854	4.000744296	-0.184737669	-0.21580012	-0.225355399	-0.226073413	LumA
429	-2.305901345	-0.936788327	3.436194286	10.67571863	-0.237485435	-0.29066859	-0.351657306	-0.316610563	-0.278717265	4.067652388	-0.248482936	-0.246684533	-0.119356096	-0.266819597	3.611213813	-0.243134111	-0.308270396	1.495584521	-0.212469259	-0.318655606	-0.214387533	-0.215904696	-0.287102312	-0.207846616	-0.182504536	-0.204688182	-0.225946854	-0.225423654	-0.184737669	-0.21580012	-0.225355399	-0.226073413	LumB
431	-1.613397607	-0.493822377	-0.252194661	-0.248656506	-0.237485435	-0.29066859	-0.351657306	-0.316610563	-0.278717265	-0.216715518	-0.248482936	3.812521364	-0.119356096	-0.266819597	-0.026083008	-0.243134111	-0.308270396	-0.464313969	-0.212469259	-0.318655606	4.248107679	-0.215904696	-0.287102312	-0.207846616	-0.182504536	-0.204688182	3.635236175	-0.225423654	-0.184737669	-0.21580012	-0.225355399	-0.226073413	LumA
434	10.24879175	-2.127910218	-0.252194661	-0.248656506	-0.237485435	3.266114292	-0.351657306	-0.316610563	-0.278717265	4.121964595	-0.248482936	-0.246684533	-0.119356096	-0.266819597	-0.026083008	3.270103434	-0.308270396	-0.464313969	-0.212469259	-0.318655606	3.801473094	-0.215904696	-0.287102312	-0.207846616	-0.182504536	-0.204688182	-0.225946854	-0.225423654	-0.184737669	-0.21580012	-0.225355399	-0.226073413	LumB
436	0.783505525	-1.376550988	-0.252194661	-0.248656506	-0.237485435	-0.29066859	-0.351657306	-0.316610563	-0.278717265	-0.216715518	-0.248482936	-0.246684533	-0.119356096	-0.266819597	-0.026083008	-0.243134111	-0.308270396	-0.464313969	-0.212469259	-0.318655606	-0.214387533	-0.215904696	-0.287102312	-0.207846616	-0.182504536	4.263932627	-0.225946854	-0.225423654	-0.184737669	-0.21580012	-0.225355399	-0.226073413	Her2
437	-3.121291819	0.062302151	3.327534539	-0.248656506	-0.237485435	-0.29066859	-0.351657306	-0.316610563	-0.278717265	-0.216715518	-0.248482936	-0.246684533	4.219324018	-0.266819597	-0.026083008	-0.243134111	-0.308270396	-0.464313969	4.325837086	-0.318655606	-0.214387533	-0.215904696	-0.287102312	-0.207846616	-0.182504536	-0.204688182	-0.225946854	-0.225423654	-0.184737669	-0.21580012	-0.225355399	-0.226073413	LumB
439	-1.973787657	2.708871721	-0.252194661	3.811092949	-0.237485435	-0.29066859	-0.351657306	-0.316610563	-0.278717265	-0.216715518	-0.248482936	-0.246684533	-0.119356096	-0.266819597	-0.026083008	-0.243134111	-3.342704912	1.776663871	-0.212469259	-0.318655606	-0.214387533	-0.215904696	-0.287102312	-0.207846616	-0.182504536	-0.204688182	-0.225946854	-0.225423654	-0.184737669	-0.21580012	-0.225355399	-0.226073413	LumB
440	-0.199504262	0.052490156	2.749125977	-0.248656506	-0.237485435	-0.29066859	-0.351657306	-0.316610563	-0.278717265	-0.216715518	-0.248482936	-0.246684533	6.344905366	-0.266819597	-0.026083008	-0.243134111	-0.308270396	-0.464313969	-0.212469259	-0.318655606	-0.214387533	-0.215904696	-0.287102312	-0.207846616	-0.182504536	-0.204688182	-0.225946854	-0.225423654	-0.184737669	-0.21580012	4.062030975	-0.226073413	LumB
444	-1.390573743	-0.119295347	-0.252194661	-0.248656506	-0.237485435	-0.29066859	-0.351657306	-0.316610563	-0.278717265	-0.216715518	-0.248482936	-0.246684533	-0.119356096	-0.266819597	-0.026083008	3.270103434	-0.308270396	-0.464313969	-0.212469259	-0.318655606	-0.214387533	-0.215904696	-0.287102312	-0.207846616	-0.182504536	-0.204688182	-0.225946854	-0.225423654	-0.184737669	-0.21580012	-0.225355399	-0.226073413	LumB
445	-2.662326044	2.17297809	-0.252194661	-0.248656506	-0.237485435	-0.29066859	-0.351657306	-0.316610563	2.708159186	-0.216715518	-0.248482936	-0.246684533	-0.119356096	-0.266819597	-0.026083008	8.653987585	-0.308270396	4.417383068	-0.212469259	-0.318655606	-0.214387533	-0.215904696	-0.287102312	-0.207846616	-0.182504536	-0.204688182	-0.225946854	-0.225423654	-0.184737669	-0.21580012	-0.225355399	-0.226073413	LumA
449	-2.355033701	0.595464592	-0.252194661	-0.248656506	-0.237485435	2.842891314	2.889688466	-0.316610563	-0.278717265	-0.216715518	3.667156037	3.637583228	6.344905366	-0.266819597	-0.026083008	-0.243134111	-0.308270396	1.488571256	-0.212469259	-0.318655606	-0.214387533	-0.215904696	-0.287102312	-0.207846616	-0.182504536	-0.204688182	-0.225946854	-0.225423654	-0.184737669	-0.21580012	-0.225355399	-0.226073413	LumA
451	-1.129211314	-1.824254961	-0.252194661	3.811092949	-0.237485435	-0.29066859	-0.351657306	-0.316610563	2.690618033	-0.216715518	-0.248482936	-0.246684533	-0.119356096	-0.266819597	-0.026083008	-0.243134111	-0.308270396	-0.464313969	-0.212469259	5.902093359	-0.214387533	-0.215904696	-0.287102312	-0.207846616	-0.182504536	-0.204688182	-0.225946854	-0.225423654	-0.184737669	4.129344901	-0.225355399	-0.226073413	LumA
452	-2.324790717	-1.376550988	-0.252194661	-0.248656506	-0.237485435	-0.29066859	-0.351657306	-0.316610563	-0.278717265	-0.216715518	-0.248482936	-0.246684533	-0.119356096	-0.266819597	-0.026083008	-0.243134111	-0.308270396	-0.464313969	-0.212469259	-0.318655606	-0.214387533	-0.215904696	-0.287102312	-0.207846616	-0.182504536	-0.204688182	-0.225946854	4.400113964	-0.184737669	-0.21580012	-0.225355399	-0.226073413	LumB
453	7.66374967	-1.706561916	-0.252194661	-0.248656506	-0.237485435	-0.29066859	-0.351657306	3.176402342	-0.278717265	-0.216715518	-0.248482936	-0.246684533	-0.119356096	-0.266819597	-0.026083008	-0.243134111	-0.308270396	-0.464313969	-0.212469259	3.353165687	-0.214387533	-0.215904696	-0.287102312	-0.207846616	-0.182504536	-0.204688182	-0.225946854	-0.225423654	-0.184737669	-0.21580012	-0.225355399	-0.226073413	Her2
454	-1.788649392	0.574479839	-0.252194661	-0.248656506	-0.237485435	-0.29066859	-0.351657306	-0.316610563	-0.278717265	-0.216715518	-0.248482936	-0.246684533	-0.119356096	2.818457796	-0.026083008	-0.243134111	-0.308270396	-0.464313969	8.552005036	-0.318655606	-0.214387533	-0.215904696	-0.287102312	-0.207846616	-0.182504536	-0.204688182	-0.225946854	-0.225423654	-0.184737669	-0.21580012	-0.225355399	-0.226073413	LumA
455	-1.9288898	-0.15631006	-0.252194661	-0.248656506	-0.237485435	-0.29066859	-0.351657306	2.611222267	-3.248052563	-0.216715518	-0.248482936	-0.246684533	-0.119356096	-0.266819597	-0.026083008	-0.243134111	-0.308270396	-0.464313969	-0.212469259	-0.318655606	-0.214387533	-0.215904696	-0.287102312	-0.207846616	-0.182504536	-0.204688182	-0.225946854	-0.225423654	-0.184737669	-0.21580012	-0.225355399	-0.226073413	LumB
458	-2.322307695	-1.376550988	-0.252194661	-0.248656506	3.834389461	-0.29066859	-0.351657306	-0.316610563	-0.278717265	-0.216715518	-0.248482936	-0.246684533	-0.119356096	-0.266819597	-0.026083008	-0.243134111	-0.308270396	-0.464313969	-0.212469259	-0.318655606	-0.214387533	-0.215904696	-0.287102312	-0.207846616	-0.182504536	-0.204688182	-0.225946854	-0.225423654	-0.184737669	-0.21580012	3.944902431	-0.226073413	Normal
464	8.535126621	-1.706561916	-0.252194661	-0.248656506	-0.237485435	-0.29066859	-0.351657306	-0.316610563	-0.278717265	-0.216715518	-0.248482936	-0.246684533	-0.119356096	-0.266819597	-0.026083008	-0.243134111	-0.308270396	-0.464313969	-0.212469259	-0.318655606	-0.214387533	-0.215904696	-0.287102312	-0.207846616	-0.182504536	-0.204688182	-0.225946854	-0.225423654	-0.184737669	-0.21580012	-0.225355399	-0.226073413	Basal
465	6.160047205	-1.706561916	-0.252194661	-0.248656506	-0.237485435	-0.29066859	-0.351657306	-0.316610563	-0.278717265	-4.555395631	-0.248482936	-0.246684533	-0.119356096	-0.266819597	-0.026083008	-0.243134111	-0.308270396	-0.464313969	-0.212469259	-0.318655606	-0.214387533	-0.215904696	-0.287102312	-0.207846616	-0.182504536	-0.204688182	-0.225946854	4.400113964	-0.184737669	-0.21580012	-0.225355399	-0.226073413	LumB
466	-1.730515239	-0.633732923	-0.252194661	-0.248656506	-0.237485435	-0.29066859	-0.351657306	-0.316610563	-0.278717265	-0.216715518	-0.248482936	-0.246684533	-0.119356096	-0.266819597	-0.026083008	-0.243134111	0.738645226	-0.464313969	4.013698691	-0.318655606	-0.214387533	-0.215904696	-0.287102312	-0.207846616	-0.182504536	-0.204688182	-0.225946854	-0.225423654	-0.184737669	-0.21580012	-0.225355399	-0.226073413	LumA
467	8.177006315	-1.376550988	-0.252194661	-0.248656506	-0.237485435	-0.29066859	-0.351657306	-0.316610563	-0.278717265	-0.216715518	-0.248482936	-0.246684533	-0.119356096	-0.266819597	-0.026083008	-0.243134111	-0.308270396	-0.464313969	-0.212469259	2.230272066	-0.214387533	-0.215904696	-0.287102312	-0.207846616	-0.182504536	-0.204688182	-0.225946854	-0.225423654	-0.184737669	-0.21580012	-0.225355399	-0.226073413	Her2
468	-1.726236395	-0.874783321	-0.252194661	-0.248656506	-0.237485435	5.903431859	-0.351657306	-0.316610563	-0.278717265	-0.216715518	-0.248482936	-0.246684533	-0.119356096	-0.266819597	-0.026083008	-0.243134111	-0.308270396	-0.464313969	-0.212469259	-0.318655606	-0.214387533	-0.215904696	-0.287102312	-0.207846616	-0.182504536	-0.204688182	-0.225946854	-0.225423654	-0.184737669	4.129344901	-0.225355399	-0.226073413	LumA
469	-0.379028926	-0.403771318	-0.252194661	6.800706875	-0.237485435	-0.29066859	-0.351657306	-0.316610563	-0.278717265	4.121964595	-0.248482936	-0.246684533	-0.119356096	-0.266819597	-0.026083008	-0.243134111	-0.308270396	-0.464313969	-0.212469259	-0.318655606	-0.214387533	-0.215904696	-0.287102312	-0.207846616	-0.182504536	-0.204688182	-0.225946854	-0.225423654	-0.184737669	-0.21580012	2.32427682	-0.226073413	LumB
471	-1.587399685	0.16055826	-0.252194661	-0.248656506	-0.237485435	-0.29066859	-0.351657306	-0.316610563	-0.278717265	-0.216715518	-0.248482936	-0.246684533	-0.119356096	-0.266819597	-0.026083008	-0.243134111	-0.308270396	-0.464313969	4.013698691	-0.318655606	-0.214387533	-0.215904696	-0.287102312	-0.207846616	-0.182504536	-0.204688182	-0.225946854	-0.225423654	-0.184737669	4.129344901	-0.225355399	-0.226073413	LumA
474	1.400712378	-0.817731054	-0.252194661	-0.248656506	-0.237485435	-0.29066859	-0.351657306	-0.316610563	-0.278717265	-0.216715518	-0.248482936	-0.246684533	-0.119356096	-0.266819597	-0.026083008	-0.243134111	-0.308270396	-0.464313969	-0.212469259	-0.318655606	-0.214387533	-0.215904696	2.3994378	-0.207846616	-0.182504536	-0.204688182	-0.225946854	-0.225423654	-0.184737669	-0.21580012	-0.225355399	-0.226073413	LumB
475	-1.777163668	-1.376550988	-0.252194661	2.74095742	-0.237485435	-0.29066859	-0.351657306	-0.316610563	-0.278717265	-0.216715518	-0.248482936	-0.246684533	-0.119356096	-0.266819597	-0.026083008	-0.243134111	-0.308270396	-0.464313969	-0.212469259	-0.318655606	3.801473094	-0.215904696	-0.287102312	-0.207846616	-0.182504536	-0.204688182	-0.225946854	-0.225423654	-0.184737669	-0.21580012	4.062030975	-0.226073413	LumA
479	4.687562648	-1.376550988	-0.252194661	-0.248656506	-0.237485435	-0.29066859	-0.351657306	-0.316610563	2.708159186	-0.216715518	-0.248482936	-0.246684533	-0.119356096	-0.266819597	-0.026083008	3.270103434	-0.308270396	-0.464313969	-0.212469259	-0.318655606	-0.214387533	-0.215904696	-0.287102312	-0.207846616	-0.182504536	-0.204688182	-0.225946854	-0.225423654	-0.184737669	-0.21580012	-0.225355399	-0.226073413	Her2
480	-1.611927972	0.198922963	-0.252194661	2.74095742	-0.237485435	-0.29066859	-0.351657306	2.375855281	-0.278717265	-0.216715518	-0.248482936	-0.246684533	-0.119356096	-0.266819597	-0.026083008	-0.243134111	-0.308270396	-0.464313969	-0.212469259	-0.318655606	-0.214387533	-0.215904696	5.79629775	-0.207846616	-0.182504536	-0.204688182	-0.225946854	-0.225423654	-0.184737669	-0.21580012	-0.225355399	-0.226073413	LumA
481	5.499796465	-1.706561916	2.749125977	-0.248656506	-0.237485435	-0.29066859	-0.351657306	-0.316610563	-0.278717265	4.121964595	-0.248482936	-0.246684533	-0.119356096	-0.266819597	-0.026083008	-0.243134111	-0.308270396	-0.464313969	-0.212469259	-3.990476899	-0.214387533	-0.215904696	-0.287102312	-0.207846616	-0.182504536	-0.204688182	-0.225946854	-0.225423654	-0.184737669	-0.21580012	-0.225355399	-0.226073413	Basal
482	7.519548607	-1.179044316	-0.252194661	-0.248656506	-0.237485435	-0.29066859	-0.351657306	-0.316610563	-0.278717265	-0.216715518	-0.248482936	-0.246684533	-0.119356096	-0.266819597	-0.026083008	-0.243134111	-0.308270396	-0.464313969	-0.212469259	-0.318655606	-0.214387533	-0.215904696	-0.287102312	-0.207846616	-0.182504536	-0.204688182	-0.225946854	-0.225423654	-0.184737669	-0.21580012	-0.225355399	-0.226073413	Normal
483	-1.255569785	-1.127673922	-0.252194661	-0.248656506	-0.237485435	-0.29066859	-0.351657306	-0.316610563	-0.278717265	-0.216715518	-0.248482936	-0.246684533	-0.119356096	-0.266819597	-0.026083008	-0.243134111	-0.308270396	-0.464313969	-0.212469259	-0.318655606	-0.214387533	-0.215904696	-0.287102312	-0.207846616	-0.182504536	-0.204688182	-0.225946854	-0.225423654	-0.184737669	-0.21580012	-0.225355399	-0.226073413	LumB
484	2.693213871	-1.376550988	-0.252194661	-0.248656506	4.388052183	-0.29066859	-0.351657306	-0.316610563	-0.278717265	-0.216715518	-0.248482936	-0.246684533	-0.119356096	2.818457796	-0.026083008	-0.243134111	1.657202656	-0.464313969	-0.212469259	-0.318655606	-0.214387533	4.129240324	-0.287102312	-0.207846616	-0.182504536	-0.204688182	-0.225946854	-0.225423654	-0.184737669	-0.21580012	-0.225355399	-0.226073413	Her2
485	0.312787791	-1.706561916	-0.252194661	-0.248656506	3.834389461	-0.29066859	-0.351657306	-0.316610563	-0.278717265	4.121964595	-0.248482936	-0.246684533	-0.119356096	-0.266819597	-0.026083008	-0.243134111	-0.308270396	-0.464313969	-0.212469259	-0.318655606	-0.214387533	-0.215904696	-0.287102312	-0.207846616	-0.182504536	-0.204688182	-0.225946854	-0.225423654	-0.184737669	3.888978296	4.062030975	-0.226073413	LumA
486	-2.596836937	-0.592309446	-0.252194661	-0.248656506	-0.237485435	-0.29066859	-0.351657306	-0.316610563	-0.278717265	-0.216715518	-0.248482936	-0.246684533	-0.119356096	2.408680029	-0.026083008	-0.243134111	-0.308270396	-0.464313969	-0.212469259	-0.318655606	-0.214387533	-0.215904696	-0.287102312	-0.207846616	-0.182504536	-0.204688182	-0.225946854	-0.225423654	-0.184737669	-0.21580012	-0.225355399	-0.226073413	LumA
487	-2.662326044	-1.376550988	-0.252194661	3.811092949	-0.237485435	-0.29066859	-0.351657306	-0.316610563	-0.278717265	-0.216715518	-0.248482936	-0.246684533	-0.119356096	4.196335733	-0.026083008	-0.243134111	-0.308270396	-0.464313969	-0.212469259	-0.318655606	-0.214387533	-0.215904696	-0.287102312	-0.207846616	-0.182504536	-0.204688182	-0.225946854	-0.225423654	-0.184737669	3.888978296	-0.225355399	-0.226073413	Normal
488	-2.415905022	-1.376550988	-0.252194661	-0.248656506	-0.237485435	-0.29066859	-0.351657306	-0.316610563	-0.278717265	-0.216715518	3.282939861	-0.246684533	4.219324018	-0.266819597	-0.026083008	-0.243134111	-0.308270396	-0.464313969	-0.212469259	-0.318655606	-0.214387533	-0.215904696	-0.287102312	-0.207846616	-0.182504536	-0.204688182	-0.225946854	-0.225423654	-0.184737669	-0.21580012	-0.225355399	-0.226073413	Basal
492	-1.471799935	0.640370379	-0.252194661	-0.248656506	-0.237485435	-0.29066859	-0.351657306	-0.316610563	-0.278717265	4.121964595	-0.248482936	-0.246684533	-0.119356096	-0.266819597	-0.026083008	-0.243134111	-0.308270396	-0.464313969	-0.212469259	-0.318655606	-0.214387533	-0.215904696	-0.287102312	-0.207846616	-0.182504536	-0.204688182	-0.225946854	-0.225423654	-0.184737669	-0.21580012	-0.225355399	-0.226073413	LumB
496	-2.111966173	-1.161848915	-0.252194661	-0.248656506	3.834389461	-0.29066859	-0.351657306	-0.316610563	-0.278717265	-0.216715518	-0.248482936	-0.246684533	-0.119356096	-0.266819597	-0.026083008	-0.243134111	-0.308270396	-0.464313969	-0.212469259	-0.318655606	-0.214387533	-0.215904696	-0.287102312	-0.207846616	-0.182504536	-0.204688182	-0.225946854	4.000744296	-0.184737669	-0.21580012	-0.225355399	-0.226073413	Normal
497	-1.874941757	-0.730771584	-0.252194661	-0.248656506	-0.237485435	-0.29066859	-0.351657306	-0.316610563	-0.278717265	-0.216715518	-0.248482936	-0.246684533	-0.119356096	-0.266819597	-0.026083008	-0.243134111	-0.308270396	-0.464313969	-0.212469259	-0.318655606	-0.214387533	-0.215904696	-0.287102312	-0.207846616	-0.182504536	-0.204688182	-0.225946854	4.400113964	-0.184737669	-0.21580012	-0.225355399	-0.226073413	LumA
500	5.321362802	-1.376550988	-0.252194661	-0.248656506	-0.237485435	-0.29066859	-0.351657306	-0.316610563	-0.278717265	-0.216715518	-0.248482936	-0.246684533	-0.119356096	-0.266819597	-0.026083008	-0.243134111	-0.308270396	-0.464313969	-0.212469259	-0.318655606	-0.214387533	-4.561049716	-0.287102312	-0.207846616	-0.182504536	4.263932627	-0.225946854	4.400113964	-0.184737669	-0.21580012	-0.225355399	-0.226073413	Basal
501	-2.195836403	1.556026875	-0.252194661	-0.248656506	-0.237485435	-0.29066859	-0.351657306	-0.316610563	-0.278717265	-0.216715518	-0.248482936	-0.246684533	-0.119356096	-0.266819597	-0.026083008	-0.243134111	-0.308270396	-0.464313969	4.013698691	-0.318655606	3.801473094	-0.215904696	-0.287102312	-0.207846616	-0.182504536	-0.204688182	-0.225946854	-0.225423654	-0.184737669	-0.21580012	-0.225355399	-0.226073413	LumA
503	-1.512093145	-0.730474888	-0.252194661	-0.248656506	4.388052183	-0.29066859	-0.351657306	-0.316610563	-0.278717265	-0.216715518	-0.248482936	-0.246684533	-0.119356096	2.408680029	-0.026083008	-0.243134111	-0.308270396	-0.464313969	-0.212469259	-0.318655606	-0.214387533	-0.215904696	-0.287102312	-0.207846616	-0.182504536	-0.204688182	-0.225946854	-0.225423654	3.825031707	-0.21580012	-0.225355399	-0.226073413	LumA
504	-2.662326044	-1.376550988	-0.252194661	-0.248656506	-0.237485435	-0.29066859	-0.351657306	-0.316610563	-0.278717265	-0.216715518	-0.248482936	-0.246684533	-0.119356096	-0.266819597	-0.026083008	-0.243134111	-0.308270396	-0.464313969	-0.212469259	-0.318655606	-0.214387533	-0.215904696	-0.287102312	-0.207846616	-0.182504536	-0.204688182	-0.225946854	-0.225423654	-0.184737669	-0.21580012	-0.225355399	-0.226073413	LumA
505	-2.662326044	-1.019739546	-0.252194661	-0.248656506	3.834389461	2.842891314	-0.351657306	-0.316610563	-0.278717265	-0.216715518	-0.248482936	-0.246684533	-0.119356096	-0.266819597	-0.026083008	-0.243134111	-0.308270396	-0.464313969	-0.212469259	-0.318655606	-0.214387533	-0.215904696	-0.287102312	-0.207846616	-0.182504536	3.900090233	-0.225946854	-0.225423654	-0.184737669	-0.21580012	-0.225355399	-0.226073413	LumA
506	9.136557545	-2.049153331	-0.252194661	-0.248656506	-0.237485435	-0.29066859	-0.351657306	-0.316610563	-0.278717265	-0.216715518	-0.248482936	-0.246684533	-0.119356096	-0.266819597	-0.026083008	-0.243134111	-0.308270396	1.495584521	-0.212469259	-0.318655606	-0.214387533	4.653870979	2.498109681	-0.207846616	-0.182504536	-0.204688182	-0.225946854	-0.225423654	-0.184737669	-0.21580012	-0.225355399	-0.226073413	Her2
507	-2.022879104	-1.706561916	-0.252194661	-0.248656506	-0.237485435	-0.29066859	-3.309566992	6.104235171	-0.278717265	-0.216715518	-0.248482936	-0.246684533	-0.119356096	-0.266819597	-0.026083008	-0.243134111	-0.308270396	-0.464313969	-0.212469259	-0.318655606	-0.214387533	-0.215904696	-0.287102312	-0.207846616	-0.182504536	-0.204688182	-0.225946854	-0.225423654	-0.184737669	-0.21580012	2.32427682	-0.226073413	LumA
508	-2.329181547	-0.536123165	-0.252194661	-0.248656506	3.834389461	-0.29066859	-0.351657306	-0.316610563	-0.278717265	-0.216715518	-0.248482936	-0.246684533	-0.119356096	-0.266819597	-0.026083008	-0.243134111	-0.308270396	-0.464313969	-0.212469259	-0.318655606	-0.214387533	-0.215904696	-0.287102312	-0.207846616	-0.182504536	-0.204688182	-0.225946854	-0.225423654	-0.184737669	3.888978296	-0.225355399	-0.226073413	Normal
510	-2.025877836	-1.376550988	-0.252194661	-0.248656506	-0.237485435	-0.29066859	-0.351657306	-0.316610563	-0.278717265	-0.216715518	-0.248482936	-0.246684533	-0.119356096	-0.266819597	-0.026083008	-0.243134111	-0.308270396	1.495584521	-0.212469259	-0.318655606	-0.214387533	-0.215904696	-0.287102312	-0.207846616	-0.182504536	-0.204688182	-0.225946854	-0.225423654	-0.184737669	-0.21580012	-0.225355399	-0.226073413	Normal
511	-2.817414433	-1.128896976	-0.252194661	-0.248656506	-0.237485435	-0.29066859	-0.351657306	-0.316610563	-0.278717265	-0.216715518	-0.248482936	-0.246684533	-0.119356096	-0.266819597	-0.026083008	-0.243134111	-0.308270396	-0.464313969	-0.212469259	-0.318655606	-0.214387533	4.653870979	-0.287102312	-0.207846616	-0.182504536	-0.204688182	-0.225946854	-0.225423654	-0.184737669	-0.21580012	-0.225355399	-0.226073413	LumA
512	-2.662326044	-0.709459401	-0.252194661	-0.248656506	-0.237485435	-0.29066859	-0.351657306	-0.316610563	-0.278717265	-0.216715518	-0.248482936	-0.246684533	-0.119356096	-0.266819597	-0.026083008	-0.243134111	-0.308270396	-0.464313969	-0.212469259	-0.318655606	-0.214387533	-0.215904696	-0.287102312	-0.207846616	-0.182504536	-0.204688182	-0.225946854	-0.225423654	-0.184737669	-0.21580012	-0.225355399	-0.226073413	LumA
513	-2.224927508	2.778438737	-0.252194661	-0.248656506	-0.237485435	-0.29066859	-0.351657306	-0.316610563	-0.278717265	-0.216715518	-0.248482936	-0.246684533	-0.119356096	-0.266819597	-0.026083008	-0.243134111	-0.308270396	-0.464313969	-0.212469259	-0.318655606	-0.214387533	-0.215904696	3.109757638	-0.207846616	-0.182504536	-0.204688182	-0.225946854	4.400113964	-0.184737669	-0.21580012	-0.225355399	-0.226073413	LumA
514	-1.865183413	-1.511617734	-0.252194661	-0.248656506	-0.237485435	-0.29066859	-0.351657306	5.30368811	-0.278717265	-0.216715518	1.338876272	-0.246684533	-0.119356096	-0.266819597	-0.026083008	-0.243134111	-0.308270396	-0.464313969	-0.212469259	-0.318655606	-0.214387533	-0.215904696	-0.287102312	-0.207846616	-0.182504536	-0.204688182	-0.225946854	-0.225423654	-0.184737669	4.129344901	-0.225355399	-0.226073413	LumB
521	-2.662326044	-0.322822724	-0.252194661	-0.248656506	-0.237485435	-0.29066859	-0.351657306	-0.316610563	-0.278717265	-0.216715518	-0.248482936	-0.246684533	-0.119356096	-0.266819597	-0.026083008	-0.243134111	-0.308270396	-0.464313969	-0.212469259	-0.318655606	-0.214387533	-0.215904696	-0.287102312	-0.207846616	-0.182504536	-0.204688182	-0.225946854	-0.225423654	-0.184737669	-0.21580012	-0.225355399	-0.226073413	LumA
525	8.289578738	-1.376550988	-0.252194661	-0.248656506	-0.237485435	-0.29066859	-0.351657306	-0.316610563	-0.278717265	-0.216715518	3.667156037	-0.246684533	-0.119356096	-0.266819597	-0.026083008	-0.243134111	-0.308270396	-0.464313969	-0.212469259	-0.318655606	-0.214387533	4.653870979	2.38659965	-0.207846616	-0.182504536	-0.204688182	-0.225946854	-0.225423654	-0.184737669	-0.21580012	-0.225355399	-0.226073413	Basal
528	-0.215680507	-1.376550988	-0.252194661	-0.248656506	-0.237485435	2.123590616	-0.351657306	2.611222267	-0.278717265	4.067652388	-0.248482936	-0.246684533	-0.119356096	-0.266819597	-0.026083008	-0.243134111	-0.308270396	-0.464313969	-0.212469259	-0.318655606	-0.214387533	-0.215904696	-0.287102312	-0.207846616	-0.182504536	-0.204688182	-0.225946854	-0.225423654	-0.184737669	-0.21580012	-0.225355399	-0.226073413	LumA
529	-2.526834568	-1.491859842	-0.252194661	-0.248656506	-0.237485435	-0.29066859	-0.351657306	-0.316610563	-0.278717265	4.067652388	-0.248482936	-0.246684533	-0.119356096	-0.266819597	-0.026083008	-0.243134111	-0.308270396	-0.464313969	-0.212469259	-0.318655606	-0.214387533	-0.215904696	-0.287102312	-0.207846616	-0.182504536	3.900090233	-0.225946854	-0.225423654	-0.184737669	-0.21580012	-0.225355399	-0.226073413	LumA
531	-1.854027805	-0.554806613	-0.252194661	2.74095742	8.459927079	2.769871954	-0.351657306	-0.316610563	-0.278717265	-0.216715518	-0.248482936	-0.246684533	-0.119356096	-0.266819597	-0.026083008	-0.243134111	-0.308270396	-0.464313969	-0.212469259	-0.318655606	-0.214387533	-0.215904696	-0.287102312	-0.207846616	-0.182504536	-0.204688182	-0.225946854	-0.225423654	-0.184737669	-0.21580012	-0.225355399	-0.226073413	Normal
532	-0.817713276	-0.874783321	-0.252194661	-0.248656506	-0.237485435	-0.29066859	-0.351657306	-0.316610563	-0.278717265	-0.216715518	-0.248482936	-0.246684533	-0.119356096	-0.266819597	-0.026083008	-0.243134111	-0.308270396	-0.464313969	-0.212469259	-0.318655606	-0.214387533	-0.215904696	-0.287102312	-0.207846616	-0.182504536	-0.204688182	-0.225946854	-0.225423654	-0.184737669	-0.21580012	-0.225355399	-0.226073413	LumB
535	-1.106482467	0.176511792	-0.252194661	-0.248656506	-0.237485435	-0.29066859	2.562307003	-0.316610563	-0.278717265	-0.216715518	-0.248482936	-0.246684533	-0.119356096	-0.266819597	-0.026083008	-0.243134111	-0.308270396	-0.464313969	-0.212469259	-0.318655606	-0.214387533	-0.215904696	-0.287102312	-0.207846616	-0.182504536	-0.204688182	-0.225946854	-0.225423654	-0.184737669	-0.21580012	-0.225355399	-0.226073413	LumA
536	-1.248438162	-2.085790048	-0.252194661	-0.248656506	-0.237485435	-0.29066859	-0.351657306	-0.316610563	-0.278717265	-0.216715518	1.338876272	-0.246684533	-0.119356096	-0.266819597	-0.026083008	-0.243134111	-0.308270396	-0.464313969	-0.212469259	-0.318655606	-0.214387533	-0.215904696	-0.287102312	-0.207846616	-0.182504536	-0.204688182	-0.225946854	4.000744296	-0.184737669	-0.21580012	-0.225355399	-0.226073413	LumB
538	-0.746569425	-1.706561916	-0.252194661	-0.248656506	-0.237485435	-0.29066859	-0.351657306	-0.316610563	-3.248052563	-0.216715518	-0.248482936	-0.246684533	-0.119356096	-0.266819597	-0.026083008	-0.243134111	-0.308270396	-0.464313969	-0.212469259	-0.318655606	-0.214387533	-0.215904696	-0.287102312	-0.207846616	-0.182504536	-0.204688182	-0.225946854	-0.225423654	-0.184737669	-0.21580012	-0.225355399	-0.226073413	LumA
542	-0.501548163	-1.706561916	-0.252194661	-0.248656506	-0.237485435	-0.29066859	-0.351657306	-0.316610563	2.708159186	-0.216715518	-0.248482936	-0.246684533	-0.119356096	-0.266819597	-0.026083008	-0.243134111	-0.308270396	-0.464313969	-0.212469259	-0.318655606	-0.214387533	-0.215904696	-0.287102312	-0.207846616	-0.182504536	-0.204688182	-0.225946854	-0.225423654	-0.184737669	-0.21580012	-0.225355399	-0.226073413	Normal
544	-2.092331567	-0.018541	3.327534539	-0.248656506	-0.237485435	-0.29066859	-0.351657306	-0.316610563	-0.278717265	-0.216715518	-0.248482936	-0.246684533	-0.119356096	-0.266819597	-0.026083008	-0.243134111	-0.308270396	-0.464313969	-0.212469259	-0.318655606	-0.214387533	-0.215904696	-0.287102312	-0.207846616	-0.182504536	-0.204688182	-0.225946854	-0.225423654	-0.184737669	-0.21580012	-0.225355399	-0.226073413	LumB
545	-2.504424107	-1.58886887	-0.252194661	-0.248656506	-0.237485435	-0.29066859	-0.351657306	-0.316610563	-0.278717265	-0.216715518	-0.248482936	-0.246684533	-0.119356096	-2.942319222	-0.026083008	-0.243134111	-0.308270396	-0.464313969	-0.212469259	-0.318655606	-0.214387533	-0.215904696	-0.287102312	-4.378216145	-0.182504536	-0.204688182	-0.225946854	-0.225423654	-0.184737669	4.129344901	-0.225355399	-0.226073413	Normal
550	-1.093151173	-1.376550988	-0.252194661	-0.248656506	-0.237485435	-0.29066859	-0.351657306	2.375855281	-0.278717265	-0.216715518	-0.248482936	-0.246684533	-0.119356096	-0.266819597	-0.026083008	-0.243134111	-0.308270396	-0.464313969	-0.212469259	-0.318655606	-0.214387533	-0.215904696	2.38659965	-0.207846616	-0.182504536	-0.204688182	-0.225946854	4.000744296	-0.184737669	-0.21580012	-0.225355399	-0.226073413	LumB
551	-1.210926243	-1.706561916	-0.252194661	-0.248656506	-0.237485435	-0.29066859	-0.351657306	-0.316610563	-0.278717265	-0.216715518	-0.248482936	-0.246684533	-0.119356096	-0.266819597	-0.026083008	-0.243134111	-0.308270396	-0.464313969	-0.212469259	-0.318655606	-0.214387533	-0.215904696	-0.287102312	-0.207846616	-0.182504536	-0.204688182	-0.225946854	-0.225423654	-0.184737669	-0.21580012	-0.225355399	-0.226073413	Normal
552	1.404743457	-1.06660812	-0.252194661	-0.248656506	-0.237485435	3.266114292	-0.351657306	-0.316610563	-0.278717265	-0.216715518	-0.248482936	-0.246684533	-0.119356096	-0.266819597	-0.026083008	-0.243134111	-0.308270396	-0.464313969	4.013698691	2.230272066	-0.214387533	-0.215904696	-0.287102312	-0.207846616	-0.182504536	-0.204688182	-0.225946854	-0.225423654	-0.184737669	-0.21580012	-0.225355399	-0.226073413	Her2
553	-0.351248617	-0.199383405	-0.252194661	3.626355251	-0.237485435	-0.29066859	-0.351657306	-0.316610563	-0.278717265	-0.216715518	-0.248482936	-0.246684533	-0.119356096	-0.266819597	-0.026083008	-0.243134111	-0.308270396	-0.464313969	-0.212469259	1.896478735	-0.214387533	-0.215904696	5.894969631	3.962522913	-0.182504536	-0.204688182	-0.225946854	-0.225423654	-0.184737669	-0.21580012	-0.225355399	-0.226073413	LumA
559	-2.084566715	0.186091924	-0.252194661	2.74095742	-0.237485435	-0.29066859	-0.351657306	-0.316610563	-2.077158939	-0.216715518	-0.248482936	3.812521364	-0.119356096	-0.266819597	-0.026083008	-0.243134111	-0.308270396	4.136303719	-0.212469259	-0.318655606	-0.214387533	-0.215904696	-0.287102312	-0.207846616	-0.182504536	-0.204688182	-0.225946854	-0.225423654	-0.184737669	-0.21580012	-0.225355399	-0.226073413	LumA
568	-2.507237655	-0.921630555	-0.252194661	-0.248656506	-0.237485435	-0.29066859	-0.351657306	-0.316610563	-0.278717265	-0.216715518	-0.248482936	-0.246684533	-0.119356096	-0.266819597	-0.026083008	-0.243134111	-0.308270396	-0.464313969	-0.212469259	-0.318655606	-0.214387533	-0.215904696	-2.960804273	-0.207846616	-0.182504536	-0.204688182	-0.225946854	-0.225423654	-0.184737669	-0.21580012	-0.225355399	-0.226073413	LumA
569	-1.296627782	-1.08256967	-0.252194661	-0.248656506	-0.237485435	-0.29066859	-0.351657306	-0.316610563	-0.278717265	-0.216715518	-0.248482936	-0.246684533	-0.119356096	-0.266819597	-0.026083008	-0.243134111	-0.308270396	-0.464313969	-0.212469259	-0.318655606	-0.214387533	-0.215904696	-0.287102312	-0.207846616	-0.182504536	-0.204688182	-0.225946854	-0.225423654	-0.184737669	-0.21580012	-0.225355399	-0.226073413	LumB
570	-0.263809851	0.663396891	-0.252194661	3.626355251	-0.237485435	-0.29066859	-0.351657306	-0.316610563	-0.278717265	-0.216715518	-0.248482936	3.812521364	-0.119356096	-0.266819597	-0.026083008	-0.243134111	-0.308270396	-0.464313969	-0.212469259	-0.318655606	-0.214387533	-0.215904696	-0.287102312	-0.207846616	-0.182504536	-0.204688182	-0.225946854	-0.225423654	-0.184737669	-0.21580012	-0.225355399	-0.226073413	LumB
571	-2.286106582	-1.376550988	-0.252194661	-0.248656506	-0.237485435	-0.29066859	-0.351657306	-0.316610563	2.462416534	-0.216715518	-0.248482936	-0.246684533	-0.119356096	-0.266819597	-0.026083008	-0.243134111	-0.308270396	-0.464313969	4.013698691	-0.318655606	-0.214387533	-0.215904696	-0.287102312	-0.207846616	-0.182504536	-0.204688182	3.635236175	-0.225423654	-0.184737669	-0.21580012	-0.225355399	-0.226073413	LumA
574	-2.473608906	0.786774753	3.436194286	-0.248656506	-0.237485435	-0.29066859	-0.351657306	2.553269008	2.690618033	-0.216715518	-0.248482936	-0.246684533	-0.119356096	2.408680029	-0.026083008	-0.243134111	-0.308270396	6.370268294	-0.212469259	-0.318655606	-0.214387533	-0.215904696	-0.287102312	-0.207846616	4.089494615	-0.204688182	4.126112021	-0.225423654	-0.184737669	-0.21580012	-0.225355399	-0.226073413	LumA
575	-2.587969384	-1.376550988	-0.252194661	-0.248656506	-0.237485435	-0.29066859	-0.351657306	-0.316610563	-0.278717265	-0.216715518	-0.248482936	-0.246684533	-0.119356096	-0.266819597	-0.026083008	-0.243134111	1.657202656	-0.464313969	-0.212469259	-0.318655606	-0.214387533	-0.215904696	-0.287102312	-0.207846616	-0.182504536	-0.204688182	-0.225946854	-0.225423654	-0.184737669	-0.21580012	-0.225355399	-0.226073413	LumA
576	-2.6419302	-1.706561916	-0.252194661	-0.248656506	-0.237485435	-0.29066859	-0.351657306	3.176402342	-0.278717265	-0.216715518	-0.248482936	-0.246684533	-0.119356096	2.408680029	-0.026083008	-0.243134111	-0.308270396	-0.464313969	-0.212469259	-0.318655606	-0.214387533	-0.215904696	-0.287102312	-0.207846616	-0.182504536	-0.204688182	-0.225946854	-0.225423654	-0.184737669	-0.21580012	-0.225355399	-0.226073413	LumB
580	-1.492157149	-1.169284568	-0.252194661	-0.248656506	-0.237485435	-0.29066859	-0.351657306	-0.316610563	-0.278717265	-0.216715518	-0.248482936	-0.246684533	-0.119356096	-0.266819597	-0.026083008	-0.243134111	-0.308270396	-0.464313969	-0.212469259	-0.318655606	-0.214387533	-0.215904696	-0.287102312	-0.207846616	-0.182504536	-0.204688182	-0.225946854	-0.225423654	-0.184737669	-0.21580012	-0.225355399	-0.226073413	LumA
581	14.2168855	-1.234211799	-0.252194661	-0.248656506	-0.237485435	-0.29066859	-0.351657306	-0.316610563	-0.278717265	-0.216715518	-0.248482936	-0.246684533	-0.119356096	-0.266819597	-0.026083008	-0.243134111	-0.308270396	-0.464313969	-0.212469259	2.961438281	-0.214387533	-0.215904696	-0.287102312	-0.207846616	-0.182504536	-0.204688182	-0.225946854	-0.225423654	-0.184737669	-0.21580012	-0.225355399	-0.226073413	Basal
582	10.39288543	-1.706561916	-0.252194661	-0.248656506	-0.237485435	-0.29066859	-0.351657306	2.611222267	-0.278717265	-0.216715518	-0.248482936	-0.246684533	-0.119356096	-0.266819597	-0.026083008	-0.243134111	-0.308270396	-0.464313969	-0.212469259	3.353165687	-0.214387533	-0.215904696	-0.287102312	-0.207846616	-0.182504536	-0.204688182	-0.225946854	-0.225423654	-0.184737669	-0.21580012	-0.225355399	-0.226073413	Basal
583	-2.662326044	0.924646325	-0.252194661	-0.248656506	-0.237485435	-0.29066859	-0.351657306	-0.316610563	-0.278717265	-0.216715518	-0.248482936	-0.246684533	-0.119356096	-0.266819597	-0.026083008	-0.243134111	-0.308270396	-0.464313969	-0.212469259	-0.318655606	-0.214387533	4.653870979	2.38659965	-0.207846616	-0.182504536	3.900090233	-0.225946854	-0.225423654	-0.184737669	-0.21580012	-0.225355399	-0.226073413	LumA
585	-2.383400842	-1.376550988	-0.252194661	-0.248656506	-0.237485435	-0.29066859	-0.351657306	2.375855281	2.708159186	-0.216715518	-0.248482936	-0.246684533	-0.119356096	-0.266819597	-0.026083008	-0.243134111	-0.308270396	-0.464313969	-0.212469259	-0.318655606	-0.214387533	-0.215904696	-0.287102312	-0.207846616	-0.182504536	-0.204688182	-0.225946854	-0.225423654	-0.184737669	-0.21580012	3.944902431	-0.226073413	LumB
589	-2.035306937	-1.376550988	-0.252194661	-0.248656506	-0.237485435	-0.29066859	-0.351657306	-0.316610563	-0.278717265	-0.216715518	-0.248482936	-0.246684533	-0.119356096	-0.266819597	-0.026083008	-0.243134111	-0.308270396	-0.464313969	-0.212469259	2.230272066	-0.214387533	-0.215904696	-0.287102312	-0.207846616	-0.182504536	-0.204688182	-0.225946854	-0.225423654	-0.184737669	-0.21580012	-0.225355399	-0.226073413	LumB
591	-2.422287088	-1.06660812	-0.252194661	-0.248656506	-0.237485435	-0.29066859	-0.351657306	-0.316610563	-0.278717265	-0.216715518	-0.248482936	-0.246684533	-0.119356096	-0.266819597	-0.026083008	-0.243134111	-0.308270396	1.495584521	-0.212469259	-0.318655606	-0.214387533	-0.215904696	-0.287102312	-0.207846616	-0.182504536	-0.204688182	-0.225946854	-0.225423654	-0.184737669	-0.21580012	-0.225355399	-0.226073413	LumB
593	7.640232436	-1.706561916	-0.252194661	-0.248656506	-0.237485435	-0.29066859	-0.351657306	-0.316610563	-0.278717265	-0.216715518	-0.248482936	-0.246684533	-0.119356096	-0.266819597	-0.026083008	-0.243134111	-0.308270396	-0.464313969	-0.212469259	-0.318655606	-4.676882746	-0.215904696	-0.287102312	-0.207846616	-0.182504536	-0.204688182	-0.225946854	-0.225423654	-0.184737669	-0.21580012	-2.774987617	-0.226073413	Her2
594	-0.932845795	-1.706561916	-0.252194661	-0.248656506	-0.237485435	-0.29066859	-0.351657306	-0.316610563	2.462416534	-0.216715518	-0.248482936	-0.246684533	-0.119356096	-0.266819597	-0.026083008	-0.243134111	-0.308270396	-0.464313969	-0.212469259	-0.318655606	-0.214387533	-0.215904696	-3.072314304	-0.207846616	-0.182504536	3.900090233	-0.225946854	-0.225423654	-0.184737669	-0.21580012	-0.225355399	-0.226073413	LumB
596	-2.595345744	-1.376550988	-0.252194661	-0.248656506	-0.237485435	-0.29066859	-0.351657306	-0.316610563	-0.278717265	-0.216715518	-0.248482936	-0.246684533	-0.119356096	-0.266819597	-0.026083008	-0.243134111	-0.308270396	-0.464313969	-0.212469259	-0.318655606	-0.214387533	-0.215904696	-0.287102312	-0.207846616	-0.182504536	-0.204688182	-0.225946854	-0.225423654	-0.184737669	-0.21580012	-0.225355399	-0.226073413	LumA
597	-2.415905022	-1.376550988	-0.252194661	-0.248656506	3.834389461	-0.29066859	-0.351657306	-0.316610563	-0.278717265	-0.216715518	-0.248482936	-0.246684533	-0.119356096	-0.266819597	-0.026083008	-0.243134111	-0.308270396	-0.464313969	-0.212469259	-0.318655606	-0.214387533	-0.215904696	-0.287102312	-0.207846616	-0.182504536	-0.204688182	-0.225946854	-0.225423654	-0.184737669	-0.21580012	-0.225355399	-0.226073413	Normal
600	-2.019687973	-1.376550988	-0.252194661	-0.248656506	-0.237485435	-0.29066859	-0.351657306	-0.316610563	2.708159186	-0.216715518	-0.248482936	-0.246684533	-0.119356096	-0.266819597	-0.026083008	-0.243134111	-0.308270396	3.729549096	-0.212469259	-0.318655606	-0.214387533	-0.215904696	-0.287102312	-0.207846616	-0.182504536	-0.204688182	-0.225946854	-0.225423654	-0.184737669	-0.21580012	-0.225355399	-0.226073413	LumA
601	1.787439691	-1.234211799	-0.252194661	-0.248656506	-0.237485435	-3.847451473	-0.351657306	-0.316610563	-0.278717265	-0.216715518	3.667156037	-0.246684533	-0.119356096	-0.266819597	-0.026083008	-0.243134111	-0.308270396	-0.464313969	-0.212469259	-0.318655606	-0.214387533	-0.215904696	-0.287102312	-0.207846616	-0.182504536	-0.204688182	-0.225946854	-0.225423654	-0.184737669	-0.21580012	-0.225355399	-0.226073413	LumB
603	-2.282806282	1.599668298	-0.252194661	-0.248656506	-0.237485435	-0.29066859	-0.351657306	-0.316610563	-0.278717265	4.067652388	-0.248482936	3.637583228	-0.119356096	-0.266819597	-0.026083008	3.270103434	-0.308270396	1.488571256	-0.212469259	-0.318655606	-0.214387533	4.653870979	-0.287102312	-0.207846616	-0.182504536	-0.204688182	-0.225946854	-0.225423654	-0.184737669	-0.21580012	-0.225355399	-0.226073413	LumA
605	-2.212289857	-1.376550988	-0.252194661	-0.248656506	-0.237485435	-0.29066859	-0.351657306	-0.316610563	2.690618033	-0.216715518	-0.248482936	-0.246684533	-0.119356096	-0.266819597	-0.026083008	-0.243134111	-0.308270396	-0.464313969	-0.212469259	-0.318655606	-0.214387533	-0.215904696	-0.287102312	-0.207846616	-0.182504536	-0.204688182	-0.225946854	-0.225423654	-0.184737669	-0.21580012	-0.225355399	-0.226073413	LumA
606	-2.578643098	-1.706561916	-0.252194661	-0.248656506	-0.237485435	-0.29066859	-0.351657306	-0.316610563	-0.278717265	-0.216715518	-0.248482936	-0.246684533	-0.119356096	-0.266819597	-0.026083008	-0.243134111	-0.308270396	-0.464313969	-0.212469259	-0.318655606	-0.214387533	-0.215904696	-0.287102312	-0.207846616	-0.182504536	-0.204688182	-0.225946854	-0.225423654	-0.184737669	-0.21580012	-0.225355399	-0.226073413	LumB
609	-2.343911525	-0.616018569	-0.252194661	-0.248656506	-0.237485435	-0.29066859	-0.351657306	-0.316610563	-0.278717265	-0.216715518	-0.248482936	-0.246684533	-0.119356096	-0.266819597	-0.026083008	-0.243134111	-0.308270396	-0.464313969	-0.212469259	-0.318655606	-0.214387533	-0.215904696	-0.287102312	-0.207846616	-0.182504536	-0.204688182	-0.225946854	-0.225423654	-0.184737669	4.129344901	-0.225355399	-0.226073413	LumA
615	4.692713389	-1.706561916	-0.252194661	-0.248656506	-0.237485435	-0.29066859	-0.351657306	-0.316610563	-0.278717265	4.067652388	-0.248482936	-0.246684533	-0.119356096	-0.266819597	-0.026083008	-0.243134111	-0.308270396	-0.464313969	-0.212469259	-0.318655606	-0.214387533	-0.215904696	-0.287102312	-0.207846616	-0.182504536	-0.204688182	-0.225946854	4.400113964	-0.184737669	-0.21580012	-4.395613229	-0.226073413	Normal
616	-1.12767406	-1.284313684	-0.252194661	-0.248656506	-0.237485435	6.399674197	-0.351657306	-0.316610563	-0.278717265	-0.216715518	-0.248482936	-0.246684533	-0.119356096	-0.266819597	-0.026083008	-0.243134111	-0.308270396	2.176405229	-0.212469259	-0.318655606	-0.214387533	-0.215904696	-0.287102312	-0.207846616	-4.454503688	-0.204688182	-0.225946854	-0.225423654	-0.184737669	-0.21580012	-0.225355399	-0.226073413	LumB
618	-2.662326044	-1.127673922	-0.252194661	-0.248656506	-0.237485435	-0.29066859	-0.351657306	-0.316610563	-0.278717265	-0.216715518	-0.248482936	7.696789124	-0.119356096	-0.266819597	-0.026083008	-0.243134111	-0.308270396	-0.464313969	-0.212469259	1.896478735	-0.214387533	-0.215904696	2.498109681	-0.207846616	-0.182504536	-0.204688182	-0.225946854	-0.225423654	-0.184737669	-0.21580012	-0.225355399	-0.226073413	LumB
621	-2.662326044	-1.706561916	-0.252194661	-0.248656506	-0.237485435	-0.29066859	-0.351657306	-0.316610563	-0.278717265	-0.216715518	-0.248482936	-0.246684533	-0.119356096	-0.266819597	-0.026083008	-0.243134111	-0.308270396	-0.464313969	-0.212469259	-0.318655606	-0.214387533	-0.215904696	-0.287102312	-0.207846616	-0.182504536	-0.204688182	-0.225946854	-0.225423654	-0.184737669	-0.21580012	-0.225355399	-0.226073413	LumA
623	-2.507862906	-1.376550988	-0.252194661	-0.248656506	3.834389461	-0.29066859	-0.351657306	-0.316610563	-0.278717265	4.121964595	-0.248482936	-0.246684533	-0.119356096	4.196335733	-0.026083008	-0.243134111	0.738645226	-0.464313969	-0.212469259	-0.318655606	-0.214387533	8.999015999	-0.287102312	-0.207846616	-0.182504536	-0.204688182	-0.225946854	-0.225423654	-0.184737669	-0.21580012	-0.225355399	-0.226073413	Normal
626	0.333758365	-0.94247016	2.749125977	-0.248656506	-0.237485435	3.266114292	-0.351657306	3.176402342	-3.248052563	-0.216715518	-0.248482936	-0.246684533	-0.119356096	-0.266819597	-0.026083008	-0.243134111	-0.308270396	-2.468394951	-0.212469259	2.961438281	-0.214387533	-0.215904696	-0.287102312	-0.207846616	-0.182504536	-0.204688182	-0.225946854	-0.225423654	-0.184737669	3.888978296	-0.225355399	-0.226073413	LumB
628	-2.088242604	-1.376550988	-0.252194661	-0.248656506	-0.237485435	-0.29066859	-0.351657306	-0.316610563	-0.278717265	-0.216715518	-0.248482936	-0.246684533	-0.119356096	-0.266819597	-0.026083008	-0.243134111	-0.308270396	-0.464313969	-0.212469259	-0.318655606	-0.214387533	-0.215904696	-0.287102312	-0.207846616	-0.182504536	-0.204688182	-0.225946854	-0.225423654	-0.184737669	-0.21580012	-0.225355399	-0.226073413	Normal
631	-2.445706783	-1.706561916	3.327534539	-0.248656506	-0.237485435	-0.29066859	-0.351657306	-0.316610563	-0.278717265	-0.216715518	-0.248482936	-0.246684533	-0.119356096	6.871835359	-0.026083008	-0.243134111	-0.308270396	-0.464313969	-0.212469259	-0.318655606	-0.214387533	-0.215904696	-0.287102312	-0.207846616	-0.182504536	-0.204688182	-0.225946854	-0.225423654	-0.184737669	-0.21580012	-0.225355399	-0.226073413	LumA
632	-0.843470652	-1.706561916	2.749125977	-0.248656506	-0.237485435	-0.29066859	-0.351657306	-0.316610563	-0.278717265	-0.216715518	5.254515245	-0.246684533	-0.119356096	-0.266819597	-0.026083008	-0.243134111	3.563735876	-0.464313969	-0.212469259	-0.318655606	-0.214387533	4.653870979	-0.287102312	-0.207846616	-0.182504536	-4.673308991	-0.225946854	-0.225423654	-0.184737669	-0.21580012	-0.225355399	-0.226073413	LumA
637	-0.084563606	-1.376550988	-0.252194661	-0.248656506	-0.237485435	-0.29066859	-0.351657306	-0.316610563	-0.278717265	-0.216715518	-0.248482936	-0.246684533	-0.119356096	-0.266819597	-0.026083008	-0.243134111	-0.308270396	-0.464313969	-0.212469259	-0.318655606	-0.214387533	-0.215904696	-0.287102312	-0.207846616	-0.182504536	-0.204688182	-0.225946854	-0.225423654	-0.184737669	-0.21580012	-0.225355399	-0.226073413	LumB
638	-2.314909533	-0.888166486	-0.252194661	-0.248656506	8.459927079	-0.29066859	-0.351657306	-0.316610563	-0.278717265	-0.216715518	-0.248482936	-0.246684533	-0.119356096	-0.266819597	-0.026083008	-0.243134111	-0.308270396	-0.464313969	-0.212469259	-0.318655606	3.801473094	-0.215904696	-0.287102312	-0.207846616	-0.182504536	-0.204688182	-0.225946854	-0.225423654	-0.184737669	-0.21580012	-0.225355399	-0.226073413	Normal
639	3.096608297	-1.376550988	-0.252194661	-0.248656506	-0.237485435	-0.29066859	-0.351657306	-0.316610563	-0.278717265	-0.216715518	-0.248482936	-0.246684533	-0.119356096	-0.266819597	-0.026083008	-0.243134111	-0.308270396	-0.464313969	-0.212469259	-0.318655606	-0.214387533	-0.215904696	-0.287102312	-0.207846616	-0.182504536	-0.204688182	-0.225946854	-0.225423654	-0.184737669	-0.21580012	-0.225355399	-0.226073413	Basal
642	-2.335315914	1.730396036	-0.252194661	-0.248656506	-0.237485435	-0.29066859	-0.351657306	-0.316610563	-0.278717265	-0.216715518	-0.248482936	3.637583228	-0.119356096	-0.266819597	-0.026083008	-0.243134111	-0.308270396	-0.464313969	-0.212469259	-0.318655606	-0.214387533	-0.215904696	-0.287102312	-0.207846616	-0.182504536	-0.204688182	-0.225946854	-0.225423654	-0.184737669	-0.21580012	-0.225355399	-0.226073413	LumA
643	8.016634389	-1.706561916	-0.252194661	-0.248656506	-0.237485435	-0.29066859	-0.351657306	-0.316610563	-2.958558223	-0.216715518	-0.248482936	-0.246684533	-0.119356096	-0.266819597	-0.026083008	-0.243134111	-0.308270396	-0.464313969	-0.212469259	-0.318655606	-0.214387533	-0.215904696	-0.287102312	-0.207846616	-0.182504536	-0.204688182	-0.225946854	4.400113964	-0.184737669	-0.21580012	-0.225355399	-0.226073413	Her2
646	-1.95628203	-0.203101091	-0.252194661	-0.248656506	-0.237485435	-0.29066859	-0.351657306	2.375855281	-0.278717265	-0.216715518	-0.248482936	3.637583228	-0.119356096	-0.266819597	-0.026083008	-0.243134111	-0.308270396	-0.464313969	-0.212469259	-0.318655606	-0.214387533	-0.215904696	-0.287102312	-0.207846616	-0.182504536	-0.204688182	-0.225946854	-0.225423654	-0.184737669	-0.21580012	2.32427682	-0.226073413	LumB
649	-2.662326044	-1.181606806	-0.252194661	-0.248656506	-0.237485435	-0.29066859	-0.351657306	-0.316610563	-0.278717265	-0.216715518	-0.248482936	-0.246684533	-0.119356096	-0.266819597	-0.026083008	-0.243134111	-0.308270396	-0.464313969	-0.212469259	-0.318655606	-0.214387533	-0.215904696	-0.287102312	-0.207846616	-0.182504536	-0.204688182	-0.225946854	-0.225423654	-0.184737669	-0.21580012	-0.225355399	-0.226073413	LumA
650	-2.038671966	-1.706561916	-0.252194661	-0.248656506	-0.237485435	-0.29066859	-0.351657306	-0.316610563	-0.278717265	-0.216715518	-0.248482936	-0.246684533	-0.119356096	-0.266819597	-0.026083008	-0.243134111	-0.308270396	-0.464313969	-0.212469259	-0.318655606	-0.214387533	-0.215904696	-0.287102312	-0.207846616	-0.182504536	-0.204688182	-0.225946854	-0.225423654	-0.184737669	-0.21580012	-0.225355399	-0.226073413	LumA
653	3.385957654	-1.396619048	-0.252194661	-0.248656506	-0.237485435	-0.29066859	-0.351657306	-0.316610563	-0.278717265	-0.216715518	-0.248482936	-0.246684533	-0.119356096	-0.266819597	-0.026083008	-0.243134111	-0.308270396	-0.464313969	4.013698691	-0.318655606	-0.214387533	-0.215904696	-0.287102312	3.962522913	4.089494615	-0.204688182	-0.225946854	-0.225423654	-0.184737669	-0.21580012	-0.225355399	-0.226073413	Her2
655	-2.536547601	1.738064879	-0.252194661	-0.248656506	-0.237485435	-0.29066859	-0.351657306	3.176402342	-0.278717265	-0.216715518	-0.248482936	-0.246684533	-0.119356096	-0.266819597	-0.026083008	-0.243134111	-0.308270396	-0.464313969	-0.212469259	-0.318655606	-0.214387533	-0.215904696	-0.287102312	4.561689904	-0.182504536	-0.204688182	-0.225946854	-0.225423654	-0.184737669	-0.21580012	-0.225355399	-0.226073413	Normal
659	3.249046956	-0.878839334	-0.252194661	-0.248656506	-0.237485435	-0.29066859	-0.351657306	-0.316610563	2.690618033	-0.216715518	-0.248482936	-0.246684533	-0.119356096	-0.266819597	-0.026083008	-0.243134111	1.533509197	-0.464313969	-0.212469259	3.353165687	-0.214387533	-0.215904696	-0.287102312	-0.207846616	-0.182504536	-0.204688182	-0.225946854	-0.225423654	-4.194507045	-0.21580012	-0.225355399	-0.226073413	Normal
662	0.053152374	-1.376550988	-0.252194661	-0.248656506	-0.237485435	-0.29066859	-0.351657306	-0.316610563	-0.278717265	-0.216715518	-0.248482936	-0.246684533	-0.119356096	-0.266819597	-0.026083008	-0.243134111	-0.308270396	-0.464313969	-0.212469259	1.896478735	-0.214387533	-0.215904696	-0.287102312	-0.207846616	-0.182504536	-0.204688182	-0.225946854	-0.225423654	-0.184737669	-0.21580012	2.32427682	-0.226073413	Normal
663	8.751049617	-1.706561916	-0.252194661	-0.248656506	-0.237485435	-0.29066859	-0.351657306	-0.316610563	-0.278717265	-0.216715518	-0.248482936	-0.246684533	-0.119356096	-0.266819597	-0.026083008	-0.243134111	-0.308270396	-0.464313969	-0.212469259	-0.318655606	-0.214387533	-0.215904696	-0.287102312	-0.207846616	-0.182504536	-0.204688182	-0.225946854	4.400113964	-0.184737669	-0.21580012	-0.225355399	4.18262001	Her2
664	13.32173704	-1.204794248	-3.940583607	-0.248656506	-0.237485435	-0.29066859	-0.351657306	-0.316610563	-0.278717265	-0.216715518	-0.248482936	-0.246684533	-0.119356096	-0.266819597	-0.026083008	-0.243134111	-0.308270396	-0.464313969	-0.212469259	-0.318655606	-0.214387533	-0.215904696	-0.287102312	-0.207846616	-0.182504536	-0.204688182	-0.225946854	-0.225423654	-0.184737669	-0.21580012	-0.225355399	-0.226073413	Basal
666	2.759586873	-1.706561916	-0.252194661	-0.248656506	-0.237485435	-0.29066859	-0.351657306	-0.316610563	-0.278717265	-0.216715518	3.667156037	-0.246684533	-0.119356096	-0.266819597	-0.026083008	-0.243134111	-0.308270396	-0.464313969	-0.212469259	-0.318655606	-0.214387533	-0.215904696	5.073139762	-0.207846616	-0.182504536	-0.204688182	3.635236175	-0.225423654	-0.184737669	-0.21580012	-0.225355399	8.144795434	LumA
872	-2.185756073	-1.014557677	-0.252194661	-0.248656506	-0.237485435	-0.29066859	-0.351657306	2.553269008	-0.278717265	-0.216715518	-0.248482936	-0.246684533	-0.119356096	4.196335733	-0.026083008	-0.243134111	-0.308270396	-0.464313969	-0.212469259	-0.318655606	-0.214387533	-0.215904696	-0.287102312	-0.207846616	-0.182504536	-0.204688182	-0.225946854	-0.225423654	-0.184737669	-0.21580012	-0.225355399	-0.226073413	Normal
877	3.917540701	-1.824254961	-0.252194661	-0.248656506	-0.237485435	-0.29066859	1.459868307	-0.316610563	-0.278717265	-0.216715518	-0.248482936	-0.246684533	-0.119356096	-0.266819597	-0.026083008	-0.243134111	-2.150049989	-0.464313969	-0.212469259	-0.318655606	-0.214387533	-0.215904696	-0.287102312	-0.207846616	-4.945695833	-0.204688182	-0.225946854	-0.225423654	-0.184737669	8.234123316	-0.225355399	-0.226073413	LumB
880	-2.017822858	-1.218177413	-0.252194661	-0.248656506	-0.237485435	-0.29066859	-0.351657306	-0.316610563	-0.278717265	-0.216715518	-0.248482936	-0.246684533	-0.119356096	-0.266819597	-0.026083008	-0.243134111	-0.308270396	-0.464313969	-0.212469259	-0.318655606	-0.214387533	-0.215904696	-0.287102312	-0.207846616	-0.182504536	8.368711043	-0.225946854	-0.225423654	-0.184737669	-0.21580012	-0.225355399	-0.226073413	LumA
884	1.853823756	-0.50490473	-0.252194661	-0.248656506	-0.237485435	-0.29066859	-0.351657306	-0.316610563	-0.278717265	-0.216715518	-0.248482936	-0.246684533	-0.119356096	-0.266819597	-0.026083008	-0.243134111	-0.308270396	-0.464313969	-0.212469259	-0.318655606	-0.214387533	-0.215904696	-0.287102312	-0.207846616	-0.182504536	-0.204688182	-0.225946854	-0.225423654	-0.184737669	3.888978296	-0.225355399	-0.226073413	LumB
895	2.315737127	-1.706561916	-0.252194661	-0.248656506	-0.237485435	-0.29066859	-0.351657306	-0.316610563	-0.278717265	-0.216715518	-0.248482936	-0.246684533	-0.119356096	-0.266819597	-0.026083008	-0.243134111	-0.308270396	-0.464313969	-0.212469259	-0.318655606	-0.214387533	-0.215904696	-0.287102312	-0.207846616	-0.182504536	-0.204688182	-0.225946854	-0.225423654	-0.184737669	-0.21580012	-0.225355399	-0.226073413	LumB
897	-1.000669086	-0.995726235	-0.252194661	-0.248656506	-0.237485435	-0.29066859	-0.351657306	-0.316610563	-0.278717265	-0.216715518	-0.248482936	-0.246684533	-0.119356096	-0.266819597	-0.026083008	-0.243134111	-0.308270396	-0.464313969	-0.212469259	-0.318655606	-0.214387533	-0.215904696	-0.287102312	-0.207846616	-0.182504536	-0.204688182	-0.225946854	-0.225423654	-0.184737669	-0.21580012	-0.225355399	-0.226073413	Normal
899	-2.596836937	-0.697137162	-0.252194661	-0.248656506	-0.237485435	-0.29066859	-0.351657306	-0.316610563	-0.278717265	-0.216715518	-0.248482936	-0.246684533	-0.119356096	-0.266819597	-0.026083008	-0.243134111	-0.308270396	-0.464313969	-0.212469259	-0.318655606	-0.214387533	-0.215904696	-0.287102312	-0.207846616	-0.182504536	-0.204688182	-0.225946854	-0.225423654	-0.184737669	-0.21580012	-0.225355399	-0.226073413	LumA
901	11.59818113	-1.376550988	-0.252194661	-0.248656506	-0.237485435	-0.29066859	-0.351657306	-0.316610563	-0.278717265	-0.216715518	-0.248482936	-0.246684533	-0.119356096	-0.266819597	-0.026083008	-0.243134111	-0.308270396	-0.464313969	-0.212469259	1.896478735	-0.214387533	-0.215904696	-0.287102312	-0.207846616	-0.182504536	4.263932627	-0.225946854	-0.225423654	-0.184737669	-0.21580012	-0.225355399	-0.226073413	Basal
904	-2.219812419	-1.012303893	-0.252194661	-0.248656506	-0.237485435	-0.29066859	-0.351657306	-0.316610563	-0.278717265	8.406332501	-0.248482936	-0.246684533	-0.119356096	-0.266819597	-0.026083008	-0.243134111	-0.308270396	-0.464313969	-0.212469259	-0.318655606	-0.214387533	-0.215904696	-0.287102312	-0.207846616	-0.182504536	-0.204688182	-0.225946854	-0.225423654	-0.184737669	-0.21580012	-0.225355399	-0.226073413	LumA
2517	5.291327653	-1.376550988	-0.252194661	-0.248656506	-0.237485435	2.769871954	-0.351657306	-0.316610563	-0.278717265	-0.216715518	-0.248482936	-0.246684533	-0.119356096	-0.266819597	-0.026083008	-0.243134111	-0.308270396	1.539767013	-0.212469259	-0.318655606	-0.214387533	-0.215904696	-0.287102312	-0.207846616	-0.182504536	-0.204688182	-0.225946854	-0.225423654	-0.184737669	-0.21580012	4.062030975	-0.226073413	Her2
2536	-2.004214915	0.247398613	-0.252194661	-0.248656506	-0.237485435	-3.424228495	1.459868307	-0.316610563	-0.278717265	-0.216715518	-0.248482936	-0.246684533	-0.119356096	-0.266819597	-0.026083008	-0.243134111	-0.308270396	-0.464313969	-0.212469259	-0.318655606	-0.214387533	-0.215904696	-0.287102312	-0.207846616	-0.182504536	-0.204688182	-0.225946854	-0.225423654	-0.184737669	-0.21580012	-0.225355399	-0.226073413	LumA
2564	-1.973111887	-0.888166486	3.327534539	-0.248656506	-0.237485435	-0.29066859	-0.351657306	-0.316610563	-0.278717265	-0.216715518	-0.248482936	3.812521364	-0.119356096	-0.266819597	-0.026083008	-0.243134111	-0.308270396	-0.464313969	-0.212469259	-0.318655606	-0.214387533	-0.215904696	-0.287102312	-0.207846616	-0.182504536	-0.204688182	-0.225946854	4.000744296	-0.184737669	-0.21580012	-0.225355399	-0.226073413	LumA
2610	-2.057712646	-0.979351954	-0.252194661	-0.248656506	-0.237485435	-0.29066859	2.606252381	-0.316610563	-0.278717265	-0.216715518	1.338876272	-0.246684533	10.68358548	-0.266819597	-0.026083008	-0.243134111	-0.308270396	-0.464313969	4.013698691	-0.318655606	-0.214387533	-0.215904696	-0.287102312	-0.207846616	-0.182504536	-0.204688182	-0.225946854	-0.225423654	-0.184737669	3.888978296	2.32427682	-0.226073413	LumA
2613	-0.130693149	-0.186198119	-0.252194661	-0.248656506	-0.237485435	3.266114292	2.889688466	-0.316610563	-0.278717265	-0.216715518	3.718555099	-0.246684533	-0.119356096	-0.266819597	-0.026083008	-0.243134111	-0.308270396	-0.464313969	-0.212469259	-0.318655606	-0.214387533	-0.215904696	-0.287102312	-0.207846616	-0.182504536	-0.204688182	4.126112021	-0.225423654	-0.184737669	-0.21580012	-0.225355399	-0.226073413	LumB
2614	-1.213781099	-0.936788327	-0.252194661	-0.248656506	-0.237485435	-0.29066859	4.373832616	-0.316610563	-0.278717265	4.067652388	-0.248482936	7.696789124	-0.119356096	-0.266819597	-0.026083008	-0.243134111	-0.308270396	1.488571256	-0.212469259	-0.318655606	-0.214387533	-0.215904696	-0.287102312	-0.207846616	-0.182504536	-0.204688182	-0.225946854	-0.225423654	-0.184737669	-0.21580012	-0.225355399	3.736102011	LumA
2617	-2.602319177	-1.376550988	-0.252194661	-0.248656506	-0.237485435	-0.29066859	-0.351657306	-0.316610563	-0.278717265	-0.216715518	-0.248482936	7.696789124	-0.119356096	-0.266819597	-0.026083008	-0.243134111	-0.308270396	-0.464313969	-0.212469259	-0.318655606	-0.214387533	-0.215904696	-0.287102312	-0.207846616	-0.182504536	-0.204688182	-0.225946854	-0.225423654	-0.184737669	-0.21580012	-0.225355399	-0.226073413	LumB
2618	-2.339102371	2.400896614	-0.252194661	-0.248656506	-0.237485435	-0.29066859	8.761562461	2.375855281	-0.278717265	-0.216715518	-0.248482936	-0.246684533	-0.119356096	-0.266819597	-0.026083008	-0.243134111	-0.308270396	2.176405229	-0.212469259	-0.318655606	-0.214387533	-0.215904696	-0.287102312	-0.207846616	-0.182504536	-0.204688182	-0.225946854	-0.225423654	-0.184737669	-0.21580012	-0.225355399	-0.226073413	LumB
2624	-2.337958936	-0.164410421	-0.252194661	-0.248656506	-0.237485435	-0.29066859	-0.351657306	-0.316610563	-0.278717265	-0.216715518	-0.248482936	-0.246684533	-0.119356096	-0.266819597	-0.026083008	-0.243134111	-0.308270396	-0.464313969	4.325837086	-0.318655606	-0.214387533	-0.215904696	-0.287102312	-0.207846616	-0.182504536	-0.204688182	-0.225946854	-0.225423654	-0.184737669	-0.21580012	-0.225355399	-0.226073413	LumA
2626	-0.931712359	-0.172696571	-0.252194661	-0.248656506	-0.237485435	-0.29066859	1.459868307	-0.316610563	-0.278717265	-0.216715518	-0.248482936	-0.246684533	-0.119356096	-0.266819597	-0.026083008	-0.243134111	-0.308270396	-0.464313969	-0.212469259	-0.318655606	-0.214387533	-0.215904696	-0.287102312	-0.207846616	-0.182504536	-0.204688182	-0.225946854	-0.225423654	-0.184737669	-0.21580012	-0.225355399	-0.226073413	LumB
2632	11.42559338	-1.706561916	-0.252194661	-0.248656506	-0.237485435	-0.29066859	2.606252381	3.176402342	-0.278717265	-0.216715518	-0.248482936	-0.246684533	-0.119356096	-0.266819597	3.763070347	-0.243134111	-0.308270396	-0.464313969	-0.212469259	-0.318655606	-0.214387533	-0.215904696	-0.287102312	-0.207846616	-0.182504536	-0.204688182	-0.225946854	-0.225423654	-0.184737669	-0.21580012	6.611663194	-0.226073413	Her2
2634	-0.901020472	1.237869114	10.01724412	-0.248656506	-0.237485435	-0.29066859	2.606252381	-0.316610563	-0.278717265	-0.216715518	-0.248482936	-0.246684533	4.219324018	-0.266819597	-0.026083008	-0.243134111	-0.308270396	1.495584521	4.013698691	-0.318655606	-0.214387533	-0.215904696	-0.287102312	-0.207846616	-0.182504536	-0.204688182	-0.225946854	-0.225423654	-0.184737669	-0.21580012	4.062030975	-0.226073413	LumB
2645	6.337776376	-0.732176334	-0.252194661	-0.248656506	-0.237485435	-0.29066859	-0.351657306	-0.316610563	-0.278717265	-0.216715518	3.667156037	-0.246684533	-0.119356096	-0.266819597	-0.026083008	-0.243134111	-0.308270396	-0.464313969	-0.212469259	-0.318655606	-0.214387533	-0.215904696	-0.287102312	-4.977383136	-0.182504536	-0.204688182	-0.225946854	-0.225423654	-0.184737669	-0.21580012	-0.225355399	-0.226073413	Basal
2669	-2.00554049	-0.630751396	-0.252194661	-0.248656506	-0.237485435	-0.29066859	-0.351657306	-0.316610563	-0.278717265	-0.216715518	-0.248482936	-0.246684533	-0.119356096	-0.266819597	-0.026083008	-0.243134111	-0.308270396	3.780744853	-0.212469259	-0.318655606	-0.214387533	-0.215904696	-0.287102312	-0.207846616	-0.182504536	-0.204688182	-0.225946854	-0.225423654	-0.184737669	-0.21580012	-0.225355399	-0.226073413	LumA
2686	-0.955787822	-1.376550988	-0.252194661	-0.248656506	-0.237485435	-0.29066859	2.606252381	-0.316610563	-0.278717265	-0.216715518	-0.248482936	-0.246684533	-0.119356096	-0.266819597	-0.026083008	-0.243134111	-0.308270396	-0.464313969	-0.212469259	-0.318655606	-0.214387533	-0.215904696	-0.287102312	-0.207846616	-0.182504536	-0.204688182	-0.225946854	-0.225423654	-0.184737669	-0.21580012	-0.225355399	-0.226073413	LumB
2705	-2.330046784	-0.871663938	-0.252194661	-0.248656506	-0.237485435	-0.29066859	-0.351657306	-0.316610563	-0.278717265	-0.216715518	-0.248482936	-0.246684533	-0.119356096	-0.266819597	-0.026083008	-0.243134111	-0.308270396	-0.464313969	-0.212469259	-0.318655606	3.801473094	4.129240324	-0.287102312	-0.207846616	-0.182504536	-0.204688182	-0.225946854	-0.225423654	-0.184737669	-0.21580012	-0.225355399	-0.226073413	LumB
2708	-2.174832403	-1.376550988	-0.252194661	-0.248656506	-0.237485435	-0.29066859	-0.351657306	-0.316610563	-0.278717265	-0.216715518	-0.248482936	-0.246684533	-0.119356096	-0.266819597	-0.026083008	-0.243134111	-0.308270396	1.539767013	-0.212469259	-0.318655606	-0.214387533	-0.215904696	-0.287102312	3.962522913	-0.182504536	-0.204688182	-0.225946854	-0.225423654	-0.184737669	-0.21580012	-0.225355399	-0.226073413	LumB
2711	-2.662326044	1.331939838	-0.252194661	-0.248656506	-0.237485435	-0.29066859	-0.351657306	2.611222267	-0.278717265	-0.216715518	-0.248482936	-0.246684533	-0.119356096	-0.266819597	-0.026083008	-0.243134111	-0.308270396	-0.464313969	-0.212469259	-0.318655606	-0.214387533	-0.215904696	-0.287102312	-0.207846616	4.089494615	-0.204688182	-0.225946854	-0.225423654	-0.184737669	-0.21580012	-0.225355399	-0.226073413	LumA
2712	-2.662326044	-0.449662649	-0.252194661	-0.248656506	-0.237485435	-0.29066859	-0.351657306	-0.316610563	-0.278717265	-0.216715518	-0.248482936	-0.246684533	-0.119356096	-0.266819597	-0.026083008	-0.243134111	-0.308270396	-0.464313969	-0.212469259	-0.318655606	-0.214387533	-0.215904696	-0.287102312	-0.207846616	4.580686761	-0.204688182	-0.225946854	-0.225423654	-0.184737669	-0.21580012	-0.225355399	-0.226073413	LumA
2718	4.749836341	-0.874515524	-0.252194661	-0.248656506	-0.237485435	-0.29066859	5.803652774	-0.316610563	-0.278717265	-0.216715518	3.718555099	-0.246684533	-0.119356096	-0.266819597	-0.026083008	-0.243134111	-0.308270396	-0.464313969	-0.212469259	-0.318655606	-0.214387533	-0.215904696	-0.287102312	4.561689904	-0.182504536	-0.204688182	-0.225946854	-0.225423654	-0.184737669	-0.21580012	-0.225355399	-0.226073413	Basal
2728	-1.853459798	-1.706561916	-0.252194661	-0.248656506	-0.237485435	-0.29066859	-0.351657306	-0.316610563	-0.278717265	-0.216715518	-0.248482936	-0.246684533	-0.119356096	-0.266819597	-0.026083008	-0.243134111	-0.308270396	-0.464313969	-0.212469259	-0.318655606	-0.214387533	-0.215904696	-0.287102312	-0.207846616	-0.182504536	-0.204688182	-0.225946854	-0.225423654	-0.184737669	-0.21580012	-0.225355399	-0.226073413	LumB
2742	13.72538889	-1.706561916	-0.252194661	-0.248656506	-0.237485435	-0.29066859	-0.351657306	2.611222267	-0.278717265	-0.216715518	-0.248482936	-0.246684533	-0.119356096	-0.266819597	-0.026083008	-0.243134111	-0.308270396	-0.464313969	-0.212469259	-0.318655606	-0.214387533	-0.215904696	-0.287102312	-0.207846616	-0.182504536	-0.204688182	-0.225946854	-0.225423654	-0.184737669	-0.21580012	-0.225355399	-0.226073413	Her2
2744	-1.993236714	-1.376550988	-0.252194661	-0.248656506	-0.237485435	-0.29066859	-0.351657306	-0.316610563	-0.278717265	-0.216715518	-0.248482936	-0.246684533	-0.119356096	-0.266819597	-0.026083008	-0.243134111	-0.308270396	-0.464313969	-0.212469259	-0.318655606	-0.214387533	-0.215904696	-0.287102312	-0.207846616	-0.182504536	-0.204688182	-0.225946854	-0.225423654	-0.184737669	-0.21580012	-0.225355399	-0.226073413	Normal
2745	-2.479201469	-0.536949167	-0.252194661	2.74095742	-0.237485435	-0.29066859	-0.351657306	-0.316610563	-0.278717265	-0.216715518	-0.248482936	-0.246684533	-0.119356096	2.408680029	-0.026083008	-0.243134111	-0.308270396	-0.464313969	-0.212469259	-0.318655606	-0.214387533	-0.215904696	-0.287102312	-0.207846616	-0.182504536	-0.204688182	-0.225946854	-0.225423654	-0.184737669	-0.21580012	-0.225355399	-0.226073413	LumA
2747	-2.588850583	-1.376550988	-0.252194661	-0.248656506	-0.237485435	-0.29066859	-0.351657306	-0.316610563	-0.278717265	-0.216715518	-0.248482936	-0.246684533	-0.119356096	-0.266819597	-0.026083008	-0.243134111	-0.308270396	-0.464313969	-0.212469259	-0.318655606	-0.214387533	-0.215904696	-0.287102312	-0.207846616	-0.182504536	-0.204688182	-0.225946854	-0.225423654	-0.184737669	-0.21580012	-0.225355399	-0.226073413	LumA
2749	-2.427647177	-0.845009741	-0.252194661	-0.248656506	-0.237485435	-0.29066859	-0.351657306	-0.316610563	-0.278717265	-0.216715518	-0.248482936	-0.246684533	-0.119356096	-0.266819597	-0.026083008	-0.243134111	-0.308270396	-0.464313969	-0.212469259	-0.318655606	-0.214387533	-0.215904696	-0.287102312	-0.207846616	-0.182504536	-0.204688182	-0.225946854	-0.225423654	-0.184737669	-0.21580012	-0.225355399	-0.226073413	LumA
2750	-2.662326044	-0.672013031	-0.252194661	-0.248656506	-0.237485435	-0.29066859	-0.351657306	-0.316610563	-0.278717265	-0.216715518	-0.248482936	-0.246684533	4.219324018	-0.266819597	-0.026083008	-0.243134111	-0.308270396	1.539767013	-0.212469259	-0.318655606	-0.214387533	-0.215904696	-0.287102312	-0.207846616	-0.182504536	-0.204688182	-0.225946854	-0.225423654	-0.184737669	-0.21580012	-0.225355399	-0.226073413	LumA
2752	-2.688009307	0.971031063	-0.252194661	-0.248656506	-0.237485435	-0.29066859	5.847598152	-0.316610563	-0.278717265	4.067652388	-0.248482936	3.812521364	-0.119356096	-0.266819597	-0.026083008	3.270103434	-0.308270396	-0.464313969	-0.212469259	-0.318655606	-0.214387533	-0.215904696	-0.287102312	-0.207846616	-0.182504536	-0.204688182	-0.225946854	-0.225423654	-0.184737669	-0.21580012	-0.225355399	-0.226073413	LumA
2753	4.041134925	-1.376550988	-0.252194661	-0.248656506	-0.237485435	-0.29066859	1.459868307	-0.316610563	-0.278717265	-0.216715518	-0.248482936	-0.246684533	-0.119356096	-0.266819597	-0.026083008	5.14075004	-0.308270396	-0.464313969	-0.212469259	-0.318655606	-0.214387533	-0.215904696	-0.287102312	-0.207846616	-0.182504536	-0.204688182	-0.225946854	-0.225423654	-0.184737669	-0.21580012	-0.225355399	-0.226073413	Basal
2754	0.076903885	-1.376550988	-0.252194661	-0.248656506	4.388052183	-0.29066859	-0.351657306	-0.316610563	-0.278717265	-0.216715518	-0.248482936	-0.246684533	-0.119356096	-0.266819597	-0.026083008	-0.243134111	-0.308270396	-0.464313969	-0.212469259	-0.318655606	-0.214387533	-0.215904696	-0.287102312	4.561689904	-0.182504536	-0.204688182	-0.225946854	-0.225423654	-0.184737669	-0.21580012	-0.225355399	-0.226073413	Normal
2760	-2.355033701	0.197212248	-0.252194661	-0.248656506	-0.237485435	-0.29066859	-0.351657306	-0.316610563	-0.278717265	-0.216715518	-0.248482936	-0.246684533	-0.119356096	-0.266819597	-0.026083008	-0.243134111	-0.308270396	-0.464313969	-0.212469259	-0.318655606	-0.214387533	-0.215904696	-0.287102312	-0.207846616	-0.182504536	-0.204688182	-0.225946854	-0.225423654	-0.184737669	-0.21580012	2.32427682	-0.226073413	LumB
2763	-2.536547601	0.144213131	-0.252194661	-0.248656506	-0.237485435	-0.29066859	-0.351657306	-0.316610563	-0.278717265	-0.216715518	-0.248482936	-0.246684533	-0.119356096	-0.266819597	-0.026083008	-0.243134111	-0.308270396	-0.464313969	-0.212469259	-0.318655606	-0.214387533	-0.215904696	-0.287102312	-0.207846616	-0.182504536	-0.204688182	-0.225946854	4.000744296	-0.184737669	-0.21580012	-0.225355399	-0.226073413	LumB
2767	-0.850028051	-1.376550988	-0.252194661	-0.248656506	-0.237485435	-0.29066859	2.562307003	-0.316610563	-0.278717265	-0.216715518	-0.248482936	-0.246684533	-0.119356096	-0.266819597	-0.026083008	-0.243134111	-0.308270396	1.488571256	-0.212469259	-0.318655606	3.801473094	-0.215904696	-0.287102312	-0.207846616	-0.182504536	-0.204688182	-0.225946854	-0.225423654	-0.184737669	-0.21580012	-0.225355399	-0.226073413	LumB
2769	-2.307755844	-0.36999058	-0.252194661	-0.248656506	-0.237485435	-0.29066859	-0.351657306	-0.316610563	-0.278717265	-0.216715518	-0.248482936	-0.246684533	-0.119356096	-0.266819597	7.400367168	-0.243134111	-0.308270396	-0.464313969	-0.212469259	-0.318655606	-0.214387533	-0.215904696	-0.287102312	-0.207846616	-0.182504536	-0.204688182	-0.225946854	-0.225423654	-0.184737669	-0.21580012	-0.225355399	-0.226073413	LumB
2770	-2.451377226	2.165738686	3.327534539	-0.248656506	-0.237485435	-0.29066859	-0.351657306	-0.316610563	-0.278717265	-0.216715518	-0.248482936	-0.246684533	4.219324018	-0.266819597	-0.026083008	-0.243134111	-0.308270396	1.488571256	-0.212469259	-0.318655606	-0.214387533	-0.215904696	-0.287102312	-0.207846616	-0.182504536	-0.204688182	-0.225946854	-0.225423654	-0.184737669	-0.21580012	-0.225355399	-0.226073413	LumA
2772	-2.268695551	-1.376550988	-0.252194661	-0.248656506	-0.237485435	-0.29066859	-0.351657306	-0.316610563	-0.278717265	-0.216715518	-0.248482936	-0.246684533	-0.119356096	-0.266819597	-0.026083008	-0.243134111	-0.308270396	-0.464313969	-0.212469259	-0.318655606	-0.214387533	-0.215904696	-0.287102312	-0.207846616	-0.182504536	-0.204688182	-0.225946854	-0.225423654	-0.184737669	-0.21580012	-0.225355399	-0.226073413	LumB
2774	-2.662326044	-1.376550988	-0.252194661	-0.248656506	-0.237485435	-0.29066859	1.459868307	-0.316610563	-0.278717265	-0.216715518	-0.248482936	-0.246684533	-0.119356096	-0.266819597	-0.026083008	-0.243134111	-0.308270396	-0.464313969	-0.212469259	-0.318655606	-0.214387533	-0.215904696	-0.287102312	-0.207846616	-0.182504536	-0.204688182	-0.225946854	-0.225423654	-0.184737669	-0.21580012	-0.225355399	-0.226073413	LumB
2779	-0.467148171	-1.376550988	2.749125977	-0.248656506	-0.237485435	-0.29066859	-0.351657306	-0.316610563	-0.278717265	-0.216715518	-0.248482936	-0.246684533	-0.119356096	-0.266819597	-0.026083008	-0.243134111	-0.308270396	1.488571256	-0.212469259	-0.318655606	-0.214387533	-0.215904696	-0.287102312	-0.207846616	-0.182504536	-0.204688182	-0.225946854	-0.225423654	-0.184737669	-0.21580012	-0.225355399	-0.226073413	LumA
2781	0.878788528	-2.069128301	-0.252194661	-0.248656506	-0.237485435	-0.29066859	-0.351657306	-0.316610563	-0.278717265	-0.216715518	-0.248482936	-0.246684533	-0.119356096	-0.266819597	-3.390128219	-0.243134111	-0.308270396	-0.464313969	-0.212469259	-0.318655606	-0.214387533	-0.215904696	-0.287102312	-0.207846616	-0.182504536	-0.204688182	-0.225946854	-0.225423654	-0.184737669	-0.21580012	-0.225355399	-0.226073413	LumB
2790	-2.428853444	0.164416681	-0.252194661	-0.248656506	-0.237485435	-0.29066859	2.889688466	-0.316610563	-0.278717265	-0.216715518	-0.248482936	-0.246684533	-0.119356096	-0.266819597	3.611213813	-0.243134111	-0.308270396	2.176405229	-0.212469259	-0.318655606	-0.214387533	-0.215904696	-0.287102312	-0.207846616	-0.182504536	-0.204688182	-0.225946854	-0.225423654	-0.184737669	-0.21580012	4.062030975	-0.226073413	LumA
2791	-2.662326044	1.692649694	-0.252194661	-0.248656506	-0.237485435	-0.29066859	-0.351657306	-0.316610563	-0.278717265	-0.216715518	-0.248482936	-0.246684533	-0.119356096	-0.266819597	-0.026083008	-0.243134111	-0.308270396	-0.464313969	-0.212469259	-0.318655606	-0.214387533	-0.215904696	-0.287102312	-0.207846616	-0.182504536	-0.204688182	-0.225946854	-0.225423654	-0.184737669	-0.21580012	-0.225355399	-0.226073413	LumA
2792	-1.640992818	-0.541634486	-0.252194661	-0.248656506	4.388052183	-0.29066859	-0.351657306	-0.316610563	-0.278717265	-0.216715518	7.634194072	-0.246684533	-0.119356096	-0.266819597	-0.026083008	-0.243134111	-0.308270396	-0.464313969	-0.212469259	-0.318655606	-0.214387533	-0.215904696	-0.287102312	-0.207846616	-0.182504536	-0.204688182	-0.225946854	-0.225423654	-0.184737669	-0.21580012	-0.225355399	-0.226073413	Her2
2793	-2.122116919	0.81008417	-0.252194661	-0.248656506	-0.237485435	-0.29066859	-0.351657306	2.611222267	-0.278717265	-0.216715518	-0.248482936	-0.246684533	4.219324018	-0.266819597	-0.026083008	-0.243134111	-0.308270396	-0.464313969	-0.212469259	-0.318655606	-0.214387533	-0.215904696	-0.287102312	-0.207846616	-0.182504536	-0.204688182	-0.225946854	-0.225423654	-0.184737669	-0.21580012	-0.225355399	-0.226073413	LumB
2803	-2.008929533	0.506779516	-0.252194661	-0.248656506	-0.237485435	-0.29066859	-0.351657306	-0.316610563	-0.278717265	-0.216715518	-0.248482936	-0.246684533	-0.119356096	-0.266819597	-0.026083008	-0.243134111	-0.308270396	4.417383068	-0.212469259	-0.318655606	-0.214387533	-0.215904696	-0.287102312	-0.207846616	-0.182504536	-0.204688182	-0.225946854	-0.225423654	-0.184737669	-0.21580012	-0.225355399	-0.226073413	LumB
2814	-2.662326044	0.348475553	-0.252194661	-0.248656506	-0.237485435	-0.29066859	-0.351657306	2.611222267	-0.278717265	-0.216715518	-0.248482936	-0.246684533	4.219324018	-0.266819597	-0.026083008	-0.243134111	-0.308270396	-0.464313969	-0.212469259	-0.318655606	-0.214387533	-0.215904696	-0.287102312	-0.207846616	-0.182504536	-0.204688182	-0.225946854	-0.225423654	-0.184737669	-0.21580012	-0.225355399	-0.226073413	LumB
2819	-2.172190837	1.016513354	-0.252194661	-0.248656506	-0.237485435	-0.29066859	-0.351657306	-0.316610563	-0.278717265	-0.216715518	-0.248482936	-0.246684533	-0.119356096	-0.266819597	-0.026083008	-0.243134111	-0.308270396	-0.464313969	-0.212469259	-0.318655606	-0.214387533	-0.215904696	-0.287102312	-0.207846616	-0.182504536	-0.204688182	3.635236175	4.400113964	-0.184737669	-0.21580012	-0.225355399	-0.226073413	LumA
2820	-2.624866008	3.176323587	-0.252194661	-0.248656506	-0.237485435	-0.29066859	-0.351657306	-0.316610563	-0.278717265	-0.216715518	-0.248482936	-0.246684533	6.344905366	-0.266819597	-0.026083008	-0.243134111	-0.308270396	-0.464313969	-0.212469259	-0.318655606	-0.214387533	-0.215904696	-0.287102312	-0.207846616	-0.182504536	-0.204688182	4.126112021	-0.225423654	-0.184737669	-0.21580012	-0.225355399	-0.226073413	LumA
2827	2.947599074	-1.376550988	-0.252194661	-0.248656506	-0.237485435	-0.29066859	-0.351657306	-0.316610563	-0.278717265	-0.216715518	-0.248482936	-0.246684533	-0.119356096	-0.266819597	-0.026083008	-0.243134111	-0.308270396	-0.464313969	-0.212469259	-0.318655606	-0.214387533	-0.215904696	-0.287102312	-0.207846616	-0.182504536	-0.204688182	4.126112021	-0.225423654	-0.184737669	-0.21580012	-0.225355399	-0.226073413	Basal
2834	0.927635997	0.147629604	2.749125977	3.626355251	-0.237485435	-0.29066859	-0.351657306	-0.316610563	-0.278717265	-0.216715518	-0.248482936	-0.246684533	-0.119356096	-0.266819597	-0.026083008	-0.243134111	-0.308270396	-0.464313969	-0.212469259	-0.318655606	-0.214387533	-0.215904696	-0.287102312	-0.207846616	-0.182504536	-0.204688182	-0.225946854	-0.225423654	-0.184737669	-0.21580012	-0.225355399	-0.226073413	Her2
2835	-2.662326044	-1.557016893	2.749125977	-0.248656506	-0.237485435	-0.29066859	-0.351657306	-0.316610563	-0.278717265	-0.216715518	-0.248482936	-0.246684533	-0.119356096	-0.266819597	-0.026083008	-0.243134111	-0.308270396	1.488571256	-0.212469259	-0.318655606	-0.214387533	-0.215904696	-0.287102312	-0.207846616	-0.182504536	-0.204688182	-0.225946854	-0.225423654	-0.184737669	-0.21580012	-0.225355399	-0.226073413	LumA
2838	-2.268695551	-1.128896976	-0.252194661	-0.248656506	-0.237485435	-0.29066859	-0.351657306	2.375855281	-0.278717265	-0.216715518	3.282939861	-0.246684533	-0.119356096	-0.266819597	-0.026083008	-0.243134111	-0.308270396	-0.464313969	-0.212469259	-0.318655606	-0.214387533	-0.215904696	-0.287102312	-0.207846616	-0.182504536	-0.204688182	-0.225946854	-0.225423654	-0.184737669	-0.21580012	-0.225355399	-0.226073413	LumA
2840	-2.662326044	-0.667311929	-0.252194661	-0.248656506	-0.237485435	-0.29066859	5.803652774	-0.316610563	-0.278717265	-0.216715518	-0.248482936	-0.246684533	-0.119356096	-0.266819597	-0.026083008	-0.243134111	-0.308270396	-0.464313969	-0.212469259	-0.318655606	-0.214387533	-0.215904696	-0.287102312	-0.207846616	-0.182504536	3.900090233	-0.225946854	4.000744296	-0.184737669	-0.21580012	-0.225355399	-0.226073413	LumA
2842	7.265688912	-1.706561916	-0.252194661	-0.248656506	-0.237485435	-0.29066859	2.562307003	-0.316610563	-0.278717265	-0.216715518	-0.248482936	-0.246684533	-0.119356096	-0.266819597	-0.026083008	-0.243134111	2.778910949	-0.464313969	-0.212469259	-0.318655606	-0.214387533	-0.215904696	-0.287102312	-0.207846616	-0.182504536	3.900090233	-0.225946854	-0.225423654	-0.184737669	-0.21580012	-0.225355399	-0.226073413	Basal
2843	-2.298589254	-0.266618852	-0.252194661	-0.248656506	-0.237485435	-0.29066859	2.889688466	-0.316610563	-0.278717265	-0.216715518	-0.248482936	-0.246684533	-0.119356096	-0.266819597	-0.026083008	-0.243134111	-0.308270396	-0.464313969	-0.212469259	-0.318655606	-0.214387533	-0.215904696	-0.287102312	-0.207846616	-0.182504536	-0.204688182	-0.225946854	-0.225423654	-0.184737669	-0.21580012	-0.225355399	-0.226073413	LumA
2844	1.921950449	-1.376550988	-0.252194661	-0.248656506	-0.237485435	-0.29066859	5.803652774	-0.316610563	-0.278717265	-0.216715518	3.718555099	-0.246684533	-0.119356096	2.818457796	-0.026083008	-0.243134111	-0.308270396	1.495584521	-0.212469259	-0.318655606	-0.214387533	-0.215904696	-0.287102312	-0.207846616	-0.182504536	-0.204688182	-0.225946854	-0.225423654	-0.184737669	-0.21580012	-0.225355399	-0.226073413	LumB
2846	1.520028038	-0.701151072	-0.252194661	3.811092949	-0.237485435	-0.29066859	2.889688466	-0.316610563	-0.278717265	-0.216715518	-0.248482936	-0.246684533	-0.119356096	-0.266819597	-0.026083008	-0.243134111	-0.308270396	-0.464313969	-0.212469259	-0.318655606	-0.214387533	-0.215904696	-0.287102312	-0.207846616	-0.182504536	-0.204688182	-0.225946854	4.000744296	-0.184737669	-0.21580012	4.062030975	-0.226073413	Basal
2847	5.744231499	-1.706561916	-0.252194661	-0.248656506	-0.237485435	-0.29066859	2.606252381	-0.316610563	-0.278717265	-0.216715518	-0.248482936	-0.246684533	-0.119356096	-0.266819597	-0.026083008	-0.243134111	-0.308270396	-0.464313969	-0.212469259	-0.318655606	-0.214387533	-0.215904696	-0.287102312	-0.207846616	-0.182504536	-0.204688182	-0.225946854	-0.225423654	-0.184737669	-0.21580012	-0.225355399	-0.226073413	Her2
2848	-1.918680891	-0.1021954	-0.252194661	-0.248656506	-0.237485435	3.266114292	5.52021669	-0.316610563	-0.278717265	-0.216715518	-0.248482936	3.637583228	-0.119356096	-0.266819597	-0.026083008	-0.243134111	-0.308270396	1.495584521	-0.212469259	-0.318655606	-0.214387533	-0.215904696	-0.287102312	-0.207846616	-0.182504536	-0.204688182	-0.225946854	-0.225423654	-0.184737669	-0.21580012	-0.225355399	-0.226073413	LumA
2849	7.722706891	-1.706561916	-0.252194661	-0.248656506	-0.237485435	-0.29066859	-0.351657306	-0.316610563	-0.278717265	-0.216715518	-0.248482936	-0.246684533	-0.119356096	-0.266819597	-0.026083008	-0.243134111	-0.308270396	-0.464313969	-0.212469259	-0.318655606	-0.214387533	-0.215904696	-0.287102312	-0.207846616	-0.182504536	-0.204688182	-0.225946854	-0.225423654	-0.184737669	-0.21580012	-0.225355399	-0.226073413	Basal
2851	-1.949167818	2.487356085	-0.252194661	-0.248656506	-0.237485435	-0.29066859	2.606252381	-0.316610563	-0.278717265	4.121964595	-0.248482936	-0.246684533	-0.119356096	-0.266819597	-0.026083008	5.14075004	-0.308270396	10.33424777	-0.212469259	1.896478735	-0.214387533	-0.215904696	-0.287102312	-0.207846616	-0.182504536	-0.204688182	3.635236175	-0.225423654	-0.184737669	-0.21580012	-0.225355399	-0.226073413	LumA
2853	-2.303887997	0.831215471	-0.252194661	-0.248656506	-0.237485435	2.123590616	-0.351657306	-0.316610563	-0.278717265	-0.216715518	-0.248482936	-0.246684533	-0.119356096	-0.266819597	-0.026083008	-0.243134111	-0.308270396	4.180486211	-0.212469259	-0.318655606	-0.214387533	-0.215904696	-0.287102312	-0.207846616	-0.182504536	-0.204688182	-0.225946854	4.000744296	-0.184737669	3.888978296	-0.225355399	-0.226073413	LumB
2854	-1.842863451	2.027428147	-0.252194661	-0.248656506	-0.237485435	2.769871954	2.562307003	-0.316610563	-0.278717265	-0.216715518	3.667156037	-0.246684533	-0.119356096	-0.266819597	-0.026083008	3.270103434	-0.308270396	-0.464313969	-0.212469259	-0.318655606	-0.214387533	-0.215904696	-0.287102312	-0.207846616	-0.182504536	-0.204688182	-0.225946854	-0.225423654	-0.184737669	-0.21580012	-0.225355399	-0.226073413	LumA
2901	-1.539177836	4.246616087	-0.252194661	-0.248656506	-0.237485435	-0.29066859	5.52021669	-0.316610563	-0.278717265	-0.216715518	-0.248482936	-0.246684533	-0.119356096	-0.266819597	3.763070347	-0.243134111	-3.342704912	4.136303719	-0.212469259	-0.318655606	-0.214387533	-0.215904696	-0.287102312	4.561689904	-0.182504536	-0.204688182	4.126112021	4.000744296	-0.184737669	-0.21580012	-0.225355399	-0.226073413	LumB
2912	5.304100056	-1.376550988	-0.252194661	-0.248656506	-0.237485435	-0.29066859	1.459868307	-0.316610563	-0.278717265	-0.216715518	-0.248482936	-0.246684533	-0.119356096	-0.266819597	-0.026083008	-0.243134111	-0.308270396	-0.464313969	-0.212469259	-0.318655606	-0.214387533	-0.215904696	-0.287102312	-0.207846616	-0.182504536	-0.204688182	-0.225946854	-0.225423654	-0.184737669	-0.21580012	-0.225355399	-0.226073413	Basal
2916	-2.662326044	2.221041666	-0.252194661	3.626355251	-0.237485435	-0.29066859	-0.351657306	2.553269008	-0.278717265	-0.216715518	3.282939861	-0.246684533	-0.119356096	-0.266819597	-0.026083008	-0.243134111	-0.308270396	1.539767013	-0.212469259	-0.318655606	-0.214387533	-0.215904696	-0.287102312	-0.207846616	-0.182504536	-0.204688182	-0.225946854	-0.225423654	-0.184737669	-0.21580012	-0.225355399	-0.226073413	LumA
2917	6.017564842	-1.706561916	-0.252194661	-0.248656506	-0.237485435	-0.29066859	1.459868307	-3.009076406	-0.278717265	-0.216715518	-0.248482936	-0.246684533	-0.119356096	-0.266819597	-0.026083008	-0.243134111	-0.308270396	-0.464313969	-0.212469259	-0.318655606	3.801473094	-0.215904696	-0.287102312	-0.207846616	-0.182504536	-0.204688182	-0.225946854	-0.225423654	-0.184737669	-0.21580012	-0.225355399	-0.226073413	Basal
2919	-2.508923497	-0.527554898	-0.252194661	-0.248656506	-0.237485435	-0.29066859	-0.351657306	-0.316610563	-0.278717265	-0.216715518	-0.248482936	-0.246684533	-0.119356096	-0.266819597	-0.026083008	-0.243134111	-0.308270396	1.495584521	-0.212469259	-0.318655606	-0.214387533	-0.215904696	-0.287102312	-0.207846616	-0.182504536	-0.204688182	-0.225946854	-0.225423654	-0.184737669	-0.21580012	-0.225355399	-0.226073413	LumB
2923	11.17484757	-1.706561916	-0.252194661	-0.248656506	-0.237485435	-0.29066859	-0.351657306	-0.316610563	-0.278717265	-0.216715518	7.634194072	-0.246684533	-0.119356096	-0.266819597	-0.026083008	-0.243134111	-0.308270396	-0.464313969	-4.438637209	-0.318655606	-0.214387533	-0.215904696	-0.287102312	-0.207846616	-0.182504536	-0.204688182	-0.225946854	-0.225423654	-4.194507045	-0.21580012	-0.225355399	-0.226073413	Her2
2927	-2.119277917	-1.148533024	-0.252194661	-0.248656506	-0.237485435	-0.29066859	-0.351657306	-0.316610563	-0.278717265	4.121964595	-0.248482936	-0.246684533	-0.119356096	-0.266819597	-0.026083008	-0.243134111	-0.308270396	1.488571256	-0.212469259	-0.318655606	4.248107679	-0.215904696	-0.287102312	-0.207846616	-0.182504536	-0.204688182	-0.225946854	-0.225423654	-0.184737669	-0.21580012	-0.225355399	-0.226073413	LumA
2929	-0.004803328	-1.376550988	-0.252194661	-0.248656506	-0.237485435	-0.29066859	-0.351657306	-0.316610563	-0.278717265	-0.216715518	-0.248482936	-0.246684533	-0.119356096	-0.266819597	-0.026083008	-0.243134111	-0.308270396	-0.464313969	-0.212469259	-0.318655606	-0.214387533	-0.215904696	-0.287102312	-0.207846616	-0.182504536	-0.204688182	-0.225946854	-0.225423654	-0.184737669	-0.21580012	-0.225355399	-0.226073413	Her2
2931	-2.423238675	-0.65966676	-0.252194661	-0.248656506	-0.237485435	-0.29066859	-0.351657306	-0.316610563	-0.278717265	-0.216715518	-0.248482936	-0.246684533	-0.119356096	-0.266819597	-0.026083008	-0.243134111	-0.308270396	1.776663871	-0.212469259	-0.318655606	-0.214387533	-0.215904696	-0.287102312	-0.207846616	-0.182504536	-0.204688182	-0.225946854	-0.225423654	-0.184737669	-0.21580012	-0.225355399	-0.226073413	LumB
2933	-2.662326044	-0.888166486	-0.252194661	-0.248656506	-0.237485435	-0.29066859	-0.351657306	-0.316610563	-0.278717265	-0.216715518	3.718555099	-0.246684533	-0.119356096	-0.266819597	-0.026083008	-0.243134111	1.657202656	-0.464313969	-0.212469259	-0.318655606	-0.214387533	-0.215904696	-0.287102312	-0.207846616	-0.182504536	-0.204688182	-0.225946854	-0.225423654	-0.184737669	-0.21580012	-0.225355399	-0.226073413	LumA
2939	-0.836049303	0.074373363	-0.252194661	-0.248656506	-0.237485435	-0.29066859	-0.351657306	-0.316610563	-0.278717265	-0.216715518	-0.248482936	-0.246684533	6.344905366	-0.266819597	-0.026083008	-0.243134111	-0.308270396	4.136303719	-0.212469259	-0.318655606	-0.214387533	4.653870979	-0.287102312	-0.207846616	-0.182504536	-0.204688182	-0.225946854	-0.225423654	7.075645802	-0.21580012	-0.225355399	-0.226073413	LumB
2951	-2.596583605	0.154745746	-0.252194661	2.74095742	-0.237485435	-0.29066859	-0.351657306	-0.316610563	-0.278717265	-0.216715518	-0.248482936	3.637583228	-0.119356096	-0.266819597	-0.026083008	-0.243134111	-0.308270396	-0.464313969	-0.212469259	-0.318655606	-0.214387533	-0.215904696	-0.287102312	-0.207846616	-0.182504536	-0.204688182	7.987295049	-0.225423654	-0.184737669	-0.21580012	-0.225355399	-0.226073413	LumA
2952	-2.446781059	0.073681114	-0.252194661	-0.248656506	-0.237485435	-0.29066859	-0.351657306	-0.316610563	-0.278717265	-0.216715518	-0.248482936	-0.246684533	10.68358548	-0.266819597	-0.026083008	-0.243134111	-0.308270396	1.539767013	-0.212469259	-0.318655606	-0.214387533	-0.215904696	-0.287102312	-0.207846616	-0.182504536	-0.204688182	-0.225946854	-0.225423654	-0.184737669	-0.21580012	-0.225355399	-0.226073413	LumA
2953	-0.212802483	-1.706561916	-0.252194661	-0.248656506	-0.237485435	9.460214742	4.417777994	-0.316610563	-0.278717265	4.067652388	-0.248482936	-0.246684533	-0.119356096	-0.266819597	-0.026083008	-0.243134111	-0.308270396	-0.464313969	-0.212469259	-0.318655606	-0.214387533	-0.215904696	-0.287102312	-0.207846616	-0.182504536	-0.204688182	-0.225946854	-0.225423654	-0.184737669	-0.21580012	-0.225355399	-0.226073413	LumB
2954	-0.925930483	-0.720518221	-0.252194661	-0.248656506	-0.237485435	-0.29066859	-0.351657306	3.176402342	-0.278717265	-0.216715518	-0.248482936	-0.246684533	-0.119356096	-0.266819597	-0.026083008	-0.243134111	-0.308270396	-0.464313969	-0.212469259	1.896478735	-0.214387533	-0.215904696	-0.287102312	-0.207846616	-0.182504536	-0.204688182	-0.225946854	-0.225423654	-0.184737669	-0.21580012	-0.225355399	-0.226073413	LumB
2960	-2.487217396	-0.33886645	-0.252194661	-0.248656506	-0.237485435	-0.29066859	2.606252381	-0.316610563	-0.278717265	-0.216715518	-0.248482936	-0.246684533	-0.119356096	-0.266819597	-0.026083008	-0.243134111	-0.308270396	-0.464313969	-0.212469259	-0.318655606	-0.214387533	-0.215904696	-0.287102312	-0.207846616	-0.182504536	-0.204688182	-0.225946854	-0.225423654	-0.184737669	-0.21580012	-0.225355399	-0.226073413	LumA
2969	-2.155446238	-0.561609456	-0.252194661	-0.248656506	-0.237485435	2.769871954	2.606252381	-0.316610563	-0.278717265	-0.216715518	-0.248482936	3.812521364	-0.119356096	-0.266819597	-0.026083008	-0.243134111	-0.308270396	-0.464313969	-0.212469259	-0.318655606	-0.214387533	-0.215904696	-0.287102312	-0.207846616	-0.182504536	-0.204688182	-0.225946854	-0.225423654	-0.184737669	-0.21580012	-0.225355399	-0.226073413	LumA
2977	-2.662326044	0.179587004	-0.252194661	-0.248656506	4.388052183	-0.29066859	2.606252381	-0.316610563	-0.278717265	-0.216715518	3.667156037	-0.246684533	-0.119356096	-0.266819597	-0.026083008	-0.243134111	1.657202656	-0.464313969	-0.212469259	-0.318655606	-0.214387533	-0.215904696	-0.287102312	-0.207846616	-0.182504536	-0.204688182	-0.225946854	4.400113964	-0.184737669	-0.21580012	-0.225355399	-0.226073413	LumA
2983	0.222035516	-0.527554898	-0.252194661	-0.248656506	-0.237485435	-0.29066859	5.803652774	-0.316610563	-0.278717265	-0.216715518	-0.248482936	-0.246684533	-0.119356096	-0.266819597	-0.026083008	-0.243134111	-0.308270396	-0.464313969	-0.212469259	-0.318655606	-0.214387533	-0.215904696	-0.287102312	-0.207846616	-0.182504536	-0.204688182	-0.225946854	4.000744296	-0.184737669	-0.21580012	-0.225355399	-0.226073413	LumB
2984	0.326540862	-1.376550988	-0.252194661	-0.248656506	-0.237485435	-0.29066859	-0.351657306	-0.316610563	-0.278717265	-0.216715518	-0.248482936	-0.246684533	-0.119356096	-0.266819597	-0.026083008	5.14075004	-0.308270396	-0.464313969	-0.212469259	-0.318655606	3.801473094	-0.215904696	-0.287102312	-0.207846616	-0.182504536	-0.204688182	7.987295049	-0.225423654	-0.184737669	-0.21580012	-0.225355399	-0.226073413	LumB
2990	-2.423238675	4.741990795	-0.252194661	-0.248656506	-0.237485435	-0.29066859	2.562307003	-0.316610563	-0.278717265	-0.216715518	-0.248482936	3.637583228	-0.119356096	-0.266819597	-0.026083008	-0.243134111	-0.308270396	-0.464313969	-0.212469259	-0.318655606	-0.214387533	-0.215904696	-0.287102312	-0.207846616	-0.182504536	-0.204688182	-0.225946854	4.000744296	-0.184737669	-0.21580012	-0.225355399	-0.226073413	LumA
2994	-0.939862209	-1.013984603	-0.252194661	-0.248656506	-0.237485435	-0.29066859	5.52021669	-0.316610563	-0.278717265	-0.216715518	-0.248482936	-0.246684533	-0.119356096	-0.266819597	-0.026083008	-0.243134111	-0.308270396	-0.464313969	-0.212469259	-0.318655606	-0.214387533	-0.215904696	-0.287102312	-0.207846616	-0.182504536	-0.204688182	-0.225946854	-0.225423654	-0.184737669	-0.21580012	-0.225355399	-0.226073413	LumA
2996	-2.714162047	0.269785094	3.327534539	-0.248656506	-0.237485435	-0.29066859	2.562307003	-0.316610563	-0.278717265	-0.216715518	1.338876272	3.637583228	-0.119356096	-0.266819597	-0.026083008	-0.243134111	-0.308270396	-0.464313969	-0.212469259	-0.318655606	-0.214387533	-0.215904696	-0.287102312	-0.207846616	-0.182504536	-0.204688182	-0.225946854	-0.225423654	-0.184737669	-0.21580012	-0.225355399	-0.226073413	LumA
3005	-2.210867926	0.235805586	-0.252194661	-0.248656506	-0.237485435	-0.29066859	2.606252381	-0.316610563	-0.278717265	-0.216715518	-0.248482936	-0.246684533	-0.119356096	-0.266819597	-0.026083008	-0.243134111	-0.308270396	-0.464313969	-0.212469259	-0.318655606	-0.214387533	-0.215904696	-0.287102312	-0.207846616	-0.182504536	-0.204688182	-0.225946854	-0.225423654	-0.184737669	-0.21580012	-0.225355399	-0.226073413	LumA
3007	-2.2783924	0.3568235	-0.252194661	-0.248656506	-0.237485435	-0.29066859	-0.351657306	-0.316610563	-0.278717265	-0.216715518	-0.248482936	-0.246684533	-0.119356096	-0.266819597	-0.026083008	-0.243134111	-0.308270396	-0.464313969	-0.212469259	-0.318655606	-0.214387533	-0.215904696	-0.287102312	-0.207846616	-0.182504536	-0.204688182	-0.225946854	-0.225423654	-0.184737669	-0.21580012	-0.225355399	-0.226073413	LumB
3008	-2.662326044	-1.376550988	-0.252194661	-0.248656506	-0.237485435	-0.29066859	8.761562461	-0.316610563	-0.278717265	-0.216715518	-0.248482936	-0.246684533	-0.119356096	-0.266819597	-0.026083008	-0.243134111	-0.308270396	-0.464313969	-0.212469259	-0.318655606	-0.214387533	-0.215904696	-0.287102312	-0.207846616	-0.182504536	-0.204688182	-0.225946854	-0.225423654	-0.184737669	-0.21580012	-0.225355399	-0.226073413	LumA
3014	3.802430079	-1.376550988	-0.252194661	-0.248656506	-0.237485435	-0.29066859	8.761562461	-0.316610563	-0.278717265	-0.216715518	-0.248482936	-0.246684533	-0.119356096	-0.266819597	-0.026083008	-0.243134111	-0.308270396	-0.464313969	-0.212469259	-0.318655606	-0.214387533	-0.215904696	-0.287102312	-0.207846616	-0.182504536	-0.204688182	-0.225946854	-0.225423654	-0.184737669	-0.21580012	-0.225355399	-0.226073413	Basal
3016	-0.470679504	-0.701151072	3.327534539	-0.248656506	-0.237485435	-0.29066859	2.562307003	-0.316610563	-2.077158939	-0.216715518	-0.248482936	-0.246684533	-0.119356096	-0.266819597	-0.026083008	-0.243134111	-0.308270396	-0.464313969	-0.212469259	-0.318655606	-0.214387533	-0.215904696	-0.287102312	-0.207846616	-0.182504536	-0.204688182	-0.225946854	-0.225423654	-0.184737669	-0.21580012	-0.225355399	-0.226073413	LumB
3021	-0.194932665	-1.014557677	-0.252194661	-0.248656506	-0.237485435	-0.29066859	5.52021669	-0.316610563	-0.278717265	-0.216715518	-0.248482936	-0.246684533	-0.119356096	-0.266819597	-0.026083008	-0.243134111	-0.308270396	1.495584521	-0.212469259	-0.318655606	-0.214387533	-0.215904696	2.3994378	-0.207846616	-0.182504536	-0.204688182	-0.225946854	-0.225423654	-0.184737669	-0.21580012	-0.225355399	-0.226073413	LumA
3025	6.859573048	-0.616018569	2.749125977	-0.248656506	-0.237485435	-0.29066859	4.417777994	-0.316610563	-0.278717265	-0.216715518	-0.248482936	-0.246684533	-0.119356096	-0.266819597	-0.026083008	-0.243134111	-0.308270396	1.776663871	-0.212469259	-0.318655606	-0.214387533	-0.215904696	2.38659965	-0.207846616	-0.182504536	-0.204688182	-0.225946854	4.000744296	-0.184737669	-0.21580012	-0.225355399	-0.226073413	Her2
3028	-0.471931588	-2.470653671	-0.252194661	-0.248656506	-0.237485435	-0.29066859	-0.351657306	-0.316610563	-0.278717265	-0.216715518	-0.248482936	-0.246684533	-0.119356096	-0.266819597	-0.026083008	-0.243134111	0.738645226	-0.464313969	-0.212469259	9.182187246	-0.214387533	-0.215904696	-0.287102312	-0.207846616	-0.182504536	-0.204688182	-0.225946854	-0.225423654	-0.184737669	-0.21580012	-0.225355399	-0.226073413	LumB
3031	2.795932983	-1.706561916	-0.252194661	-0.248656506	-0.237485435	-0.29066859	1.459868307	-0.316610563	-0.278717265	-0.216715518	-0.248482936	-0.246684533	-0.119356096	-0.266819597	-0.026083008	-0.243134111	-0.308270396	-0.464313969	-0.212469259	-0.318655606	-0.214387533	-0.215904696	-0.287102312	-0.207846616	-0.182504536	-0.204688182	3.635236175	4.000744296	-0.184737669	-0.21580012	-0.225355399	-0.226073413	Her2
3033	-2.40951127	1.292778814	-0.252194661	-0.248656506	-0.237485435	-0.29066859	-0.351657306	-0.316610563	-0.278717265	-0.216715518	-0.248482936	-0.246684533	-0.119356096	-0.266819597	-0.026083008	-0.243134111	-0.308270396	1.776663871	-0.212469259	-0.318655606	-0.214387533	-0.215904696	-0.287102312	-0.207846616	-0.182504536	4.263932627	-0.225946854	-0.225423654	-0.184737669	-0.21580012	-0.225355399	-0.226073413	LumA
3035	-2.307755844	-0.493822377	-0.252194661	-0.248656506	-0.237485435	2.123590616	-0.351657306	-0.316610563	-0.278717265	-0.216715518	-0.248482936	-0.246684533	-0.119356096	-0.266819597	-0.026083008	-0.243134111	-0.308270396	-0.464313969	-0.212469259	-0.318655606	-0.214387533	-0.215904696	-0.287102312	-0.207846616	-0.182504536	-0.204688182	-0.225946854	-0.225423654	-0.184737669	-0.21580012	-0.225355399	-0.226073413	LumA
3037	-1.981246675	0.785002372	-0.252194661	-0.248656506	-0.237485435	-0.29066859	-0.351657306	-0.316610563	2.708159186	-0.216715518	-0.248482936	-0.246684533	-0.119356096	-0.266819597	-0.026083008	-0.243134111	-0.308270396	-0.464313969	-0.212469259	-0.318655606	-0.214387533	-0.215904696	-0.287102312	-0.207846616	-0.182504536	-0.204688182	-0.225946854	-0.225423654	-0.184737669	-0.21580012	-0.225355399	-0.226073413	LumA
3046	2.374986216	-0.490204426	-0.252194661	3.811092949	-0.237485435	-0.29066859	-0.351657306	-0.316610563	-0.278717265	-0.216715518	1.338876272	-0.246684533	-0.119356096	2.818457796	-0.026083008	-0.243134111	-0.308270396	-0.464313969	-0.212469259	-0.318655606	-0.214387533	-0.215904696	-0.287102312	-0.207846616	-0.182504536	-0.204688182	-0.225946854	-0.225423654	-0.184737669	-0.21580012	-0.225355399	-0.226073413	Basal
3049	-1.401048389	-1.376550988	-0.252194661	-0.248656506	4.388052183	5.18413116	-0.351657306	2.375855281	-0.278717265	-0.216715518	-0.248482936	-0.246684533	-0.119356096	-0.266819597	-0.026083008	-0.243134111	-0.308270396	1.488571256	4.325837086	-0.318655606	-0.214387533	-0.215904696	-0.287102312	-0.207846616	-0.182504536	-0.204688182	-0.225946854	-0.225423654	-0.184737669	-0.21580012	-0.225355399	-0.226073413	LumA
3050	0.412208064	-0.090187778	-0.252194661	-0.248656506	-0.237485435	-0.29066859	-0.351657306	-0.316610563	-0.278717265	-0.216715518	-0.248482936	-0.246684533	-0.119356096	-0.266819597	-0.026083008	-0.243134111	-0.308270396	-0.464313969	-0.212469259	-0.318655606	-0.214387533	-0.215904696	-0.287102312	-0.207846616	-0.182504536	-0.204688182	-0.225946854	-0.225423654	-0.184737669	-0.21580012	-0.225355399	-0.226073413	LumB
3057	11.87173107	-2.315033208	-0.252194661	-0.248656506	-0.237485435	-0.29066859	-0.351657306	-0.316610563	-0.278717265	-0.216715518	-0.248482936	-0.246684533	-0.119356096	-0.266819597	-0.026083008	-0.243134111	-0.308270396	-0.464313969	-0.212469259	-0.318655606	-0.214387533	-0.215904696	-0.287102312	-0.207846616	-0.182504536	-0.204688182	-0.225946854	-0.225423654	-0.184737669	-0.21580012	-0.225355399	-0.226073413	Basal
3058	2.1174428	-2.053718574	-0.252194661	-0.248656506	-0.237485435	-0.29066859	2.606252381	-0.316610563	-0.278717265	-0.216715518	-0.248482936	-0.246684533	-0.119356096	-0.266819597	-0.026083008	-0.243134111	1.657202656	-0.464313969	-0.212469259	2.230272066	-0.214387533	4.129240324	-0.287102312	-0.207846616	-0.182504536	-0.204688182	-0.225946854	-0.225423654	-0.184737669	-0.21580012	-0.225355399	-0.226073413	Basal
3063	11.22444745	-1.706561916	-0.252194661	-0.248656506	-0.237485435	-0.29066859	-0.351657306	-0.316610563	-0.278717265	-0.216715518	-1.835842145	-0.246684533	-0.119356096	-0.266819597	-0.026083008	-0.243134111	-0.308270396	1.776663871	-0.212469259	-0.318655606	-0.214387533	-0.215904696	-0.287102312	4.561689904	-0.182504536	-0.204688182	-0.225946854	-0.225423654	-0.184737669	-0.21580012	-0.225355399	-4.188248838	Basal
3064	-1.851934367	-1.84181005	-0.252194661	-0.248656506	3.834389461	-0.29066859	-0.351657306	-0.316610563	-0.278717265	-0.216715518	-0.248482936	-0.246684533	-0.119356096	-0.266819597	-0.026083008	-0.243134111	1.657202656	-0.464313969	-0.212469259	-0.318655606	-0.214387533	-0.215904696	-0.287102312	-0.207846616	-0.182504536	-0.204688182	-0.225946854	-0.225423654	-0.184737669	-0.21580012	-0.225355399	-0.226073413	LumA
3079	-2.662326044	0.335636563	-0.252194661	-0.248656506	-0.237485435	-0.29066859	-0.351657306	-0.316610563	-0.278717265	-0.216715518	-0.248482936	-0.246684533	-0.119356096	-0.266819597	-0.026083008	-0.243134111	-0.308270396	-0.464313969	-0.212469259	-0.318655606	-0.214387533	-0.215904696	-0.287102312	-0.207846616	-0.182504536	-0.204688182	-0.225946854	-0.225423654	-0.184737669	-0.21580012	-0.225355399	-0.226073413	LumA
3083	-1.524342433	-0.222015157	-0.252194661	-0.248656506	-0.237485435	-0.29066859	-0.351657306	-0.316610563	-0.278717265	4.067652388	-0.248482936	-0.246684533	-0.119356096	-0.266819597	-0.026083008	-0.243134111	-0.308270396	-0.464313969	-0.212469259	-0.318655606	-0.214387533	-0.215904696	-0.287102312	-0.207846616	-0.182504536	-0.204688182	-0.225946854	-0.225423654	-0.184737669	-0.21580012	-0.225355399	-0.226073413	LumB
3085	-2.415905022	-1.376550988	-0.252194661	-0.248656506	8.459927079	-0.29066859	-0.351657306	-0.316610563	-0.278717265	-0.216715518	-0.248482936	-0.246684533	-0.119356096	-0.266819597	-0.026083008	-0.243134111	-0.308270396	-0.464313969	-0.212469259	-0.318655606	-0.214387533	-0.215904696	3.109757638	-0.207846616	-0.182504536	-0.204688182	-0.225946854	-0.225423654	-0.184737669	-0.21580012	-0.225355399	-0.226073413	Normal
3088	-1.698093066	4.96121972	-0.252194661	-0.248656506	-0.237485435	-0.29066859	-0.351657306	-0.316610563	-0.278717265	4.121964595	-0.248482936	3.637583228	-0.119356096	-0.266819597	-0.026083008	-0.243134111	-0.308270396	-0.464313969	-0.212469259	-0.318655606	-0.214387533	-0.215904696	-0.287102312	-0.207846616	-0.182504536	-0.204688182	-0.225946854	-0.225423654	-0.184737669	-0.21580012	-0.225355399	-0.226073413	LumA
3102	-2.133867042	-1.376550988	-0.252194661	-0.248656506	-0.237485435	-0.29066859	-0.351657306	-0.316610563	-0.278717265	-0.216715518	-0.248482936	-0.246684533	-0.119356096	-0.266819597	-0.026083008	-0.243134111	-0.308270396	-0.464313969	-0.212469259	-0.318655606	-0.214387533	-0.215904696	-0.287102312	-0.207846616	-0.182504536	-0.204688182	-0.225946854	-0.225423654	-0.184737669	-0.21580012	-0.225355399	-0.226073413	LumA
3104	-1.864954889	-0.390783993	2.749125977	-0.248656506	-0.237485435	2.123590616	-0.351657306	-0.316610563	-0.278717265	-0.216715518	-0.248482936	-0.246684533	-0.119356096	-0.266819597	-0.026083008	-0.243134111	-0.308270396	-0.464313969	-0.212469259	-0.318655606	-0.214387533	-0.215904696	-0.287102312	-0.207846616	-0.182504536	-0.204688182	-0.225946854	-0.225423654	-0.184737669	-0.21580012	-0.225355399	-0.226073413	LumA
3105	-1.728203277	1.295420824	-0.252194661	-0.248656506	-0.237485435	-0.29066859	-0.351657306	-0.316610563	-0.278717265	-0.216715518	-0.248482936	-0.246684533	-0.119356096	-0.266819597	-0.026083008	-0.243134111	-0.308270396	-0.464313969	-0.212469259	-0.318655606	-0.214387533	-0.215904696	-0.287102312	-0.207846616	-0.182504536	-0.204688182	-0.225946854	-0.225423654	-0.184737669	-0.21580012	-0.225355399	-0.226073413	LumA
3110	-2.220001483	-0.170607486	-0.252194661	-0.248656506	-0.237485435	-0.29066859	-0.351657306	-0.316610563	-0.278717265	-0.216715518	-0.248482936	-0.246684533	-0.119356096	-0.266819597	-0.026083008	-0.243134111	-0.308270396	-0.464313969	-0.212469259	-0.318655606	-0.214387533	-0.215904696	-0.287102312	-0.207846616	-0.182504536	-0.204688182	-0.225946854	-0.225423654	7.075645802	-0.21580012	-0.225355399	-0.226073413	LumA
3121	-2.029662713	0.192674798	-0.252194661	-0.248656506	-0.237485435	-0.29066859	-0.351657306	-0.316610563	-0.278717265	-0.216715518	-0.248482936	-0.246684533	-0.119356096	2.408680029	-0.026083008	-0.243134111	0.738645226	-0.464313969	-0.212469259	-0.318655606	-0.214387533	-0.215904696	-0.287102312	-0.207846616	-0.182504536	-0.204688182	-0.225946854	-0.225423654	-0.184737669	-0.21580012	-0.225355399	-0.226073413	LumA
3122	5.55711606	-1.376550988	-0.252194661	-0.248656506	-0.237485435	-0.29066859	-0.351657306	-0.316610563	-0.278717265	-0.216715518	-0.248482936	-0.246684533	-0.119356096	-0.266819597	-0.026083008	-0.243134111	-0.308270396	-0.464313969	-0.212469259	-0.318655606	-0.214387533	-0.215904696	-0.287102312	-0.207846616	-0.182504536	-0.204688182	-0.225946854	-0.225423654	-0.184737669	-0.21580012	-0.225355399	-0.226073413	Her2
3153	7.937762193	0.059381347	-0.252194661	-0.248656506	-0.237485435	-0.29066859	-0.351657306	-0.316610563	-0.278717265	-0.216715518	-0.248482936	-0.246684533	-0.119356096	-0.266819597	-0.026083008	5.14075004	2.778910949	-0.464313969	-0.212469259	-0.318655606	-0.214387533	-0.215904696	-0.287102312	-0.207846616	-0.182504536	-0.204688182	-0.225946854	-0.225423654	3.825031707	-0.21580012	-0.225355399	-0.226073413	Basal
3165	6.217204434	-1.376550988	-0.252194661	-0.248656506	-0.237485435	5.18413116	-0.351657306	-0.316610563	-2.958558223	-0.216715518	-0.248482936	-0.246684533	-0.119356096	-0.266819597	-0.026083008	5.14075004	-2.150049989	-0.464313969	-0.212469259	-0.318655606	-0.214387533	-0.215904696	-0.287102312	-0.207846616	-0.182504536	-0.204688182	-0.225946854	4.000744296	-0.184737669	-0.21580012	-0.225355399	-0.226073413	Basal
3167	-2.127360036	2.444587494	-0.252194661	-0.248656506	-0.237485435	-0.29066859	-0.351657306	-0.316610563	-0.278717265	-0.216715518	-0.248482936	-0.246684533	-0.119356096	-0.266819597	-0.026083008	-0.243134111	-0.308270396	-0.464313969	-0.212469259	-0.318655606	-0.214387533	-0.215904696	-0.287102312	-0.207846616	-0.182504536	-0.204688182	-0.225946854	-0.225423654	-0.184737669	-0.21580012	4.062030975	-0.226073413	LumA
3171	-2.20759484	-1.258857942	-0.252194661	-0.248656506	-0.237485435	-0.29066859	-0.351657306	-0.316610563	-0.278717265	-0.216715518	-0.248482936	3.637583228	4.219324018	-0.266819597	-0.026083008	-0.243134111	-0.308270396	-0.464313969	-0.212469259	-0.318655606	-0.214387533	-0.215904696	-0.287102312	-0.207846616	-0.182504536	-0.204688182	-0.225946854	-0.225423654	-0.184737669	-0.21580012	-0.225355399	-0.226073413	LumA
3211	1.23066582	-1.376550988	-0.252194661	-0.248656506	-0.237485435	-0.29066859	4.373832616	-0.316610563	-0.278717265	-0.216715518	-0.248482936	-0.246684533	-0.119356096	-0.266819597	-0.026083008	-0.243134111	-0.308270396	-0.464313969	4.013698691	-0.318655606	-0.214387533	-0.215904696	-0.287102312	-0.207846616	-0.182504536	-0.204688182	-0.225946854	-0.225423654	-0.184737669	-0.21580012	-0.225355399	-0.226073413	Basal
3218	4.256070524	-1.376550988	-0.252194661	-0.248656506	-0.237485435	-0.29066859	5.52021669	-0.316610563	-0.278717265	-0.216715518	-0.248482936	-0.246684533	-0.119356096	-0.266819597	-0.026083008	-0.243134111	-0.308270396	-0.464313969	-0.212469259	-0.318655606	-0.214387533	-0.215904696	-0.287102312	-0.207846616	-0.182504536	-0.204688182	-0.225946854	-0.225423654	-0.184737669	-0.21580012	-0.225355399	-0.226073413	Basal
3228	-1.632440264	0.685771616	-3.253515299	-0.248656506	-0.237485435	-0.29066859	-0.351657306	6.046281913	-0.278717265	-0.216715518	-0.248482936	-0.246684533	-0.119356096	-0.266819597	3.337962204	5.14075004	1.657202656	-0.464313969	-0.212469259	-0.318655606	-0.214387533	-0.215904696	-0.287102312	-0.207846616	-0.182504536	-0.204688182	-0.225946854	-0.225423654	-0.184737669	-0.21580012	3.944902431	-0.226073413	LumA
3235	1.274897988	-1.376550988	-0.252194661	-0.248656506	-0.237485435	-0.29066859	-0.351657306	-0.316610563	-0.278717265	-0.216715518	-0.248482936	-0.246684533	-0.119356096	-0.266819597	-0.026083008	-0.243134111	-0.308270396	-0.464313969	-0.212469259	-0.318655606	-0.214387533	-0.215904696	-0.287102312	-0.207846616	-0.182504536	-0.204688182	-0.225946854	-0.225423654	-0.184737669	-0.21580012	-0.225355399	-0.226073413	LumB
3252	-2.662326044	0.430133216	-0.252194661	-0.248656506	-0.237485435	-0.29066859	-0.351657306	-0.316610563	-0.278717265	-0.216715518	-0.248482936	-0.246684533	-0.119356096	-0.266819597	-0.026083008	-0.243134111	-0.308270396	-0.464313969	-0.212469259	-0.318655606	-0.214387533	-0.215904696	-0.287102312	-0.207846616	-0.182504536	-0.204688182	-0.225946854	-0.225423654	-0.184737669	-0.21580012	-0.225355399	-0.226073413	LumA
3253	-0.998084432	-1.706561916	-0.252194661	6.615969176	-0.237485435	-0.29066859	-0.351657306	-0.316610563	-0.278717265	-0.216715518	-0.248482936	-0.246684533	-0.119356096	-0.266819597	3.763070347	-0.243134111	-0.308270396	-0.464313969	-0.212469259	2.961438281	-0.214387533	-0.215904696	-0.287102312	-0.207846616	-0.182504536	-0.204688182	-0.225946854	-0.225423654	-0.184737669	-0.21580012	-0.225355399	-0.226073413	LumB
3254	-2.662326044	-0.812057801	-0.252194661	-0.248656506	-0.237485435	-0.29066859	2.606252381	-0.316610563	-0.278717265	-0.216715518	-0.248482936	-0.246684533	-0.119356096	-0.266819597	-0.026083008	-0.243134111	3.563735876	-0.464313969	4.013698691	-0.318655606	-0.214387533	-0.215904696	-0.287102312	-0.207846616	-0.182504536	-0.204688182	-0.225946854	-0.225423654	-0.184737669	-0.21580012	-0.225355399	-0.226073413	LumA
3266	-2.602319177	-1.234211799	-0.252194661	-0.248656506	-0.237485435	-0.29066859	-0.351657306	-0.316610563	-0.278717265	-0.216715518	-0.248482936	-0.246684533	-0.119356096	-0.266819597	-0.026083008	-0.243134111	-0.308270396	-0.464313969	-0.212469259	-0.318655606	-0.214387533	4.653870979	-0.287102312	-0.207846616	-0.182504536	-0.204688182	-0.225946854	-0.225423654	-0.184737669	-0.21580012	-0.225355399	-0.226073413	LumB
3275	-1.559891986	-0.798355075	-0.252194661	-0.248656506	-0.237485435	-0.29066859	-0.351657306	-0.316610563	-0.278717265	-0.216715518	-0.248482936	3.812521364	-0.119356096	-0.266819597	-0.026083008	-0.243134111	-0.308270396	-0.464313969	-0.212469259	-0.318655606	-0.214387533	-0.215904696	-0.287102312	-0.207846616	-0.182504536	-0.204688182	-0.225946854	-0.225423654	-0.184737669	-0.21580012	-0.225355399	-0.226073413	LumB
3277	6.000597701	-1.706561916	-0.252194661	-0.248656506	-0.237485435	-0.29066859	-0.351657306	-0.316610563	-0.278717265	-0.216715518	-0.248482936	-0.246684533	-0.119356096	-0.266819597	-0.026083008	-0.243134111	-0.308270396	-0.464313969	-0.212469259	-0.318655606	-0.214387533	-0.215904696	-0.287102312	-0.207846616	-0.182504536	-0.204688182	-0.225946854	-0.225423654	-0.184737669	-0.21580012	-0.225355399	-0.226073413	Basal
3295	-1.542288034	-1.376550988	-0.252194661	-0.248656506	-0.237485435	-0.29066859	2.606252381	-0.316610563	-0.278717265	-0.216715518	-0.248482936	-0.246684533	-0.119356096	-0.266819597	-0.026083008	-0.243134111	-0.308270396	-0.464313969	-0.212469259	-0.318655606	-0.214387533	-0.215904696	-0.287102312	-0.207846616	-0.182504536	-0.204688182	-0.225946854	-0.225423654	-0.184737669	-0.21580012	-0.225355399	-0.226073413	Normal
3297	4.580606916	-0.081915647	-0.252194661	-0.248656506	-0.237485435	-0.29066859	-0.351657306	-0.316610563	-0.278717265	-0.216715518	-0.248482936	-0.246684533	-0.119356096	-0.266819597	-0.026083008	-0.243134111	-0.308270396	-0.464313969	-0.212469259	-0.318655606	-0.214387533	-0.215904696	-0.287102312	-0.207846616	-0.182504536	-0.204688182	-0.225946854	-0.225423654	-0.184737669	-0.21580012	-0.225355399	-0.226073413	Basal
3298	-2.662326044	-0.874515524	-0.252194661	-0.248656506	-0.237485435	-0.29066859	-0.351657306	-0.316610563	-0.278717265	-0.216715518	-0.248482936	-0.246684533	-0.119356096	-0.266819597	-0.026083008	-0.243134111	-0.308270396	-0.464313969	-0.212469259	-0.318655606	-0.214387533	-0.215904696	-0.287102312	-0.207846616	-0.182504536	-0.204688182	-0.225946854	-0.225423654	-0.184737669	-0.21580012	-0.225355399	-0.226073413	LumA
3300	-2.305432179	0.353028009	3.436194286	-0.248656506	4.388052183	-0.29066859	2.606252381	-0.316610563	-0.278717265	-0.216715518	-0.248482936	-0.246684533	-0.119356096	-0.266819597	-0.026083008	-0.243134111	-0.308270396	1.495584521	-0.212469259	-0.318655606	-0.214387533	-0.215904696	-0.287102312	4.561689904	-0.182504536	-0.204688182	-0.225946854	8.626281914	3.825031707	-0.21580012	-0.225355399	-0.226073413	LumB
3301	-2.364351107	-0.933952794	-0.252194661	-0.248656506	-0.237485435	-0.29066859	-0.351657306	-0.316610563	-0.278717265	-0.216715518	-0.248482936	-0.246684533	-0.119356096	-0.266819597	-0.026083008	-0.243134111	-0.308270396	-0.464313969	-0.212469259	-0.318655606	-0.214387533	4.129240324	-0.287102312	-0.207846616	-0.182504536	-0.204688182	-0.225946854	-0.225423654	-0.184737669	-0.21580012	-0.225355399	-0.226073413	LumB
3328	-2.454411056	-0.464722578	-0.252194661	-0.248656506	-0.237485435	-0.29066859	4.417777994	-0.316610563	-0.278717265	-0.216715518	-0.248482936	-0.246684533	-0.119356096	-0.266819597	-0.026083008	-0.243134111	-0.308270396	-0.464313969	-0.212469259	-0.318655606	-0.214387533	-0.215904696	-0.287102312	-0.207846616	-0.182504536	-0.204688182	-0.225946854	-0.225423654	-0.184737669	-0.21580012	-0.225355399	-0.226073413	LumA
3329	5.905330201	-1.706561916	2.749125977	-0.248656506	-0.237485435	-0.29066859	-0.351657306	-0.316610563	-0.278717265	-0.216715518	-3.779905734	-0.246684533	-0.119356096	-0.266819597	-0.026083008	-0.243134111	-0.308270396	-0.464313969	-0.212469259	-0.318655606	-0.214387533	-0.215904696	-0.287102312	-0.207846616	-0.182504536	-0.204688182	-0.225946854	-0.225423654	-0.184737669	-0.21580012	-0.225355399	-0.226073413	Her2
3341	-1.674903819	-1.376550988	-0.252194661	-0.248656506	-0.237485435	-0.29066859	-0.351657306	-0.316610563	-0.278717265	-0.216715518	-0.248482936	-0.246684533	-0.119356096	-0.266819597	-0.026083008	-0.243134111	1.657202656	-0.464313969	-0.212469259	-0.318655606	-0.214387533	-0.215904696	-0.287102312	-0.207846616	-0.182504536	-0.204688182	-0.225946854	-0.225423654	-0.184737669	-0.21580012	-0.225355399	-0.226073413	LumA
3350	-2.166105223	3.029018328	-0.252194661	-0.248656506	-0.237485435	-0.29066859	2.889688466	-0.316610563	-0.278717265	-0.216715518	-0.248482936	-0.246684533	-0.119356096	-0.266819597	3.763070347	-0.243134111	-0.308270396	-0.464313969	-0.212469259	-0.318655606	-0.214387533	-0.215904696	-0.287102312	-0.207846616	-0.182504536	-0.204688182	-0.225946854	-0.225423654	-0.184737669	-0.21580012	-0.225355399	-0.226073413	LumB
3351	-2.172140318	2.977938881	-0.252194661	-0.248656506	-0.237485435	-0.29066859	-0.351657306	-0.316610563	-0.278717265	-0.216715518	-0.248482936	-0.246684533	-0.119356096	-0.266819597	-0.026083008	-0.243134111	-0.308270396	1.776663871	-0.212469259	-0.318655606	-0.214387533	-0.215904696	-0.287102312	-0.207846616	-0.182504536	-0.204688182	-0.225946854	-0.225423654	-0.184737669	-0.21580012	-0.225355399	-0.226073413	LumA
3357	3.054923498	-1.706561916	-0.252194661	-0.248656506	-0.237485435	-0.29066859	-0.351657306	2.611222267	-0.278717265	-0.216715518	-0.248482936	-0.246684533	-0.119356096	2.818457796	-0.026083008	-0.243134111	-0.308270396	-0.464313969	-0.212469259	-0.318655606	-0.214387533	-0.215904696	-0.287102312	-0.207846616	-0.182504536	-0.204688182	-0.225946854	-0.225423654	-0.184737669	-0.21580012	-0.225355399	-0.226073413	LumB
3360	2.029175564	-1.706561916	2.749125977	-0.248656506	-0.237485435	-0.29066859	1.459868307	-0.316610563	-0.278717265	-0.216715518	-0.248482936	-0.246684533	-0.119356096	-0.266819597	-0.026083008	-0.243134111	-0.308270396	-0.464313969	-0.212469259	-0.318655606	-0.214387533	-0.215904696	-0.287102312	-0.207846616	-0.182504536	-0.204688182	-0.225946854	-0.225423654	-0.184737669	-0.21580012	-0.225355399	-0.226073413	LumB
3361	-0.032320904	-1.376550988	-0.252194661	-0.248656506	-0.237485435	-0.29066859	-0.351657306	-0.316610563	-0.278717265	-0.216715518	-0.248482936	-0.246684533	-0.119356096	-0.266819597	-0.026083008	-0.243134111	-0.308270396	-0.464313969	-0.212469259	-0.318655606	-0.214387533	-0.215904696	-0.287102312	-0.207846616	-0.182504536	-0.204688182	-0.225946854	-0.225423654	-0.184737669	-0.21580012	-0.225355399	-0.226073413	LumB
3371	-1.577799716	2.492387365	-0.252194661	-0.248656506	-0.237485435	-0.29066859	-0.351657306	-0.316610563	-0.278717265	-0.216715518	-0.248482936	-0.246684533	-0.119356096	-0.266819597	-0.026083008	-0.243134111	-0.308270396	-0.464313969	-0.212469259	-0.318655606	-0.214387533	-0.215904696	-0.287102312	-0.207846616	-0.182504536	-0.204688182	-0.225946854	-0.225423654	-0.184737669	-0.21580012	-0.225355399	-0.226073413	LumB
3378	-2.618279219	-0.139719781	-0.252194661	-0.248656506	-0.237485435	-0.29066859	-0.351657306	-0.316610563	-0.278717265	-0.216715518	-0.248482936	-0.246684533	4.219324018	-0.266819597	-0.026083008	-0.243134111	0.738645226	-0.464313969	-0.212469259	-0.318655606	-0.214387533	-0.215904696	-0.287102312	3.962522913	-0.182504536	-0.204688182	-0.225946854	-0.225423654	-0.184737669	-0.21580012	-0.225355399	-0.226073413	LumA
3382	-1.166178053	-1.376550988	-0.252194661	-0.248656506	-0.237485435	-0.29066859	-0.351657306	-3.186490134	-0.278717265	-0.216715518	-0.248482936	-0.246684533	-0.119356096	-0.266819597	-0.026083008	-0.243134111	-0.308270396	-0.464313969	-0.212469259	-0.318655606	-0.214387533	-0.215904696	-0.287102312	-0.207846616	-0.182504536	-0.204688182	-0.225946854	-0.225423654	-0.184737669	-0.21580012	-0.225355399	-0.226073413	LumB
3396	-1.68108093	0.464677276	-0.252194661	-0.248656506	-0.237485435	-0.29066859	1.459868307	-0.316610563	-0.278717265	-0.216715518	-0.248482936	-0.246684533	-0.119356096	-0.266819597	-0.026083008	-0.243134111	-0.308270396	-0.464313969	-0.212469259	-0.318655606	-0.214387533	-0.215904696	-0.287102312	-0.207846616	-0.182504536	-0.204688182	-0.225946854	-0.225423654	-0.184737669	-0.21580012	-0.225355399	-0.226073413	Basal
3402	1.165901269	0.345343075	-0.252194661	-0.248656506	-0.237485435	-0.29066859	-0.351657306	-0.316610563	-0.278717265	-0.216715518	-0.248482936	-0.246684533	-0.119356096	-0.266819597	-0.026083008	-0.243134111	-0.308270396	-0.464313969	4.013698691	-0.318655606	-0.214387533	-0.215904696	-0.287102312	-0.207846616	-0.182504536	-0.204688182	-0.225946854	-0.225423654	-0.184737669	-0.21580012	-0.225355399	-4.634766836	LumB
3403	-2.662326044	-1.128896976	-0.252194661	-0.248656506	-0.237485435	-0.29066859	-0.351657306	-0.316610563	-0.278717265	-0.216715518	7.249977897	-0.246684533	-0.119356096	-0.266819597	-0.026083008	-0.243134111	-0.308270396	-0.464313969	-0.212469259	-0.318655606	-0.214387533	-0.215904696	-0.287102312	-0.207846616	-0.182504536	-0.204688182	-0.225946854	-0.225423654	-0.184737669	-0.21580012	-0.225355399	-0.226073413	LumA
3412	-2.364351107	-0.277135171	-0.252194661	-0.248656506	-0.237485435	-0.29066859	-0.351657306	-0.316610563	-0.278717265	-0.216715518	-0.248482936	-0.246684533	-0.119356096	-0.266819597	-0.026083008	-0.243134111	-0.308270396	-0.464313969	-0.212469259	-0.318655606	-0.214387533	-0.215904696	-0.287102312	-0.207846616	-0.182504536	-0.204688182	-0.225946854	-0.225423654	-0.184737669	-0.21580012	-0.225355399	-0.226073413	LumA
3417	-2.383962179	5.151774462	-0.252194661	3.811092949	4.388052183	-0.29066859	-0.351657306	-0.316610563	-0.278717265	-0.216715518	-0.248482936	3.637583228	-0.119356096	-0.266819597	3.763070347	-0.243134111	-0.308270396	-0.464313969	-0.212469259	-0.318655606	-0.214387533	-0.215904696	-0.287102312	4.561689904	-0.182504536	-0.204688182	-0.225946854	-0.225423654	-0.184737669	-0.21580012	-0.225355399	-0.226073413	LumB
3429	-2.457687457	-0.546435278	-0.252194661	-0.248656506	8.459927079	-0.29066859	-0.351657306	-0.316610563	-0.278717265	-0.216715518	-0.248482936	-0.246684533	-0.119356096	-0.266819597	-0.026083008	-0.243134111	-0.308270396	-0.464313969	-0.212469259	-0.318655606	-0.214387533	-0.215904696	-0.287102312	-0.207846616	-0.182504536	-0.204688182	-0.225946854	-0.225423654	-0.184737669	-0.21580012	-0.225355399	-0.226073413	Normal
3430	-2.324865091	-1.376550988	-0.252194661	-0.248656506	-0.237485435	-0.29066859	-0.351657306	-0.316610563	-0.278717265	-0.216715518	-0.248482936	-0.246684533	-0.119356096	-0.266819597	-0.026083008	-0.243134111	-0.308270396	-0.464313969	-0.212469259	-0.318655606	-0.214387533	-0.215904696	-0.287102312	-0.207846616	-0.182504536	-0.204688182	-0.225946854	-0.225423654	-0.184737669	-0.21580012	-0.225355399	4.18262001	LumA
3435	8.214432885	-1.706561916	-0.252194661	-0.248656506	-0.237485435	-0.29066859	-0.351657306	-0.316610563	-0.278717265	-0.216715518	-0.248482936	-0.246684533	4.219324018	-0.266819597	-0.026083008	-0.243134111	-0.308270396	-0.464313969	-0.212469259	-0.318655606	-0.214387533	-0.215904696	-0.287102312	-0.207846616	-0.182504536	-0.204688182	-0.225946854	-0.225423654	-0.184737669	-0.21580012	-0.225355399	-0.226073413	Her2
3436	-2.302172127	-2.003649475	-0.252194661	-0.248656506	-0.237485435	-3.351209135	-0.351657306	-0.316610563	-0.278717265	-0.216715518	-0.248482936	-0.246684533	-0.119356096	-0.266819597	-0.026083008	-0.243134111	-0.308270396	-0.464313969	-0.212469259	-0.318655606	-0.214387533	-0.215904696	-0.287102312	-4.977383136	-0.182504536	-0.204688182	-0.225946854	-0.225423654	-0.184737669	-0.21580012	-0.225355399	-0.226073413	LumB
3437	-2.639801183	0.209593389	6.328855177	-0.248656506	-0.237485435	-0.29066859	-0.351657306	-0.316610563	-0.278717265	-0.216715518	-0.248482936	-0.246684533	-0.119356096	-0.266819597	-0.026083008	-0.243134111	-0.308270396	-0.464313969	-0.212469259	-0.318655606	-0.214387533	-0.215904696	-0.287102312	-0.207846616	-0.182504536	-0.204688182	-0.225946854	-0.225423654	-0.184737669	-0.21580012	-0.225355399	-0.226073413	LumB
3439	-2.49308042	-0.216119061	3.327534539	-0.248656506	-0.237485435	-0.29066859	-0.351657306	-0.316610563	-0.278717265	-0.216715518	-0.248482936	-0.246684533	-0.119356096	-0.266819597	-0.026083008	-0.243134111	-0.308270396	-0.464313969	-0.212469259	-0.318655606	-0.214387533	-0.215904696	-0.287102312	-0.207846616	-0.182504536	-0.204688182	-0.225946854	-0.225423654	-0.184737669	-0.21580012	-0.225355399	-0.226073413	LumA
3452	0.241374317	-1.06660812	-0.252194661	-0.248656506	-0.237485435	-0.29066859	2.606252381	-0.316610563	-0.278717265	-0.216715518	-0.248482936	-0.246684533	-0.119356096	-0.266819597	-0.026083008	-0.243134111	-0.308270396	-0.464313969	-0.212469259	2.230272066	-0.214387533	-0.215904696	-0.287102312	-0.207846616	-0.182504536	-0.204688182	-0.225946854	-0.225423654	-0.184737669	-0.21580012	-0.225355399	-0.226073413	Normal
3453	9.110367207	-1.706561916	-0.252194661	-0.248656506	-0.237485435	-0.29066859	1.459868307	-0.316610563	2.690618033	-0.216715518	-0.248482936	-0.246684533	-0.119356096	-0.266819597	-0.026083008	-0.243134111	-0.308270396	-0.464313969	-0.212469259	-0.318655606	3.801473094	-0.215904696	-0.287102312	-0.207846616	-0.182504536	-0.204688182	-0.225946854	-0.225423654	-0.184737669	-0.21580012	-0.225355399	-0.226073413	Basal
3462	-2.624334058	0.561540394	-0.252194661	-0.248656506	-0.237485435	-0.29066859	-0.351657306	-0.316610563	-0.278717265	-0.216715518	-0.248482936	-0.246684533	-0.119356096	-0.266819597	-0.026083008	-0.243134111	-0.308270396	-0.464313969	-0.212469259	-0.318655606	-0.214387533	-0.215904696	-0.287102312	-0.207846616	-0.182504536	-0.204688182	-0.225946854	-0.225423654	-0.184737669	-0.21580012	-0.225355399	-0.226073413	LumA
3467	9.281902976	-1.234211799	-0.252194661	-0.248656506	4.388052183	-0.29066859	-0.351657306	-0.316610563	-0.278717265	-0.216715518	-0.248482936	-0.246684533	-0.119356096	-0.266819597	-0.026083008	-0.243134111	-0.308270396	-0.464313969	-0.212469259	-0.318655606	-0.214387533	-0.215904696	-0.287102312	-0.207846616	-0.182504536	-0.204688182	-0.225946854	-0.225423654	-0.184737669	-0.21580012	-0.225355399	-0.226073413	Her2
3470	5.143415168	-1.376550988	-0.252194661	-0.248656506	-0.237485435	-0.29066859	-0.351657306	-0.316610563	-0.278717265	-0.216715518	-0.248482936	-0.246684533	-0.119356096	-0.266819597	-0.026083008	-0.243134111	-0.308270396	1.776663871	-0.212469259	-0.318655606	-0.214387533	-0.215904696	-0.287102312	-0.207846616	-0.182504536	-0.204688182	-0.225946854	-0.225423654	-0.184737669	-0.21580012	-0.225355399	-0.226073413	Her2
3490	-2.714162047	0.387894953	-0.252194661	-0.248656506	-0.237485435	-0.29066859	-0.351657306	-0.316610563	-0.278717265	-0.216715518	-0.248482936	-0.246684533	-0.119356096	-0.266819597	-0.026083008	-0.243134111	-0.308270396	-0.464313969	-0.212469259	-0.318655606	-0.214387533	-0.215904696	-0.287102312	-0.207846616	-0.182504536	-0.204688182	-0.225946854	-0.225423654	-0.184737669	-0.21580012	-0.225355399	-0.226073413	LumB
3492	-2.293824226	0.130169869	3.327534539	-0.248656506	4.388052183	-0.29066859	-0.351657306	-0.316610563	-0.278717265	-0.216715518	-0.248482936	-0.246684533	-0.119356096	-0.266819597	-0.026083008	-0.243134111	-0.308270396	-0.464313969	-0.212469259	-0.318655606	-0.214387533	-0.215904696	-0.287102312	-0.207846616	-0.182504536	-0.204688182	-0.225946854	-0.225423654	3.825031707	-0.21580012	-0.225355399	-0.226073413	LumB
3497	7.076458708	-1.706561916	-0.252194661	-0.248656506	-0.237485435	-0.29066859	1.459868307	-0.316610563	-0.278717265	-0.216715518	-0.248482936	-0.246684533	-0.119356096	-0.266819597	-0.026083008	-0.243134111	-0.308270396	-0.464313969	-0.212469259	-0.318655606	-0.214387533	-0.215904696	-0.287102312	-0.207846616	-0.182504536	-0.204688182	-0.225946854	4.400113964	-0.184737669	-0.21580012	-0.225355399	-0.226073413	Her2
3500	9.591256195	-1.376550988	-0.252194661	-0.248656506	-0.237485435	2.769871954	7.331742302	-0.316610563	2.690618033	-0.216715518	-0.248482936	-0.246684533	-0.119356096	-0.266819597	-0.026083008	-0.243134111	-0.308270396	-0.464313969	-0.212469259	-0.318655606	-0.214387533	-0.215904696	-2.973642423	-0.207846616	-0.182504536	-0.204688182	-0.225946854	-0.225423654	-0.184737669	-0.21580012	4.062030975	-0.226073413	Basal
3502	5.421499733	-2.206666699	-0.252194661	-0.248656506	-0.237485435	2.769871954	-0.351657306	2.375855281	2.708159186	-0.216715518	-0.248482936	-0.246684533	-0.119356096	-0.266819597	-0.026083008	-0.243134111	1.533509197	-0.464313969	-0.212469259	3.353165687	-0.214387533	-0.215904696	-0.287102312	-0.207846616	-0.182504536	-0.204688182	4.126112021	-0.225423654	-0.184737669	-0.21580012	-0.225355399	-0.226073413	Basal
3506	-0.975590519	1.523576978	-0.252194661	-0.248656506	-0.237485435	-0.29066859	2.889688466	-0.316610563	-0.278717265	-0.216715518	-0.248482936	-0.246684533	-0.119356096	-0.266819597	-0.026083008	-0.243134111	-0.308270396	-0.464313969	-0.212469259	-0.318655606	-0.214387533	-0.215904696	-0.287102312	-0.207846616	-0.182504536	-0.204688182	-0.225946854	-0.225423654	-0.184737669	-0.21580012	-0.225355399	-0.226073413	LumB
3510	-2.662326044	-1.34399553	-0.252194661	-0.248656506	-0.237485435	-0.29066859	-0.351657306	-0.316610563	-0.278717265	-0.216715518	-0.248482936	-0.246684533	-0.119356096	-0.266819597	-0.026083008	-0.243134111	-0.308270396	-0.464313969	-0.212469259	-0.318655606	-0.214387533	-0.215904696	-0.287102312	-0.207846616	-0.182504536	-0.204688182	-0.225946854	-0.225423654	-0.184737669	-0.21580012	-0.225355399	-0.226073413	LumA
3545	-2.439313969	-0.527554898	-0.252194661	-0.248656506	-0.237485435	-0.29066859	2.562307003	-0.316610563	-0.278717265	-0.216715518	-0.248482936	-0.246684533	-0.119356096	-0.266819597	-0.026083008	-0.243134111	-0.308270396	-0.464313969	-0.212469259	-0.318655606	-0.214387533	-0.215904696	-0.287102312	-0.207846616	-0.182504536	-0.204688182	-0.225946854	4.000744296	-0.184737669	-0.21580012	-0.225355399	-0.226073413	LumA
3548	-2.662326044	-0.263076914	-0.252194661	-0.248656506	-0.237485435	-0.29066859	2.562307003	-0.316610563	-0.278717265	-0.216715518	-0.248482936	-0.246684533	-0.119356096	-0.266819597	3.337962204	-0.243134111	-0.308270396	-0.464313969	-0.212469259	-0.318655606	-0.214387533	-0.215904696	-0.287102312	-0.207846616	-0.182504536	-0.204688182	3.635236175	-0.225423654	-0.184737669	-0.21580012	2.32427682	-0.226073413	LumA
3556	2.551544309	-1.706561916	-0.252194661	-0.248656506	-0.237485435	-0.29066859	-0.351657306	-0.316610563	-0.278717265	-0.216715518	-0.248482936	-0.246684533	-0.119356096	-0.266819597	-0.026083008	-0.243134111	-0.308270396	-0.464313969	-0.212469259	-0.318655606	-0.214387533	-0.215904696	-0.287102312	-0.207846616	-0.182504536	3.900090233	-0.225946854	-0.225423654	-0.184737669	-0.21580012	-0.225355399	-0.226073413	Her2
3576	-2.165999931	-1.706561916	-0.252194661	-0.248656506	-0.237485435	-0.29066859	-0.351657306	-0.316610563	-0.278717265	-0.216715518	-0.248482936	-0.246684533	-0.119356096	-0.266819597	-0.026083008	-0.243134111	-0.308270396	1.495584521	-0.212469259	-0.318655606	-0.214387533	-0.215904696	-0.287102312	-0.207846616	-0.182504536	-0.204688182	3.635236175	-0.225423654	-0.184737669	-0.21580012	-0.225355399	-0.226073413	Her2
3600	-1.523533056	-0.419862888	-0.252194661	-0.248656506	-0.237485435	-0.29066859	-0.351657306	-0.316610563	-0.278717265	-0.216715518	-0.248482936	-0.246684533	-0.119356096	-0.266819597	-0.026083008	-0.243134111	-0.308270396	1.776663871	4.013698691	-0.318655606	-0.214387533	-0.215904696	-0.287102312	-0.207846616	-0.182504536	-0.204688182	-0.225946854	-0.225423654	-0.184737669	-0.21580012	-0.225355399	-0.226073413	LumB
3614	-1.890400133	-0.068302362	-0.252194661	-0.248656506	-0.237485435	2.842891314	-0.351657306	2.611222267	-0.278717265	-0.216715518	-0.248482936	-0.246684533	-0.119356096	-0.266819597	3.611213813	-0.243134111	-0.308270396	-0.464313969	-0.212469259	-0.318655606	-0.214387533	-0.215904696	-0.287102312	-0.207846616	-0.182504536	-0.204688182	-0.225946854	-0.225423654	-0.184737669	-0.21580012	-0.225355399	-0.226073413	LumB
3706	7.441031297	-1.706561916	-0.252194661	-0.248656506	-0.237485435	-0.29066859	5.803652774	-0.316610563	-0.278717265	-0.216715518	-0.248482936	-0.246684533	-0.119356096	-0.266819597	-0.026083008	-0.243134111	-0.308270396	-0.464313969	-0.212469259	-0.318655606	-0.214387533	-0.215904696	-0.287102312	-0.207846616	-0.182504536	-0.204688182	-0.225946854	-0.225423654	-0.184737669	-0.21580012	-0.225355399	-0.226073413	Basal
3711	-2.662326044	0.084150801	-0.252194661	-0.248656506	-0.237485435	-0.29066859	2.606252381	-0.316610563	-0.278717265	-0.216715518	-0.248482936	-0.246684533	6.344905366	-0.266819597	-0.026083008	3.270103434	-0.308270396	-0.464313969	-0.212469259	-0.318655606	-0.214387533	-0.215904696	-0.287102312	-0.207846616	-0.182504536	-0.204688182	-0.225946854	-0.225423654	-0.184737669	-0.21580012	-0.225355399	-0.226073413	LumA
3748	-2.559498452	1.181076706	-0.252194661	-0.248656506	-0.237485435	-0.29066859	-0.351657306	-0.316610563	-0.278717265	-0.216715518	-0.248482936	3.812521364	-0.119356096	-0.266819597	-0.026083008	5.14075004	-0.308270396	-0.464313969	-0.212469259	-0.318655606	-0.214387533	-0.215904696	-0.287102312	-0.207846616	-0.182504536	-0.204688182	4.126112021	-0.225423654	-0.184737669	-0.21580012	-0.225355399	-0.226073413	LumA
3754	-2.062044531	-0.940694264	-0.252194661	-0.248656506	-0.237485435	-0.29066859	-0.351657306	-0.316610563	-0.278717265	-0.216715518	-0.248482936	-0.246684533	-0.119356096	-0.266819597	-0.026083008	-0.243134111	-0.308270396	-0.464313969	-0.212469259	-0.318655606	-0.214387533	-0.215904696	-0.287102312	-0.207846616	-0.182504536	-0.204688182	-0.225946854	4.000744296	-0.184737669	-0.21580012	-0.225355399	-0.226073413	LumB
3781	-2.600599561	2.903447607	-0.252194661	-0.248656506	-0.237485435	-0.29066859	-0.351657306	-0.316610563	-0.278717265	-0.216715518	-0.248482936	-0.246684533	-0.119356096	-0.266819597	-0.026083008	-0.243134111	-0.308270396	-0.464313969	-0.212469259	-0.318655606	-0.214387533	-0.215904696	5.7834596	-0.207846616	4.089494615	-0.204688182	-0.225946854	-0.225423654	-0.184737669	-0.21580012	-0.225355399	3.736102011	LumA
3824	-1.626918309	-0.081915647	-0.252194661	-0.248656506	-0.237485435	-0.29066859	-0.351657306	-0.316610563	-0.278717265	-0.216715518	-0.248482936	-0.246684533	-0.119356096	-0.266819597	-0.026083008	-0.243134111	0.738645226	-0.464313969	-0.212469259	-0.318655606	-0.214387533	-0.215904696	-0.287102312	-0.207846616	-0.182504536	-0.204688182	-0.225946854	-0.225423654	3.825031707	-0.21580012	-0.225355399	-0.226073413	LumB
3838	-2.028963227	2.922902874	-0.252194661	-0.248656506	-0.237485435	-0.29066859	-0.351657306	-0.316610563	-0.278717265	-0.216715518	-0.248482936	-0.246684533	-0.119356096	-0.266819597	-0.026083008	5.14075004	-0.308270396	-0.464313969	-0.212469259	-0.318655606	-0.214387533	-0.215904696	-0.287102312	-0.207846616	-0.182504536	-0.204688182	-0.225946854	-0.225423654	-0.184737669	-0.21580012	-0.225355399	-0.226073413	LumB
3840	-2.35029987	2.586566208	2.749125977	-0.248656506	-0.237485435	-0.29066859	-0.351657306	-0.316610563	-0.278717265	-0.216715518	-0.248482936	-0.246684533	-0.119356096	-0.266819597	-0.026083008	-0.243134111	-0.308270396	1.539767013	-0.212469259	2.230272066	-0.214387533	-0.215904696	-0.287102312	-0.207846616	-0.182504536	-0.204688182	-0.225946854	-0.225423654	-0.184737669	-0.21580012	-0.225355399	-0.226073413	LumB
3842	-2.460143337	-0.940694264	-0.252194661	-0.248656506	-0.237485435	-0.29066859	-0.351657306	2.611222267	-0.278717265	-0.216715518	7.249977897	-0.246684533	-0.119356096	-0.266819597	-0.026083008	3.270103434	-0.308270396	-0.464313969	-0.212469259	-0.318655606	-0.214387533	-0.215904696	-0.287102312	-0.207846616	-0.182504536	-0.204688182	-0.225946854	-0.225423654	-0.184737669	-0.21580012	-0.225355399	-0.226073413	LumB
3850	-2.313567204	-0.557942874	-0.252194661	-0.248656506	-0.237485435	-0.29066859	-0.351657306	-0.316610563	-0.278717265	-0.216715518	-0.248482936	-0.246684533	-0.119356096	2.818457796	-0.026083008	-0.243134111	1.657202656	-0.464313969	-0.212469259	-0.318655606	-0.214387533	-0.215904696	5.7834596	3.962522913	-0.182504536	-0.204688182	-0.225946854	-0.225423654	-0.184737669	-0.21580012	-0.225355399	-0.226073413	LumA
3852	-2.107828606	-0.527554898	-0.252194661	-0.248656506	-0.237485435	-0.29066859	-0.351657306	2.375855281	-0.278717265	-0.216715518	-0.248482936	-0.246684533	-0.119356096	-0.266819597	-0.026083008	-0.243134111	-0.308270396	-0.464313969	-0.212469259	-0.318655606	-0.214387533	-0.215904696	-0.287102312	-0.207846616	-0.182504536	-0.204688182	-0.225946854	-0.225423654	-0.184737669	-0.21580012	-0.225355399	-0.226073413	LumA
3854	-2.662326044	-1.376550988	-0.252194661	-0.248656506	-0.237485435	-0.29066859	-0.351657306	-0.316610563	-0.278717265	-0.216715518	-0.248482936	-0.246684533	-0.119356096	-0.266819597	-0.026083008	-0.243134111	-0.308270396	-0.464313969	-0.212469259	-0.318655606	-0.214387533	-0.215904696	-0.287102312	-0.207846616	-0.182504536	-0.204688182	-0.225946854	-0.225423654	-0.184737669	-0.21580012	-0.225355399	-0.226073413	LumA
3866	8.048907323	-1.376550988	-0.252194661	-0.248656506	-0.237485435	-0.29066859	-0.351657306	-0.316610563	-0.278717265	-0.216715518	-0.248482936	-0.246684533	-0.119356096	-0.266819597	-0.026083008	-0.243134111	-0.308270396	1.776663871	-0.212469259	-0.318655606	-0.214387533	-0.215904696	-0.287102312	-0.207846616	-0.182504536	-0.204688182	-0.225946854	-0.225423654	-0.184737669	-0.21580012	-0.225355399	-0.226073413	Her2
3871	-2.271113655	0.91711176	-0.252194661	-0.248656506	-0.237485435	-0.29066859	-0.351657306	-0.316610563	-0.278717265	-0.216715518	-0.248482936	-0.246684533	-0.119356096	-0.266819597	-0.026083008	-0.243134111	-0.308270396	-0.464313969	4.325837086	-0.318655606	-0.214387533	-0.215904696	-0.287102312	-0.207846616	-0.182504536	-0.204688182	-0.225946854	-0.225423654	-0.184737669	-0.21580012	-0.225355399	-0.226073413	LumA
3874	-2.662326044	-0.095500134	-0.252194661	-0.248656506	-0.237485435	-0.29066859	-0.351657306	-0.316610563	-0.278717265	-0.216715518	-0.248482936	-0.246684533	-0.119356096	-0.266819597	-0.026083008	-0.243134111	-0.308270396	-0.464313969	-0.212469259	-0.318655606	-0.214387533	-0.215904696	-0.287102312	-0.207846616	-0.182504536	-0.204688182	-0.225946854	-0.225423654	-0.184737669	-0.21580012	-0.225355399	-0.226073413	LumA
3978	3.434297233	-0.368627748	-0.252194661	-0.248656506	-0.237485435	-0.29066859	-0.351657306	-0.316610563	-0.278717265	-0.216715518	-0.248482936	-0.246684533	-0.119356096	-0.266819597	-0.026083008	-0.243134111	-0.308270396	-0.464313969	-0.212469259	-0.318655606	-0.214387533	-0.215904696	-0.287102312	-0.207846616	-0.182504536	4.263932627	-0.225946854	-0.225423654	-0.184737669	-0.21580012	-0.225355399	-0.226073413	Her2
4000	-0.838332849	1.648452598	-0.252194661	-0.248656506	-0.237485435	-0.29066859	-0.351657306	-0.316610563	2.462416534	-0.216715518	3.282939861	-4.30589043	-0.119356096	-0.266819597	-0.026083008	-0.243134111	-0.308270396	-0.464313969	-0.212469259	6.633259574	-0.214387533	4.653870979	-0.287102312	-0.207846616	-0.182504536	-0.204688182	-0.225946854	-0.225423654	-0.184737669	-0.21580012	-0.225355399	-0.226073413	LumA
4001	-2.34921124	0.189143819	-0.252194661	-0.248656506	-0.237485435	5.680373498	-0.351657306	3.176402342	-0.278717265	-0.216715518	-0.248482936	-0.246684533	-0.119356096	-0.266819597	-0.026083008	-0.243134111	1.533509197	1.539767013	-0.212469259	2.961438281	-0.214387533	-0.215904696	-0.287102312	-0.207846616	-0.182504536	3.900090233	-0.225946854	-0.225423654	-0.184737669	-0.21580012	-0.225355399	-0.226073413	LumA
4003	0.939371673	0.152457712	-0.252194661	-0.248656506	-0.237485435	2.123590616	2.562307003	-0.316610563	-0.278717265	-0.216715518	-0.248482936	-0.246684533	-0.119356096	-0.266819597	-3.815236362	-0.243134111	-0.308270396	1.495584521	-0.212469259	-0.318655606	-0.214387533	-0.215904696	-0.287102312	-0.207846616	-0.182504536	8.368711043	-0.225946854	-0.225423654	-0.184737669	-0.21580012	-0.225355399	4.18262001	Her2
4004	-1.61869819	0.168220021	-0.252194661	-0.248656506	-0.237485435	-0.29066859	-0.351657306	-0.316610563	4.260858208	-0.216715518	-0.248482936	-0.246684533	-0.119356096	2.408680029	-0.026083008	-0.243134111	-0.308270396	-0.464313969	-0.212469259	1.896478735	-0.214387533	-0.215904696	2.498109681	-0.207846616	-0.182504536	-0.204688182	-0.225946854	-0.225423654	-0.184737669	-0.21580012	3.944902431	-0.226073413	LumB
4008	-2.896940529	-1.046924308	-0.252194661	-0.248656506	-0.237485435	-3.351209135	-0.351657306	-0.316610563	-0.278717265	-0.216715518	-0.248482936	-0.246684533	-0.119356096	-0.266819597	-0.026083008	-0.243134111	-0.308270396	-0.464313969	-0.212469259	-0.318655606	-0.214387533	-0.215904696	-0.287102312	-0.207846616	-0.182504536	-0.204688182	-0.225946854	-0.225423654	-0.184737669	-0.21580012	-0.225355399	-0.226073413	LumB
4012	3.302819854	6.117558079	-0.252194661	7.686104705	-0.237485435	-0.29066859	-0.351657306	3.176402342	2.690618033	-0.216715518	-0.248482936	-0.246684533	-0.119356096	-0.266819597	-3.663379828	-0.243134111	2.778910949	-0.464313969	-0.212469259	-0.318655606	-0.214387533	-0.215904696	-0.287102312	-0.207846616	-0.182504536	-0.204688182	-0.225946854	-0.225423654	-0.184737669	-0.21580012	-0.225355399	-0.226073413	Her2
4015	9.73618545	-1.706561916	-0.252194661	-0.248656506	-0.237485435	-0.29066859	-0.351657306	-0.316610563	-0.278717265	-0.216715518	-0.248482936	-0.246684533	-0.119356096	-0.266819597	-3.390128219	-0.243134111	-0.308270396	-0.464313969	-0.212469259	-0.318655606	-0.214387533	-0.215904696	-0.287102312	-0.207846616	-0.182504536	-0.204688182	-0.225946854	-0.225423654	-0.184737669	-0.21580012	-0.225355399	-0.226073413	Her2
4017	-2.467948451	-1.376550988	-0.252194661	-0.248656506	-0.237485435	-0.29066859	-0.351657306	-0.316610563	-0.278717265	-0.216715518	-0.248482936	-0.246684533	-0.119356096	-0.266819597	3.763070347	-0.243134111	-0.308270396	-0.464313969	-0.212469259	-0.318655606	-0.214387533	-0.215904696	-0.287102312	-0.207846616	-0.182504536	-0.204688182	-0.225946854	-0.225423654	-0.184737669	-0.21580012	-0.225355399	-0.226073413	LumB
4018	-2.384439384	-0.091658359	-0.252194661	2.74095742	-0.237485435	-0.29066859	-0.351657306	-0.316610563	-0.278717265	-0.216715518	-0.248482936	-0.246684533	-0.119356096	-0.266819597	-0.026083008	-0.243134111	-0.308270396	-0.464313969	-0.212469259	-0.318655606	-0.214387533	-0.215904696	-0.287102312	-0.207846616	-0.182504536	-0.204688182	-0.225946854	-0.225423654	-0.184737669	-0.21580012	-0.225355399	-0.226073413	LumA
4024	2.087055914	-1.013984603	-0.252194661	-0.248656506	-0.237485435	-0.29066859	-0.351657306	-0.316610563	5.677494483	-0.216715518	-0.248482936	-0.246684533	-0.119356096	-0.266819597	-0.026083008	-0.243134111	-0.308270396	-0.464313969	-0.212469259	-0.318655606	-0.214387533	-0.215904696	-0.287102312	-0.207846616	-0.182504536	-0.204688182	-0.225946854	-0.225423654	-0.184737669	-0.21580012	-0.225355399	-0.226073413	Basal
4033	-2.662326044	-1.706561916	-0.252194661	-0.248656506	-0.237485435	-0.29066859	-0.351657306	-0.316610563	-0.278717265	-0.216715518	-0.248482936	-0.246684533	-0.119356096	-0.266819597	-0.026083008	-0.243134111	-0.308270396	-0.464313969	-0.212469259	-0.318655606	-0.214387533	-0.215904696	3.109757638	-0.207846616	-0.182504536	-0.204688182	-0.225946854	-0.225423654	-0.184737669	3.888978296	-0.225355399	-0.226073413	LumA
4046	-2.538716251	4.352757461	-0.252194661	-0.248656506	-0.237485435	2.842891314	-0.351657306	-0.316610563	-0.278717265	-0.216715518	-0.248482936	-0.246684533	-0.119356096	-0.266819597	-0.026083008	-0.243134111	-0.308270396	-0.464313969	-0.212469259	1.896478735	-0.214387533	-0.215904696	-0.287102312	-0.207846616	4.089494615	-0.204688182	-0.225946854	-0.225423654	-0.184737669	-0.21580012	-0.225355399	-0.226073413	Her2
4059	-2.662326044	-0.616018569	-0.252194661	-0.248656506	-0.237485435	-0.29066859	-0.351657306	-0.316610563	-0.278717265	-0.216715518	-0.248482936	-0.246684533	-0.119356096	-0.266819597	-0.026083008	-0.243134111	-0.308270396	-0.464313969	-0.212469259	-0.318655606	-0.214387533	-0.215904696	-0.287102312	-0.207846616	-0.182504536	-0.204688182	-0.225946854	-0.225423654	-0.184737669	-0.21580012	-0.225355399	-0.226073413	Normal
4079	-2.844174108	7.284437922	3.327534539	-0.248656506	-0.237485435	-0.29066859	-0.351657306	-0.316610563	-0.278717265	-0.216715518	-0.248482936	-0.246684533	-0.119356096	-0.266819597	-0.026083008	-0.243134111	-0.308270396	1.495584521	-0.212469259	-0.318655606	-0.214387533	-0.215904696	3.109757638	-0.207846616	-0.182504536	-0.204688182	-0.225946854	-0.225423654	-0.184737669	-0.21580012	-0.225355399	3.736102011	Her2
4091	-2.754956881	11.17164177	-0.252194661	-0.248656506	-0.237485435	-0.29066859	-0.351657306	3.176402342	-0.278717265	-0.216715518	-0.248482936	-0.246684533	-0.119356096	2.408680029	-0.026083008	-0.243134111	-0.308270396	-0.464313969	-0.212469259	2.230272066	4.248107679	-0.215904696	-0.287102312	-0.207846616	-0.182504536	-0.204688182	-0.225946854	-0.225423654	-0.184737669	4.129344901	-0.225355399	-0.226073413	LumA
4098	-3.416413738	12.90817206	3.327534539	-0.248656506	-0.237485435	2.769871954	-0.351657306	2.553269008	-0.278717265	-0.216715518	1.338876272	-0.246684533	-0.119356096	-0.266819597	-0.026083008	-0.243134111	-3.342704912	-0.464313969	-0.212469259	-0.318655606	-0.214387533	-0.215904696	-0.287102312	-0.207846616	-0.182504536	-0.204688182	-0.225946854	-0.225423654	-0.184737669	-0.21580012	-0.225355399	-0.226073413	Her2
4119	-1.83071048	15.00107183	-0.252194661	2.74095742	-0.237485435	6.399674197	-0.351657306	-0.316610563	-0.278717265	-0.216715518	-0.248482936	-0.246684533	-0.119356096	-0.266819597	-0.026083008	-0.243134111	-3.342704912	3.499665503	-0.212469259	-0.318655606	3.801473094	-0.215904696	-0.287102312	-0.207846616	-0.182504536	-0.204688182	-0.225946854	-0.225423654	-0.184737669	-0.21580012	3.944902431	-0.226073413	Her2
4120	-2.355033701	5.268013462	-0.252194661	-0.248656506	-0.237485435	-0.29066859	-0.351657306	-0.316610563	-0.278717265	-0.216715518	-0.248482936	-0.246684533	-0.119356096	-0.266819597	-0.026083008	-0.243134111	-0.308270396	-0.464313969	-0.212469259	5.568300028	-0.214387533	4.129240324	-0.287102312	-0.207846616	-0.182504536	-0.204688182	-0.225946854	-0.225423654	-0.184737669	-0.21580012	-0.225355399	-0.226073413	LumA
4126	1.260384935	3.044549447	-0.252194661	-0.248656506	-0.237485435	-0.29066859	2.562307003	-0.316610563	5.677494483	-0.216715518	7.634194072	-0.246684533	-0.119356096	-0.266819597	-0.026083008	-0.243134111	2.778910949	1.495584521	-0.212469259	-0.318655606	-0.214387533	-0.215904696	-0.287102312	-0.207846616	4.089494615	-0.204688182	-0.225946854	-0.225423654	-0.184737669	-0.21580012	-0.225355399	-0.226073413	Her2
4127	8.634579383	0.792194391	-0.252194661	-0.248656506	-0.237485435	-0.29066859	-0.351657306	-0.316610563	-0.278717265	-0.216715518	-0.248482936	-0.246684533	-0.119356096	2.408680029	-0.026083008	-0.243134111	-0.308270396	1.776663871	8.552005036	-0.318655606	-0.214387533	-0.215904696	-0.287102312	-0.207846616	-0.182504536	-0.204688182	3.635236175	-0.225423654	-0.184737669	-0.21580012	-0.225355399	-0.226073413	Her2
4139	-2.086495278	3.628719933	3.327534539	-0.248656506	-0.237485435	-0.29066859	-0.351657306	-0.316610563	-0.278717265	-0.216715518	-0.248482936	-0.246684533	-0.119356096	-0.266819597	-0.026083008	-0.243134111	-0.308270396	-0.464313969	-0.212469259	-0.318655606	-0.214387533	-0.215904696	-0.287102312	-0.207846616	-0.182504536	-0.204688182	-0.225946854	-0.225423654	-0.184737669	-0.21580012	-0.225355399	-0.226073413	LumB
4141	-2.477692967	10.47697282	-0.252194661	2.74095742	-0.237485435	-0.29066859	-0.351657306	-0.316610563	-0.278717265	-0.216715518	-0.248482936	-0.246684533	-0.119356096	4.196335733	-3.663379828	-0.243134111	-0.308270396	-0.464313969	-0.212469259	-0.318655606	-0.214387533	-0.215904696	-0.287102312	-0.207846616	-0.182504536	-0.204688182	-0.225946854	-0.225423654	3.825031707	-0.21580012	-0.225355399	-0.226073413	Her2
4145	-0.90429571	1.553484701	-0.252194661	-0.248656506	-0.237485435	-0.29066859	-0.351657306	-0.316610563	-0.278717265	-0.216715518	-0.248482936	-0.246684533	-0.119356096	-0.266819597	-0.026083008	-0.243134111	-0.308270396	1.495584521	-0.212469259	2.230272066	-0.214387533	-0.215904696	-0.287102312	-0.207846616	-0.182504536	-0.204688182	-0.225946854	-0.225423654	-0.184737669	-0.21580012	-0.225355399	-0.226073413	Her2
4146	3.481942375	0.550923407	-0.252194661	3.811092949	-0.237485435	-0.29066859	-0.351657306	2.553269008	-0.278717265	4.067652388	1.338876272	-0.246684533	-6.583617558	2.408680029	-3.663379828	-0.243134111	1.533509197	-0.464313969	-0.212469259	-2.867583278	-0.214387533	-0.215904696	-0.287102312	-0.207846616	-0.182504536	-0.204688182	-0.225946854	-0.225423654	-0.184737669	4.129344901	4.062030975	8.144795434	Basal
4148	-2.166274863	0.211025568	-0.252194661	-0.248656506	-0.237485435	-0.29066859	-0.351657306	-0.316610563	-0.278717265	-0.216715518	-0.248482936	-0.246684533	-0.119356096	-0.266819597	-3.663379828	-0.243134111	-0.308270396	-0.464313969	-0.212469259	-0.318655606	-0.214387533	-0.215904696	-0.287102312	-0.207846616	-0.182504536	-0.204688182	-0.225946854	-0.225423654	-0.184737669	-0.21580012	-0.225355399	-0.226073413	LumB
4154	-0.592827473	-1.706561916	-0.252194661	-0.248656506	-0.237485435	-0.29066859	-0.351657306	-0.316610563	-0.278717265	-0.216715518	-0.248482936	-0.246684533	-0.119356096	-0.266819597	-0.026083008	-0.243134111	-0.308270396	-0.464313969	-0.212469259	-0.318655606	-0.214387533	-0.215904696	-0.287102312	-0.207846616	-0.182504536	-0.204688182	-0.225946854	-0.225423654	-0.184737669	-0.21580012	-0.225355399	-0.226073413	LumB
4171	-2.608488224	0.697653378	-0.252194661	-0.248656506	-0.237485435	-0.29066859	-0.351657306	-0.316610563	-3.265593716	4.121964595	-0.248482936	-0.246684533	-0.119356096	-0.266819597	-0.026083008	8.653987585	-0.308270396	-0.464313969	-0.212469259	-0.318655606	-0.214387533	-0.215904696	8.568671592	-0.207846616	-0.182504536	-0.204688182	-0.225946854	-0.225423654	-0.184737669	-0.21580012	-0.225355399	-0.226073413	Her2
4173	-2.600497982	-0.689666298	-0.252194661	-0.248656506	-0.237485435	-0.29066859	-0.351657306	-0.316610563	-0.278717265	-0.216715518	-0.248482936	-0.246684533	-0.119356096	2.818457796	-0.026083008	-0.243134111	-0.308270396	1.539767013	4.325837086	-0.318655606	-0.214387533	-0.215904696	-0.287102312	-0.207846616	-0.182504536	4.263932627	-0.225946854	-0.225423654	7.075645802	-0.21580012	-0.225355399	-0.226073413	LumA
4189	-4.216708294	6.387356319	3.327534539	-0.248656506	-0.237485435	-0.29066859	2.606252381	3.176402342	-0.278717265	4.121964595	-0.248482936	-0.246684533	-0.119356096	-0.266819597	-10.81657839	-0.243134111	-3.342704912	1.495584521	-0.212469259	5.568300028	-0.214387533	-0.215904696	3.109757638	4.561689904	-0.182504536	-0.204688182	7.987295049	-0.225423654	3.825031707	-0.21580012	-0.225355399	-0.226073413	Her2
4212	-2.662326044	1.412368785	-0.252194661	-0.248656506	-0.237485435	-0.29066859	-0.351657306	-0.316610563	-0.278717265	-0.216715518	-0.248482936	3.812521364	-0.119356096	-0.266819597	-0.026083008	-0.243134111	6.650917221	-0.464313969	-0.212469259	-0.318655606	-0.214387533	-0.215904696	-0.287102312	-0.207846616	-0.182504536	-0.204688182	-0.225946854	-0.225423654	-0.184737669	-0.21580012	-0.225355399	-0.226073413	LumA
4213	-2.395554798	0.852058159	-0.252194661	2.74095742	-0.237485435	-0.29066859	-0.351657306	-0.316610563	-0.278717265	-0.216715518	-0.248482936	-0.246684533	-0.119356096	-0.266819597	-0.026083008	-0.243134111	-0.308270396	-0.464313969	-0.212469259	-0.318655606	-0.214387533	-0.215904696	-0.287102312	-0.207846616	-0.182504536	-0.204688182	-0.225946854	-0.225423654	-0.184737669	8.234123316	-0.225355399	-0.226073413	LumB
4222	-2.355329082	6.88931919	-0.252194661	-0.248656506	-0.237485435	-0.29066859	-0.351657306	5.868868185	-0.278717265	-0.216715518	-0.248482936	-0.246684533	-0.119356096	-0.266819597	-3.663379828	-0.243134111	-3.342704912	2.176405229	-0.212469259	-0.318655606	-0.214387533	-0.215904696	-0.287102312	-0.207846616	-0.182504536	-0.204688182	-0.225946854	-0.225423654	-0.184737669	3.888978296	-0.225355399	-0.226073413	Her2
4230	-1.612743629	0.952097394	-0.252194661	-0.248656506	-0.237485435	-0.29066859	-0.351657306	-0.316610563	-0.278717265	-0.216715518	-0.248482936	-0.246684533	-0.119356096	-0.266819597	-0.026083008	-0.243134111	2.778910949	-0.464313969	-0.212469259	-0.318655606	-0.214387533	-0.215904696	-0.287102312	-0.207846616	-0.182504536	-0.204688182	-0.225946854	-0.225423654	-0.184737669	-0.21580012	-0.225355399	-0.226073413	LumA
4233	-0.028362824	-1.706561916	-0.252194661	-0.248656506	-0.237485435	2.769871954	-0.351657306	-0.316610563	-0.278717265	-0.216715518	-0.248482936	3.812521364	-0.119356096	-0.266819597	-0.026083008	-0.243134111	-0.308270396	-0.464313969	-0.212469259	-0.318655606	-0.214387533	-0.215904696	-0.287102312	-0.207846616	-0.182504536	-0.204688182	-0.225946854	-0.225423654	-0.184737669	-0.21580012	-0.225355399	-0.226073413	LumB
4234	-2.599366557	5.748211344	-0.252194661	-0.248656506	-0.237485435	-0.29066859	-0.351657306	2.375855281	-0.278717265	-0.216715518	-0.248482936	-0.246684533	-0.119356096	-0.266819597	-0.026083008	-0.243134111	-0.308270396	-0.464313969	-0.212469259	-0.318655606	-0.214387533	-0.215904696	-0.287102312	-0.207846616	-0.182504536	-0.204688182	-0.225946854	-0.225423654	-0.184737669	-0.21580012	-0.225355399	-0.226073413	LumA
4235	1.079010164	-1.376550988	-0.252194661	-0.248656506	-0.237485435	-0.29066859	-0.351657306	-0.316610563	-0.278717265	-0.216715518	-0.248482936	-0.246684533	-0.119356096	-0.266819597	-0.026083008	-0.243134111	2.778910949	-0.464313969	-0.212469259	-0.318655606	-0.214387533	-0.215904696	-0.287102312	-0.207846616	-0.182504536	-0.204688182	4.126112021	-0.225423654	-0.184737669	-0.21580012	3.944902431	-0.226073413	Basal
4236	-2.662326044	2.85660294	-0.252194661	2.74095742	-0.237485435	-0.29066859	-0.351657306	-0.316610563	-0.278717265	-0.216715518	-0.248482936	-0.246684533	-0.119356096	-0.266819597	-0.026083008	-0.243134111	-0.308270396	4.136303719	4.325837086	-0.318655606	-0.214387533	-0.215904696	-0.287102312	-0.207846616	-0.182504536	-0.204688182	-0.225946854	-0.225423654	7.075645802	-0.21580012	-0.225355399	-0.226073413	Her2
4254	3.638337318	-1.376550988	-0.252194661	-0.248656506	-0.237485435	-0.29066859	-0.351657306	2.375855281	-0.278717265	-0.216715518	-0.248482936	-0.246684533	-0.119356096	-0.266819597	-0.026083008	-0.243134111	-0.308270396	-0.464313969	-0.212469259	-0.318655606	-0.214387533	-0.215904696	-0.287102312	-0.207846616	-0.182504536	-0.204688182	-0.225946854	-0.225423654	-0.184737669	-0.21580012	-0.225355399	-0.226073413	Basal
4264	-2.504811259	6.590765673	3.327534539	-0.248656506	-0.237485435	-0.29066859	-0.351657306	-0.316610563	-0.278717265	-0.216715518	3.667156037	3.812521364	-0.119356096	2.408680029	-0.026083008	-0.243134111	-0.308270396	-0.464313969	-0.212469259	-0.318655606	-0.214387533	-0.215904696	-0.287102312	-0.207846616	-0.182504536	-0.204688182	-0.225946854	-0.225423654	-0.184737669	-0.21580012	-0.225355399	-0.226073413	LumA
4266	-1.812353099	-0.392923606	-0.252194661	-0.248656506	-0.237485435	-0.29066859	-0.351657306	2.611222267	2.690618033	-0.216715518	-0.248482936	-0.246684533	-0.119356096	-0.266819597	-0.026083008	-0.243134111	0.738645226	-0.464313969	4.325837086	-0.318655606	-0.214387533	-0.215904696	-0.287102312	-0.207846616	-0.182504536	-0.204688182	-0.225946854	-0.225423654	-0.184737669	3.888978296	-0.225355399	-0.226073413	LumA
4270	-0.278567522	-1.376550988	-0.252194661	-0.248656506	-0.237485435	-0.29066859	-0.351657306	-0.316610563	-0.278717265	-0.216715518	-0.248482936	-0.246684533	-0.119356096	-0.266819597	-0.026083008	-0.243134111	-0.308270396	-0.464313969	-0.212469259	-0.318655606	-0.214387533	-0.215904696	-0.287102312	-0.207846616	-0.182504536	-0.204688182	-0.225946854	-0.225423654	-0.184737669	-0.21580012	-0.225355399	-0.226073413	Her2
4274	-1.320572095	-0.561466132	-0.252194661	-0.248656506	-0.237485435	-0.29066859	-0.351657306	-0.316610563	-0.278717265	-0.216715518	-0.248482936	-0.246684533	-0.119356096	-0.266819597	-0.026083008	-0.243134111	-0.308270396	-0.464313969	-0.212469259	-0.318655606	-0.214387533	-0.215904696	-0.287102312	-0.207846616	4.580686761	-0.204688182	-0.225946854	4.400113964	-0.184737669	4.129344901	-0.225355399	3.736102011	LumB
4276	3.889263453	-1.376550988	-0.252194661	-0.248656506	-0.237485435	-0.29066859	-0.351657306	-0.316610563	-0.278717265	-0.216715518	-0.248482936	-0.246684533	4.219324018	-0.266819597	-0.026083008	-0.243134111	-0.308270396	-0.464313969	-0.212469259	-0.318655606	-0.214387533	-0.215904696	-0.287102312	-0.207846616	-0.182504536	-0.204688182	-0.225946854	-0.225423654	-0.184737669	-0.21580012	-0.225355399	-0.226073413	Her2
4278	-2.551646029	-0.421074387	-0.252194661	-0.248656506	-0.237485435	-0.29066859	-0.351657306	-0.316610563	-0.278717265	-0.216715518	-0.248482936	-0.246684533	-0.119356096	-0.266819597	-0.026083008	-0.243134111	-0.308270396	-0.464313969	-4.750775604	2.230272066	-0.214387533	-0.215904696	3.109757638	-0.207846616	-0.182504536	-0.204688182	-0.225946854	-0.225423654	-0.184737669	-0.21580012	-0.225355399	-0.226073413	Her2
4281	-0.250656422	-0.368627748	2.749125977	-0.248656506	4.388052183	-0.29066859	-0.351657306	-0.316610563	-0.278717265	-0.216715518	-0.248482936	-0.246684533	-0.119356096	-0.266819597	-0.026083008	5.14075004	-0.308270396	5.740643343	-0.212469259	2.961438281	-0.214387533	-0.215904696	-0.287102312	-0.207846616	-0.182504536	-0.204688182	-0.225946854	-0.225423654	-0.184737669	-0.21580012	-0.225355399	-0.226073413	Her2
4282	-1.59112069	-1.23441451	-0.252194661	-3.238270432	-0.237485435	2.842891314	-0.351657306	-0.316610563	-0.278717265	-0.216715518	-0.248482936	-0.246684533	-0.119356096	-0.266819597	-0.026083008	-0.243134111	-0.308270396	-0.464313969	-0.212469259	3.353165687	-0.214387533	-0.215904696	-0.287102312	-0.207846616	-0.182504536	-0.204688182	3.635236175	-0.225423654	-0.184737669	-0.21580012	3.944902431	-0.226073413	LumA
4283	-3.071313311	4.299576069	-0.252194661	-0.248656506	-0.237485435	-0.29066859	-0.351657306	-0.316610563	-0.278717265	-0.216715518	-0.248482936	-0.246684533	-0.119356096	-0.266819597	-0.026083008	-0.243134111	1.657202656	1.495584521	-0.212469259	-0.318655606	-0.214387533	-0.215904696	3.109757638	-0.207846616	-0.182504536	-0.204688182	-0.225946854	-0.225423654	-0.184737669	-0.21580012	-0.225355399	4.18262001	LumA
4289	-2.510885009	8.94703311	-0.252194661	-0.248656506	-0.237485435	6.326654837	-0.351657306	-0.316610563	5.388000143	-0.216715518	-0.248482936	-0.246684533	-0.119356096	-0.266819597	-3.815236362	-0.243134111	-0.308270396	6.377281559	-0.212469259	-0.318655606	-0.214387533	-0.215904696	-0.287102312	-0.207846616	-0.182504536	-0.204688182	-0.225946854	-0.225423654	-0.184737669	-0.21580012	-0.225355399	-0.226073413	Her2
4293	-2.547519244	1.126395531	-0.252194661	-0.248656506	-0.237485435	-0.29066859	-0.351657306	-0.316610563	-0.278717265	-0.216715518	-0.248482936	-0.246684533	-0.119356096	2.818457796	-0.026083008	-0.243134111	10.45816987	-0.464313969	-0.212469259	1.896478735	-0.214387533	-0.215904696	-0.287102312	-0.207846616	-0.182504536	-0.204688182	-0.225946854	-0.225423654	-0.184737669	-0.21580012	-0.225355399	-0.226073413	LumA
4300	0.275322982	1.428838207	-0.252194661	-0.248656506	-0.237485435	-0.29066859	-0.351657306	-0.316610563	-0.278717265	-0.216715518	-0.248482936	-0.246684533	-0.119356096	-0.266819597	-10.81657839	-0.243134111	-0.308270396	3.448469747	-0.212469259	-0.318655606	-0.214387533	-0.215904696	-0.287102312	-0.207846616	-0.182504536	-0.204688182	-0.225946854	-0.225423654	-0.184737669	-0.21580012	-0.225355399	-0.226073413	Her2
4306	-2.498158812	9.856448236	-0.252194661	-0.248656506	-0.237485435	-0.29066859	-0.351657306	-0.316610563	1.519724409	-0.216715518	-0.248482936	-0.246684533	-0.119356096	-0.266819597	-0.026083008	-0.243134111	-0.308270396	-0.464313969	-0.212469259	2.961438281	-0.214387533	-0.215904696	-0.287102312	-0.207846616	-0.182504536	-0.204688182	-0.225946854	-0.225423654	-0.184737669	-0.21580012	-0.225355399	-0.226073413	LumA
4310	-1.850047006	13.7689095	3.327534539	-0.248656506	-0.237485435	-0.29066859	-0.351657306	-0.316610563	-0.278717265	-0.216715518	-0.248482936	-0.246684533	-0.119356096	-0.266819597	-0.026083008	-0.243134111	-3.342704912	1.495584521	4.325837086	-0.318655606	-0.214387533	-0.215904696	-0.287102312	8.732059433	-0.182504536	-0.204688182	-0.225946854	-0.225423654	-0.184737669	-0.21580012	-0.225355399	-0.226073413	LumA
4313	-4.852010783	17.6964639	-0.252194661	-0.248656506	-0.237485435	-0.29066859	2.562307003	2.553269008	-0.278717265	-0.216715518	3.667156037	-0.246684533	-0.119356096	9.957112751	-7.452533183	3.270103434	2.778910949	4.136303719	-0.212469259	-0.318655606	-0.214387533	4.129240324	-0.287102312	3.962522913	-0.182504536	8.368711043	3.635236175	-0.225423654	-0.184737669	-0.21580012	8.232288805	-0.226073413	LumA
4317	0.90693721	0.257472201	-0.252194661	-0.248656506	-0.237485435	-0.29066859	-0.351657306	-0.316610563	2.462416534	-0.216715518	-0.248482936	-0.246684533	-0.119356096	2.818457796	-0.026083008	-0.243134111	-0.308270396	-0.464313969	-0.212469259	-0.318655606	-0.214387533	-0.215904696	-0.287102312	-0.207846616	-0.182504536	-0.204688182	-0.225946854	-0.225423654	-0.184737669	-0.21580012	-0.225355399	-0.226073413	Her2
4318	-0.07971592	-0.515644244	-0.252194661	-0.248656506	-0.237485435	-0.29066859	-0.351657306	-0.316610563	-0.278717265	-0.216715518	-0.248482936	-0.246684533	-0.119356096	-0.266819597	-0.026083008	-0.243134111	-0.308270396	4.136303719	-0.212469259	-0.318655606	-0.214387533	-0.215904696	2.3994378	-0.207846616	-0.182504536	-0.204688182	-0.225946854	-0.225423654	-0.184737669	-0.21580012	-0.225355399	-0.226073413	LumB
4322	-1.566473336	4.729981271	-0.252194661	-0.248656506	-0.237485435	-0.29066859	-0.351657306	-0.316610563	-0.278717265	-0.216715518	-0.248482936	-0.246684533	-0.119356096	2.818457796	-0.026083008	-0.243134111	-0.308270396	-0.464313969	-0.212469259	-0.318655606	-0.214387533	-0.215904696	-0.287102312	-0.207846616	-0.182504536	-0.204688182	-0.225946854	-0.225423654	-0.184737669	3.888978296	-0.225355399	-0.226073413	LumA
4323	-2.477265977	-0.507179896	2.749125977	-0.248656506	-0.237485435	-0.29066859	-0.351657306	2.611222267	-0.278717265	-0.216715518	-0.248482936	-0.246684533	-0.119356096	-0.266819597	-0.026083008	-0.243134111	-0.308270396	1.488571256	-0.212469259	-0.318655606	-0.214387533	-0.215904696	-0.287102312	-0.207846616	-0.182504536	-0.204688182	-0.225946854	-0.225423654	-0.184737669	-0.21580012	-0.225355399	-0.226073413	LumA
4328	-2.570587342	4.212754365	-0.252194661	-0.248656506	-0.237485435	-0.29066859	-0.351657306	-0.316610563	-0.278717265	-0.216715518	-0.248482936	-0.246684533	-0.119356096	-0.266819597	-0.026083008	-0.243134111	-0.308270396	-0.464313969	-0.212469259	-0.318655606	-0.214387533	-0.215904696	-0.287102312	-0.207846616	-0.182504536	-0.204688182	-0.225946854	-0.225423654	3.825031707	-4.320578535	-0.225355399	-0.226073413	LumA
4331	-2.457454711	2.632067497	-0.252194661	-0.248656506	-0.237485435	-0.29066859	-0.351657306	-0.316610563	-0.278717265	-0.216715518	-0.248482936	-0.246684533	-0.119356096	-0.266819597	-0.026083008	-0.243134111	-0.308270396	-0.464313969	-0.212469259	-0.318655606	-0.214387533	-0.215904696	2.3994378	-0.207846616	-0.182504536	-0.204688182	-0.225946854	-0.225423654	-0.184737669	-0.21580012	-0.225355399	-0.226073413	Her2
4333	-1.62413463	0.094824018	-0.252194661	-0.248656506	-0.237485435	-0.29066859	-0.351657306	-0.316610563	-0.278717265	-0.216715518	-0.248482936	-0.246684533	-0.119356096	-0.266819597	-0.026083008	-0.243134111	-0.308270396	-0.464313969	-0.212469259	-0.318655606	-0.214387533	-0.215904696	-0.287102312	-0.207846616	-0.182504536	-0.204688182	-0.225946854	-0.225423654	-0.184737669	-0.21580012	-0.225355399	-0.226073413	LumA
4339	-2.39939127	9.808974836	3.327534539	-0.248656506	-0.237485435	2.842891314	-0.351657306	-0.316610563	-0.278717265	-0.216715518	-0.248482936	-0.246684533	-0.119356096	-0.266819597	-0.026083008	-0.243134111	2.778910949	1.495584521	-0.212469259	-0.318655606	-0.214387533	-0.215904696	2.3994378	-0.207846616	-0.182504536	4.263932627	-0.225946854	-0.225423654	-0.184737669	-0.21580012	-0.225355399	-0.226073413	LumB
4341	13.40930121	-1.706561916	-0.252194661	-0.248656506	-0.237485435	-0.29066859	-0.351657306	-0.316610563	-0.278717265	-0.216715518	-0.248482936	-0.246684533	-0.119356096	-0.266819597	-0.026083008	-0.243134111	-0.308270396	-0.464313969	-0.212469259	-0.318655606	-0.214387533	-0.215904696	5.171811642	-0.207846616	-0.182504536	-0.204688182	-0.225946854	-0.225423654	-0.184737669	-0.21580012	-0.225355399	-0.226073413	Her2
4342	-2.662326044	-0.561609456	-0.252194661	-0.248656506	-0.237485435	-0.29066859	-0.351657306	-0.316610563	-0.278717265	-0.216715518	-0.248482936	-0.246684533	-0.119356096	-0.266819597	-0.026083008	-0.243134111	5.529208929	-0.464313969	-0.212469259	-0.318655606	-0.214387533	-0.215904696	-0.287102312	-0.207846616	-0.182504536	-0.204688182	-0.225946854	-0.225423654	-0.184737669	-0.21580012	-0.225355399	-0.226073413	LumA
4343	-0.526379665	-0.716347745	-0.252194661	-0.248656506	-0.237485435	2.123590616	-0.351657306	-0.316610563	-0.278717265	-0.216715518	-0.248482936	-0.246684533	-0.119356096	-0.266819597	-3.390128219	-0.243134111	5.529208929	-0.464313969	-0.212469259	-0.318655606	-0.214387533	-0.215904696	-0.287102312	-0.207846616	-0.182504536	-0.204688182	-0.225946854	-0.225423654	-0.184737669	-0.21580012	-0.225355399	4.18262001	Her2
4348	4.794692106	-0.537295858	-0.252194661	-0.248656506	-0.237485435	-0.29066859	-0.351657306	-0.316610563	5.388000143	-0.216715518	-0.248482936	-0.246684533	-0.119356096	-0.266819597	-0.026083008	-0.243134111	-0.308270396	-0.464313969	-0.212469259	-0.318655606	-0.214387533	-0.215904696	-0.287102312	-0.207846616	-0.182504536	-0.204688182	-0.225946854	-0.225423654	-0.184737669	-0.21580012	-0.225355399	-0.226073413	Her2
4350	7.655349422	-1.864431856	-0.252194661	-0.248656506	-0.237485435	2.842891314	-0.351657306	3.176402342	-3.019851065	-0.216715518	-0.248482936	-0.246684533	-0.119356096	-0.266819597	-3.663379828	-0.243134111	-0.308270396	1.495584521	-0.212469259	3.353165687	-0.214387533	-0.215904696	-0.287102312	3.962522913	-0.182504536	-0.204688182	-0.225946854	-0.225423654	-0.184737669	-0.21580012	-0.225355399	-0.226073413	Her2
4351	7.560722501	1.977621263	-0.252194661	-0.248656506	-0.237485435	-0.29066859	-0.351657306	-0.316610563	-0.278717265	-0.216715518	-0.248482936	-0.246684533	-0.119356096	-0.266819597	-0.026083008	-0.243134111	-0.308270396	1.495584521	-0.212469259	3.353165687	-0.214387533	-0.215904696	-0.287102312	-0.207846616	-0.182504536	8.368711043	-0.225946854	-0.225423654	-0.184737669	-0.21580012	-0.225355399	-0.226073413	Her2
4353	-1.751165175	-0.138197707	-0.252194661	-0.248656506	-0.237485435	-0.29066859	-0.351657306	5.868868185	-0.278717265	-0.216715518	-0.248482936	-0.246684533	-0.119356096	-0.266819597	-0.026083008	-0.243134111	-0.308270396	-0.464313969	-0.212469259	-0.318655606	-0.214387533	-0.215904696	3.109757638	-0.207846616	-0.182504536	4.263932627	-0.225946854	-0.225423654	-0.184737669	-0.21580012	-0.225355399	-0.226073413	LumB
4354	-0.771302604	-0.799188644	3.327534539	-0.248656506	-0.237485435	-0.29066859	-0.351657306	-0.316610563	-0.278717265	-0.216715518	-0.248482936	-0.246684533	-0.119356096	-0.266819597	-0.026083008	-0.243134111	-0.308270396	-0.464313969	-0.212469259	2.961438281	-0.214387533	-0.215904696	-0.287102312	-0.207846616	-0.182504536	-0.204688182	-0.225946854	-0.225423654	-0.184737669	4.129344901	-0.225355399	-0.226073413	Her2
4357	-2.169481917	0.919405304	-0.252194661	-0.248656506	-0.237485435	-0.29066859	-0.351657306	-0.316610563	-0.278717265	-0.216715518	-0.248482936	-0.246684533	-0.119356096	2.408680029	-0.026083008	3.270103434	-0.308270396	-0.464313969	-0.212469259	-0.318655606	-0.214387533	-0.215904696	2.498109681	-0.207846616	-0.182504536	-0.204688182	3.635236175	-0.225423654	-0.184737669	-0.21580012	-0.225355399	-0.226073413	LumA
4360	12.14783263	-1.706561916	-0.252194661	-0.248656506	-0.237485435	-0.29066859	-0.351657306	-0.316610563	-0.278717265	-0.216715518	3.667156037	-0.246684533	-0.119356096	-0.266819597	-0.026083008	-0.243134111	-0.308270396	-0.464313969	-0.212469259	-0.318655606	-0.214387533	-0.215904696	-0.287102312	-0.207846616	-0.182504536	-0.204688182	-0.225946854	-0.225423654	-0.184737669	-0.21580012	-0.225355399	-0.226073413	Her2
4368	-2.580630667	4.310299516	-0.252194661	-0.248656506	-0.237485435	-0.29066859	-0.351657306	-0.316610563	2.690618033	4.067652388	-0.248482936	-0.246684533	-0.119356096	-0.266819597	-0.026083008	-0.243134111	-0.308270396	-0.464313969	-0.212469259	-0.318655606	-0.214387533	-0.215904696	-0.287102312	-0.207846616	-0.182504536	-0.204688182	-0.225946854	-0.225423654	-0.184737669	-0.21580012	-0.225355399	-0.226073413	LumA
4374	-1.66975122	4.424464915	-0.252194661	-0.248656506	-0.237485435	-0.29066859	-0.351657306	-0.316610563	-0.278717265	-0.216715518	-0.248482936	-0.246684533	-0.119356096	-0.266819597	-0.026083008	-0.243134111	-0.308270396	-0.464313969	4.325837086	-0.318655606	-0.214387533	-0.215904696	-0.287102312	-0.207846616	4.580686761	-0.204688182	-0.225946854	4.400113964	-0.184737669	-0.21580012	-0.225355399	-0.226073413	LumA
4375	-2.61302856	5.569859545	-0.252194661	-0.248656506	-0.237485435	2.123590616	-0.351657306	-0.316610563	-0.278717265	-0.216715518	-0.248482936	-0.246684533	-0.119356096	-0.266819597	-0.026083008	-0.243134111	1.657202656	2.176405229	-0.212469259	-0.318655606	-0.214387533	-0.215904696	-0.287102312	-0.207846616	-0.182504536	-0.204688182	-0.225946854	4.400113964	-0.184737669	-0.21580012	-0.225355399	-0.226073413	Normal
4381	-2.613969755	9.713288078	-0.252194661	-0.248656506	-0.237485435	-0.29066859	-0.351657306	-0.316610563	-0.278717265	4.067652388	-0.248482936	-0.246684533	-0.119356096	-0.266819597	-3.663379828	-0.243134111	-0.308270396	1.495584521	-0.212469259	-0.318655606	-0.214387533	-0.215904696	5.7834596	-0.207846616	4.089494615	-0.204688182	-0.225946854	8.626281914	11.08541518	-0.21580012	-0.225355399	-0.226073413	Normal
4390	-2.46319083	-0.888166486	-0.252194661	-0.248656506	-0.237485435	-0.29066859	-0.351657306	-0.316610563	-0.278717265	-0.216715518	-0.248482936	-0.246684533	-0.119356096	-0.266819597	-0.026083008	-0.243134111	-0.308270396	-0.464313969	-0.212469259	-0.318655606	-0.214387533	-0.215904696	-0.287102312	3.962522913	-0.182504536	-0.204688182	-0.225946854	-0.225423654	-0.184737669	-0.21580012	-0.225355399	-0.226073413	LumA
4395	-1.518894472	7.656829879	-0.252194661	-0.248656506	-0.237485435	-0.29066859	-0.351657306	-0.316610563	-0.278717265	-0.216715518	-0.248482936	-0.246684533	-0.119356096	2.818457796	-0.026083008	-0.243134111	0.738645226	-0.464313969	-0.212469259	-0.318655606	-0.214387533	-0.215904696	2.498109681	-0.207846616	-0.182504536	-0.204688182	-0.225946854	-0.225423654	-0.184737669	-0.21580012	-0.225355399	-0.226073413	Her2
4407	3.35993099	2.049853788	-0.252194661	-0.248656506	-0.237485435	-0.29066859	-0.351657306	-0.316610563	-0.278717265	8.406332501	-0.248482936	-0.246684533	-0.119356096	-0.266819597	-0.026083008	-0.243134111	-0.308270396	-0.464313969	-0.212469259	-0.318655606	-0.214387533	-0.215904696	-0.287102312	-0.207846616	-0.182504536	-0.204688182	-0.225946854	-0.225423654	-0.184737669	-0.21580012	-0.225355399	-0.226073413	Basal
4408	3.80963636	1.172087809	-0.252194661	3.811092949	-0.237485435	-0.29066859	-0.351657306	-0.316610563	-0.278717265	-0.216715518	-0.248482936	-0.246684533	-6.583617558	-0.266819597	-3.663379828	3.270103434	-0.308270396	-0.464313969	-0.212469259	6.633259574	-0.214387533	-0.215904696	-0.287102312	-0.207846616	-0.182504536	-0.204688182	-0.225946854	-0.225423654	-0.184737669	-0.21580012	-0.225355399	-0.226073413	Basal
4417	8.768506681	0.095054538	-0.252194661	-0.248656506	-0.237485435	-0.29066859	-0.351657306	-0.316610563	-3.019851065	-0.216715518	-0.248482936	-0.246684533	-0.119356096	-0.266819597	-3.390128219	-0.243134111	-0.308270396	-0.464313969	-0.212469259	-0.318655606	-0.214387533	-0.215904696	-0.287102312	-0.207846616	-0.182504536	-0.204688182	-0.225946854	-0.225423654	-0.184737669	-0.21580012	-0.225355399	-0.226073413	Basal
4421	-2.986937777	6.204588069	-0.252194661	-0.248656506	-0.237485435	-0.29066859	-0.351657306	-0.316610563	-0.278717265	-0.216715518	-0.248482936	-0.246684533	-0.119356096	-0.266819597	-0.026083008	-0.243134111	-0.308270396	-0.464313969	-0.212469259	-0.318655606	-0.214387533	-0.215904696	3.109757638	-0.207846616	-0.182504536	-0.204688182	-0.225946854	4.400113964	-0.184737669	-0.21580012	-0.225355399	-0.226073413	LumA
4426	0.21390255	0.948874772	-0.252194661	-0.248656506	-0.237485435	-0.29066859	-0.351657306	-0.316610563	-2.958558223	4.067652388	-0.248482936	-0.246684533	-0.119356096	-0.266819597	-7.452533183	-0.243134111	-0.308270396	1.495584521	-0.212469259	-0.318655606	-0.214387533	-0.215904696	-0.287102312	-0.207846616	-0.182504536	-0.204688182	-0.225946854	-0.225423654	3.825031707	-0.21580012	-0.225355399	3.736102011	Basal
4434	-1.291780323	1.903566807	-0.252194661	-0.248656506	-0.237485435	-0.29066859	-0.351657306	-0.316610563	-0.278717265	-0.216715518	-0.248482936	-0.246684533	-0.119356096	-0.266819597	-0.026083008	-0.243134111	-0.308270396	-0.464313969	-0.212469259	-0.318655606	-0.214387533	-0.215904696	-0.287102312	-0.207846616	-0.182504536	-0.204688182	-0.225946854	-0.225423654	-0.184737669	4.129344901	-0.225355399	3.736102011	Her2
4442	-2.064647225	10.38894023	-0.252194661	-0.248656506	-0.237485435	-0.29066859	-0.351657306	-0.316610563	2.708159186	-0.216715518	3.667156037	-0.246684533	-0.119356096	-0.266819597	-0.026083008	-0.243134111	-0.308270396	1.495584521	-0.212469259	-0.318655606	-0.214387533	-0.215904696	-0.287102312	-0.207846616	-0.182504536	-0.204688182	-0.225946854	-0.225423654	-0.184737669	-0.21580012	3.944902431	-0.226073413	LumA
4484	-2.319623357	-1.706561916	-0.252194661	-0.248656506	-0.237485435	-0.29066859	-0.351657306	-0.316610563	-0.278717265	-0.216715518	-0.248482936	-0.246684533	-0.119356096	-0.266819597	-0.026083008	-0.243134111	-0.308270396	-0.464313969	-0.212469259	-0.318655606	8.263968306	-0.215904696	-0.287102312	-0.207846616	-0.182504536	3.900090233	-4.087129882	-0.225423654	-0.184737669	-0.21580012	-0.225355399	-0.226073413	Normal
4529	-2.662326044	2.607244336	-0.252194661	-0.248656506	-0.237485435	-0.29066859	-0.351657306	-0.316610563	-0.278717265	-0.216715518	-0.248482936	-0.246684533	-0.119356096	-0.266819597	-0.026083008	-0.243134111	-0.308270396	-0.464313969	-0.212469259	-0.318655606	-0.214387533	-0.215904696	-0.287102312	-0.207846616	-0.182504536	-0.204688182	-0.225946854	-0.225423654	3.825031707	-0.21580012	-0.225355399	-0.226073413	LumA
4548	2.394002588	3.241663806	-0.252194661	-0.248656506	-0.237485435	5.903431859	-0.351657306	8.738747756	-0.278717265	-0.216715518	-0.248482936	-0.246684533	-0.119356096	-0.266819597	-3.663379828	-0.243134111	-0.308270396	1.495584521	-0.212469259	-0.318655606	3.801473094	-0.215904696	-0.287102312	-0.207846616	-0.182504536	-0.204688182	-0.225946854	-0.225423654	-0.184737669	-0.21580012	-0.225355399	-0.226073413	Her2
4557	-2.047376156	12.45821863	-0.252194661	-0.248656506	-0.237485435	-0.29066859	-0.351657306	-0.316610563	-0.278717265	-0.216715518	-0.248482936	-0.246684533	-0.119356096	-0.266819597	-0.026083008	-0.243134111	2.778910949	-0.464313969	-0.212469259	-0.318655606	-0.214387533	-0.215904696	-0.287102312	3.962522913	-0.182504536	-0.204688182	-0.225946854	-0.225423654	-0.184737669	-0.21580012	6.49453465	-0.226073413	LumA
4564	-2.039289324	2.419968524	-0.252194661	-0.248656506	-0.237485435	-0.29066859	-0.351657306	-0.316610563	2.401123692	-0.216715518	-0.248482936	-0.246684533	-0.119356096	-0.266819597	-0.026083008	5.14075004	-0.308270396	4.129290454	-0.212469259	-0.318655606	-0.214387533	-0.215904696	-0.287102312	-0.207846616	-0.182504536	-0.204688182	-0.225946854	-0.225423654	-0.184737669	-0.21580012	-0.225355399	-0.226073413	LumA
4578	-2.187579066	2.363856584	-0.252194661	-0.248656506	-0.237485435	-0.29066859	-0.351657306	-0.316610563	2.708159186	-0.216715518	-0.248482936	-0.246684533	-0.119356096	-0.266819597	-0.026083008	-0.243134111	-0.308270396	-0.464313969	-0.212469259	-0.318655606	-0.214387533	4.129240324	3.109757638	-0.207846616	-0.182504536	-0.204688182	-0.225946854	-0.225423654	7.075645802	-0.21580012	-0.225355399	-0.226073413	LumA
4591	-0.177641408	0.687751098	-0.252194661	-3.238270432	-0.237485435	-0.29066859	-0.351657306	-0.316610563	-0.278717265	-0.216715518	-0.248482936	-0.246684533	-0.119356096	-0.266819597	3.337962204	-0.243134111	-0.308270396	-0.464313969	-0.212469259	-0.318655606	3.801473094	-0.215904696	-0.287102312	-0.207846616	-0.182504536	-0.204688182	-0.225946854	-0.225423654	-0.184737669	-0.21580012	-0.225355399	-0.226073413	LumB
4593	-2.117608765	7.571770531	-0.252194661	-0.248656506	-0.237485435	-0.29066859	-0.351657306	-0.316610563	-0.278717265	-0.216715518	-0.248482936	-0.246684533	-0.119356096	-0.266819597	-0.026083008	-0.243134111	1.657202656	-0.464313969	-0.212469259	-0.318655606	-0.214387533	-0.215904696	-0.287102312	-0.207846616	-0.182504536	-0.204688182	-0.225946854	-0.225423654	-0.184737669	-0.21580012	-0.225355399	-0.226073413	LumA
4598	-2.245667492	0.991580817	-0.252194661	-0.248656506	-0.237485435	-0.29066859	-0.351657306	-0.316610563	-0.278717265	-0.216715518	-0.248482936	3.812521364	-0.119356096	2.818457796	-0.026083008	-0.243134111	-0.308270396	-0.464313969	-0.212469259	-0.318655606	-0.214387533	-0.215904696	-0.287102312	-0.207846616	-0.182504536	-0.204688182	-0.225946854	-0.225423654	-0.184737669	-0.21580012	-0.225355399	-0.226073413	LumB
4599	-2.714162047	8.3577596	-0.252194661	-0.248656506	-0.237485435	-0.29066859	-0.351657306	2.611222267	-0.278717265	-0.216715518	-0.248482936	3.637583228	-0.119356096	-0.266819597	-0.026083008	-0.243134111	-0.308270396	-0.464313969	-0.212469259	-0.318655606	-0.214387533	-0.215904696	-0.287102312	-0.207846616	-0.182504536	-0.204688182	-0.225946854	-0.225423654	-0.184737669	-0.21580012	-0.225355399	-0.226073413	LumA
4601	8.032631685	-0.565148706	-0.252194661	-0.248656506	-0.237485435	-0.29066859	-0.351657306	-0.316610563	-0.278717265	-0.216715518	-0.248482936	-0.246684533	-0.119356096	-0.266819597	-0.026083008	-0.243134111	-0.308270396	-0.464313969	-0.212469259	-0.318655606	-0.214387533	-0.215904696	-0.287102312	3.962522913	-0.182504536	-0.204688182	-0.225946854	-0.225423654	-0.184737669	-0.21580012	-0.225355399	-0.226073413	Basal
4602	-2.268695551	2.268885771	-0.252194661	-0.248656506	-0.237485435	-0.29066859	-0.351657306	-0.316610563	-0.278717265	4.067652388	-0.248482936	-0.246684533	-0.119356096	-0.266819597	-0.026083008	-0.243134111	-0.308270396	1.495584521	-0.212469259	-0.318655606	3.801473094	-0.215904696	-0.287102312	-0.207846616	-0.182504536	-0.204688182	-0.225946854	-0.225423654	-0.184737669	-0.21580012	2.32427682	-0.226073413	LumB
4603	-2.312065695	15.21651589	3.327534539	-0.248656506	-0.237485435	-0.29066859	-0.351657306	-0.316610563	-0.278717265	-0.216715518	-0.248482936	-0.246684533	-0.119356096	4.196335733	-0.026083008	-0.243134111	-0.308270396	-0.464313969	-0.212469259	-0.318655606	-0.214387533	-0.215904696	2.498109681	-0.207846616	-0.182504536	-0.204688182	-0.225946854	-0.225423654	-0.184737669	3.888978296	-0.225355399	-0.226073413	Normal
4607	-2.477239375	2.083517299	-0.252194661	-0.248656506	-0.237485435	-0.29066859	-0.351657306	-0.316610563	-0.278717265	-0.216715518	-0.248482936	-0.246684533	-0.119356096	-0.266819597	-0.026083008	-0.243134111	-0.308270396	-0.464313969	-0.212469259	-0.318655606	-0.214387533	-0.215904696	-0.287102312	-0.207846616	-0.182504536	-0.204688182	-0.225946854	-0.225423654	-0.184737669	-0.21580012	-0.225355399	-0.226073413	LumA
4616	-2.427647177	2.207605773	-0.252194661	3.626355251	-0.237485435	-0.29066859	-0.351657306	-0.316610563	5.677494483	-0.216715518	1.338876272	-0.246684533	-0.119356096	-0.266819597	-0.026083008	-0.243134111	-0.308270396	2.176405229	-0.212469259	-0.318655606	-0.214387533	-0.215904696	-0.287102312	-0.207846616	-0.182504536	-0.204688182	-0.225946854	-0.225423654	-0.184737669	-0.21580012	-0.225355399	-0.226073413	LumA
4618	-2.369647357	1.349346769	-0.252194661	-0.248656506	-0.237485435	-0.29066859	-0.351657306	-0.316610563	-0.278717265	-0.216715518	-0.248482936	-0.246684533	-0.119356096	-0.266819597	3.763070347	-0.243134111	-0.308270396	-0.464313969	-0.212469259	-0.318655606	-0.214387533	-0.215904696	-0.287102312	-0.207846616	-0.182504536	-0.204688182	-0.225946854	-0.225423654	-0.184737669	-0.21580012	-0.225355399	3.736102011	LumB
4621	11.11727642	-0.616018569	-0.252194661	-0.248656506	-0.237485435	-0.29066859	-0.351657306	-0.316610563	-0.278717265	-0.216715518	-0.248482936	-0.246684533	-0.119356096	-0.266819597	-0.026083008	-0.243134111	-0.308270396	-0.464313969	-0.212469259	-0.318655606	-0.214387533	-0.215904696	-0.287102312	8.732059433	-0.182504536	-0.204688182	-0.225946854	-0.225423654	-0.184737669	-0.21580012	-0.225355399	-0.226073413	Basal
4623	-2.307755844	0.127606635	3.436194286	-0.248656506	-0.237485435	-0.29066859	-0.351657306	-0.316610563	-0.278717265	-0.216715518	-0.248482936	-0.246684533	-0.119356096	-0.266819597	-0.026083008	-0.243134111	0.738645226	-0.464313969	-0.212469259	2.230272066	-0.214387533	-0.215904696	-0.287102312	-0.207846616	-0.182504536	-0.204688182	3.635236175	-0.225423654	-0.184737669	-0.21580012	-0.225355399	-0.226073413	LumA
4626	-1.924909912	5.192193011	-0.252194661	-0.248656506	-0.237485435	-0.29066859	-0.351657306	2.611222267	2.462416534	-0.216715518	-0.248482936	-0.246684533	-0.119356096	-0.266819597	-0.026083008	-0.243134111	-3.342704912	1.539767013	-0.212469259	-0.318655606	-0.214387533	-0.215904696	-0.287102312	-0.207846616	-0.182504536	-0.204688182	-0.225946854	-0.225423654	-0.184737669	-0.21580012	-0.225355399	-0.226073413	Her2
4627	-2.662326044	-1.376550988	-0.252194661	-0.248656506	-0.237485435	-0.29066859	-0.351657306	-0.316610563	2.462416534	-0.216715518	-0.248482936	-0.246684533	-0.119356096	-0.266819597	-0.026083008	-0.243134111	-0.308270396	3.492652239	-0.212469259	-0.318655606	-0.214387533	-0.215904696	-0.287102312	-0.207846616	-0.182504536	-0.204688182	-0.225946854	-0.225423654	-0.184737669	-0.21580012	-0.225355399	-0.226073413	LumA
4630	-2.50762852	6.043556349	-0.252194661	3.626355251	-0.237485435	-0.29066859	-0.351657306	-0.316610563	2.462416534	-0.216715518	-0.248482936	-0.246684533	-0.119356096	-0.266819597	-0.026083008	-0.243134111	-0.308270396	-0.464313969	-0.212469259	-0.318655606	-0.214387533	-0.215904696	-0.287102312	-0.207846616	-0.182504536	-0.204688182	-0.225946854	-0.225423654	-0.184737669	-0.21580012	-0.225355399	-0.226073413	LumB
4633	-2.662326044	-1.161848915	-0.252194661	-0.248656506	-0.237485435	-0.29066859	-0.351657306	-0.316610563	-0.278717265	-0.216715518	-0.248482936	-0.246684533	-0.119356096	-0.266819597	-0.026083008	-0.243134111	-0.308270396	-0.464313969	-0.212469259	-0.318655606	-0.214387533	-0.215904696	-0.287102312	-0.207846616	-0.182504536	-0.204688182	-0.225946854	-0.225423654	-0.184737669	-0.21580012	2.32427682	-0.226073413	LumA
4634	-1.602720567	1.487770658	-0.252194661	-0.248656506	-0.237485435	-0.29066859	-0.351657306	-0.316610563	5.388000143	-0.216715518	-0.248482936	-0.246684533	-0.119356096	-0.266819597	-0.026083008	-0.243134111	-0.308270396	-0.464313969	-0.212469259	-0.318655606	-0.214387533	-0.215904696	-0.287102312	-0.207846616	4.580686761	-0.204688182	-0.225946854	-0.225423654	-0.184737669	-0.21580012	-0.225355399	-0.226073413	LumA
4639	-2.390118347	0.16998769	-0.252194661	-0.248656506	-0.237485435	-0.29066859	-0.351657306	-0.316610563	2.462416534	-0.216715518	-0.248482936	-0.246684533	-0.119356096	-0.266819597	-0.026083008	-0.243134111	-0.308270396	-0.464313969	-0.212469259	-0.318655606	-0.214387533	-0.215904696	5.171811642	-0.207846616	-0.182504536	-0.204688182	-0.225946854	-0.225423654	-0.184737669	3.888978296	-0.225355399	-0.226073413	LumB
4640	3.668642844	-1.376550988	-0.252194661	3.626355251	-0.237485435	-0.29066859	-0.351657306	-0.316610563	-0.278717265	-0.216715518	-0.248482936	-0.246684533	-0.119356096	-0.266819597	-0.026083008	-0.243134111	-0.308270396	-0.464313969	-0.212469259	-0.318655606	-0.214387533	-0.215904696	-0.287102312	-0.207846616	-0.182504536	-0.204688182	-0.225946854	-0.225423654	-0.184737669	-0.21580012	-0.225355399	-0.226073413	Her2
4641	-2.714162047	0.482027559	-0.252194661	-0.248656506	-0.237485435	-0.29066859	-0.351657306	-0.316610563	-0.278717265	-0.216715518	-0.248482936	-0.246684533	-0.119356096	-0.266819597	-0.026083008	-0.243134111	-0.308270396	-0.464313969	-0.212469259	-0.318655606	-0.214387533	-0.215904696	-0.287102312	-0.207846616	-0.182504536	-0.204688182	-0.225946854	-0.225423654	-0.184737669	-0.21580012	-0.225355399	-0.226073413	LumA
4642	-0.623118613	-0.634865697	-0.252194661	-0.248656506	-0.237485435	2.123590616	-0.351657306	-0.316610563	-0.278717265	-0.216715518	-0.248482936	-0.246684533	-0.119356096	-0.266819597	-0.026083008	-0.243134111	-0.308270396	-0.464313969	-0.212469259	-0.318655606	-0.214387533	-0.215904696	-0.287102312	-0.207846616	-0.182504536	-0.204688182	-0.225946854	-0.225423654	-0.184737669	-0.21580012	-0.225355399	-0.226073413	LumB
4643	11.40809734	-1.706561916	-0.252194661	-0.248656506	-0.237485435	-0.29066859	-0.351657306	-0.316610563	-0.278717265	-0.216715518	-0.248482936	-4.30589043	-0.119356096	-4.729974926	-0.026083008	-0.243134111	0.738645226	-0.464313969	-0.212469259	-0.318655606	-0.214387533	-0.215904696	-0.287102312	-0.207846616	-0.182504536	-0.204688182	-0.225946854	-0.225423654	-0.184737669	-0.21580012	3.944902431	-0.226073413	Her2
4644	0.069481257	0.727514771	-0.252194661	-0.248656506	-0.237485435	-0.29066859	-0.351657306	-0.316610563	-0.278717265	-0.216715518	-0.248482936	-0.246684533	-0.119356096	-0.266819597	-0.026083008	-0.243134111	-0.308270396	-0.464313969	-0.212469259	-0.318655606	-0.214387533	-0.215904696	-0.287102312	-0.207846616	-0.182504536	-0.204688182	-0.225946854	-0.225423654	-0.184737669	-0.21580012	8.232288805	-0.226073413	LumB
4648	-0.660504596	3.602906047	-0.252194661	-0.248656506	-0.237485435	-0.29066859	2.889688466	-0.316610563	-0.278717265	-0.216715518	-0.248482936	-0.246684533	-0.119356096	-0.266819597	-0.026083008	-0.243134111	-0.308270396	4.136303719	-0.212469259	-0.318655606	-0.214387533	-0.215904696	-0.287102312	8.732059433	-0.182504536	-0.204688182	-0.225946854	-0.225423654	-0.184737669	-0.21580012	-0.225355399	-0.226073413	LumB
4649	0.190571748	-0.16812773	-0.252194661	-0.248656506	-0.237485435	-0.29066859	-0.351657306	-0.316610563	-0.278717265	-0.216715518	-0.248482936	-0.246684533	4.219324018	-0.266819597	-0.026083008	-0.243134111	-0.308270396	-0.464313969	-0.212469259	-0.318655606	-0.214387533	-0.215904696	8.581509743	-0.207846616	4.089494615	-0.204688182	-0.225946854	-0.225423654	-0.184737669	-0.21580012	-0.225355399	-0.226073413	LumB
4651	2.733750115	-1.706561916	-0.252194661	-0.248656506	-0.237485435	-0.29066859	-0.351657306	-0.316610563	-0.278717265	-0.216715518	-0.248482936	-0.246684533	-0.119356096	-0.266819597	-0.026083008	-0.243134111	-0.308270396	-0.464313969	-0.212469259	-0.318655606	-0.214387533	-0.215904696	-0.287102312	-0.207846616	-0.182504536	-0.204688182	-0.225946854	-0.225423654	-0.184737669	-0.21580012	-0.225355399	-0.226073413	LumB
4653	-2.204914322	-2.545817046	-0.252194661	-0.248656506	-0.237485435	-0.29066859	-0.351657306	2.611222267	-0.278717265	-0.216715518	-0.248482936	-0.246684533	-0.119356096	-0.266819597	-0.026083008	-0.243134111	-0.308270396	-0.464313969	-0.212469259	-0.318655606	-0.214387533	-0.215904696	-0.287102312	-0.207846616	-0.182504536	-0.204688182	-0.225946854	-0.225423654	-0.184737669	-0.21580012	-0.225355399	-0.226073413	Normal
4654	-2.639116799	3.143677221	-0.252194661	-0.248656506	-0.237485435	-0.29066859	-0.351657306	-0.316610563	-0.278717265	-0.216715518	-0.248482936	-0.246684533	-0.119356096	-0.266819597	-0.026083008	-0.243134111	-0.308270396	-0.464313969	-0.212469259	-0.318655606	-0.214387533	-0.215904696	-0.287102312	-0.207846616	-0.182504536	-0.204688182	-0.225946854	-0.225423654	-0.184737669	-0.21580012	-0.225355399	-0.226073413	LumB
4655	-2.01373076	0.532961018	-0.252194661	-0.248656506	-0.237485435	-0.29066859	-0.351657306	-0.316610563	-0.278717265	-0.216715518	-0.248482936	-0.246684533	-0.119356096	-0.266819597	-0.026083008	-0.243134111	-0.308270396	-0.464313969	-0.212469259	-0.318655606	-0.214387533	-0.215904696	-0.287102312	4.561689904	-0.182504536	-0.204688182	-0.225946854	-0.225423654	-0.184737669	-0.21580012	-0.225355399	-0.226073413	LumA
4661	-2.199435151	1.796829541	-0.252194661	-0.248656506	-0.237485435	-0.29066859	-0.351657306	-0.316610563	2.401123692	-0.216715518	-0.248482936	-0.246684533	-0.119356096	-0.266819597	-0.026083008	-0.243134111	-0.308270396	-0.464313969	-0.212469259	-0.318655606	-0.214387533	4.129240324	-0.287102312	-0.207846616	-0.182504536	4.263932627	3.635236175	-0.225423654	-0.184737669	-0.21580012	-0.225355399	-0.226073413	LumA
4663	11.54751931	-0.716347745	-0.252194661	-0.248656506	-0.237485435	-0.29066859	-0.351657306	-0.316610563	-0.278717265	-0.216715518	-0.248482936	-0.246684533	-0.119356096	-0.266819597	-0.026083008	-0.243134111	-0.308270396	-0.464313969	-0.212469259	-0.318655606	-0.214387533	-0.215904696	-0.287102312	-0.207846616	-0.182504536	3.900090233	-0.225946854	-0.225423654	-0.184737669	-0.21580012	-0.225355399	-0.226073413	Basal
4665	-2.662326044	1.244293205	-0.252194661	3.626355251	-0.237485435	-0.29066859	-0.351657306	-0.316610563	5.449292985	-0.216715518	-0.248482936	-0.246684533	-0.119356096	-0.266819597	-0.026083008	-0.243134111	-0.308270396	-0.464313969	-0.212469259	2.961438281	-0.214387533	-0.215904696	2.498109681	-0.207846616	-0.182504536	-0.204688182	-0.225946854	-0.225423654	-0.184737669	-0.21580012	-0.225355399	3.736102011	LumA
4666	-1.116468142	-0.393809979	-0.252194661	-0.248656506	-0.237485435	2.842891314	-0.351657306	3.176402342	-0.278717265	-0.216715518	-0.248482936	-0.246684533	-0.119356096	2.818457796	-0.026083008	-0.243134111	-0.308270396	-0.464313969	-0.212469259	-0.318655606	-0.214387533	-0.215904696	-0.287102312	-0.207846616	-0.182504536	-0.204688182	-0.225946854	-0.225423654	-0.184737669	-0.21580012	-0.225355399	-0.226073413	LumA
4669	-1.615385158	3.085124175	-0.252194661	-0.248656506	-0.237485435	-0.29066859	-0.351657306	-0.316610563	-0.278717265	-0.216715518	-0.248482936	-0.246684533	-0.119356096	-0.266819597	-0.026083008	-0.243134111	-0.308270396	-0.464313969	-0.212469259	-0.318655606	-0.214387533	-0.215904696	-0.287102312	-0.207846616	-0.182504536	-0.204688182	-0.225946854	-0.225423654	-0.184737669	-0.21580012	-0.225355399	-0.226073413	LumB
4670	-2.169804162	3.870463408	-0.252194661	-0.248656506	-0.237485435	-0.29066859	-0.351657306	-0.316610563	-0.278717265	-0.216715518	-0.248482936	-0.246684533	-0.119356096	-0.266819597	-0.026083008	-0.243134111	-0.308270396	-0.464313969	-0.212469259	-0.318655606	-0.214387533	-0.215904696	-0.287102312	-0.207846616	-0.182504536	-0.204688182	-0.225946854	-0.225423654	-0.184737669	-0.21580012	-0.225355399	-0.226073413	LumA
4671	-2.627375336	-0.251734634	-0.252194661	-0.248656506	-0.237485435	-0.29066859	-0.351657306	-0.316610563	2.401123692	-0.216715518	-0.248482936	-0.246684533	-0.119356096	-0.266819597	-0.026083008	-0.243134111	-0.308270396	-0.464313969	-0.212469259	-0.318655606	-0.214387533	-0.215904696	-0.287102312	-0.207846616	-0.182504536	-0.204688182	-0.225946854	-0.225423654	-0.184737669	-0.21580012	-0.225355399	-0.226073413	LumB
4672	-2.307694148	2.098452999	-0.252194661	-0.248656506	-0.237485435	-0.29066859	-0.351657306	8.173567681	-0.278717265	-0.216715518	-0.248482936	-0.246684533	-0.119356096	2.818457796	3.337962204	-0.243134111	-0.308270396	2.176405229	4.013698691	-0.318655606	-0.214387533	-0.215904696	-0.287102312	-0.207846616	-0.182504536	-0.204688182	-0.225946854	-0.225423654	-0.184737669	-0.21580012	-0.225355399	-0.226073413	LumA
4673	-2.667002087	-1.376550988	-0.252194661	-0.248656506	-0.237485435	-0.29066859	-0.351657306	-0.316610563	-0.278717265	-0.216715518	-0.248482936	-0.246684533	-0.119356096	-3.352096989	-0.026083008	-0.243134111	-0.308270396	1.539767013	-0.212469259	-0.318655606	3.801473094	-0.215904696	-0.287102312	-0.207846616	-0.182504536	-0.204688182	-0.225946854	-0.225423654	-0.184737669	-0.21580012	-0.225355399	-0.226073413	LumB
4674	-2.446782963	5.439282703	3.327534539	-0.248656506	-0.237485435	5.680373498	-0.351657306	-0.316610563	8.111592789	-0.216715518	-0.248482936	-0.246684533	-0.119356096	-0.266819597	-0.026083008	-0.243134111	-0.308270396	-0.464313969	-0.212469259	-0.318655606	-0.214387533	-0.215904696	-0.287102312	4.561689904	-0.182504536	-0.204688182	-0.225946854	-0.225423654	-0.184737669	-0.21580012	-0.225355399	-0.226073413	LumA
4675	-2.43938864	2.827911621	-0.252194661	-0.248656506	-0.237485435	-0.29066859	-0.351657306	-0.316610563	-0.278717265	-0.216715518	-0.248482936	3.812521364	-0.119356096	2.408680029	-0.026083008	-0.243134111	-0.308270396	-0.464313969	-0.212469259	-0.318655606	-0.214387533	-0.215904696	-0.287102312	-0.207846616	-0.182504536	-0.204688182	-0.225946854	-0.225423654	-0.184737669	-0.21580012	-0.225355399	-0.226073413	LumA
4679	5.185177202	-1.376550988	-0.252194661	-0.248656506	-0.237485435	2.769871954	-0.351657306	2.375855281	-0.278717265	-0.216715518	-0.248482936	-0.246684533	-0.119356096	7.281613125	-0.026083008	-0.243134111	-3.342704912	-0.464313969	4.013698691	-0.318655606	-0.214387533	4.129240324	-0.287102312	-0.207846616	-0.182504536	-0.204688182	-0.225946854	-0.225423654	-0.184737669	-0.21580012	-0.225355399	-0.226073413	Basal
4681	-2.662326044	1.542291506	-0.252194661	-0.248656506	-0.237485435	-0.29066859	-0.351657306	-0.316610563	1.519724409	-0.216715518	-0.248482936	-0.246684533	-0.119356096	-0.266819597	-0.026083008	-0.243134111	1.657202656	-0.464313969	-0.212469259	-0.318655606	-0.214387533	-0.215904696	-0.287102312	-0.207846616	8.852685912	-0.204688182	-0.225946854	-0.225423654	-0.184737669	-0.21580012	-0.225355399	-0.226073413	LumA
4682	-1.642693274	1.692366173	-0.252194661	-0.248656506	-0.237485435	-0.29066859	-0.351657306	-0.316610563	-0.278717265	-0.216715518	-0.248482936	-0.246684533	-0.119356096	-0.266819597	-0.026083008	-0.243134111	-0.308270396	-0.464313969	-0.212469259	-0.318655606	-0.214387533	-0.215904696	3.109757638	-0.207846616	-0.182504536	-0.204688182	-0.225946854	-0.225423654	3.825031707	-0.21580012	-0.225355399	-0.226073413	LumA
4685	1.535981843	-1.706561916	3.436194286	-0.248656506	-0.237485435	2.769871954	1.459868307	-0.316610563	-0.278717265	-0.216715518	-0.248482936	-0.246684533	-0.119356096	-0.266819597	-0.026083008	-0.243134111	-1.355186018	1.495584521	-0.212469259	3.353165687	-0.214387533	-0.215904696	-0.287102312	-0.207846616	-0.182504536	-0.204688182	-0.225946854	-0.225423654	-0.184737669	-0.21580012	-0.225355399	-0.226073413	LumB
4686	-1.531472476	-1.706561916	-0.252194661	-0.248656506	-0.237485435	-0.29066859	-0.351657306	-0.316610563	-0.278717265	-0.216715518	-0.248482936	-0.246684533	-0.119356096	-0.266819597	-0.026083008	-0.243134111	-0.308270396	-0.464313969	-0.212469259	-0.318655606	-0.214387533	-0.215904696	-0.287102312	-0.207846616	-0.182504536	-0.204688182	-0.225946854	-0.225423654	-0.184737669	-0.21580012	-0.225355399	-0.226073413	LumA
4688	-0.107140167	-1.376550988	-0.252194661	-0.248656506	-0.237485435	-0.29066859	-0.351657306	-0.316610563	-0.278717265	-0.216715518	-0.248482936	-0.246684533	-0.119356096	2.408680029	-0.026083008	-0.243134111	-0.308270396	4.136303719	-0.212469259	-0.318655606	-0.214387533	-0.215904696	-0.287102312	-0.207846616	-0.182504536	-0.204688182	-0.225946854	-0.225423654	-0.184737669	-0.21580012	-0.225355399	3.736102011	LumB
4691	-2.40309177	-0.278035101	-0.252194661	-0.248656506	-0.237485435	-0.29066859	-0.351657306	-0.316610563	-0.278717265	-0.216715518	-0.248482936	-0.246684533	-0.119356096	-0.266819597	-0.026083008	-0.243134111	-0.308270396	2.176405229	-0.212469259	-0.318655606	-0.214387533	-0.215904696	-0.287102312	-0.207846616	-0.182504536	-0.204688182	-0.225946854	-0.225423654	-0.184737669	-0.21580012	-0.225355399	-0.226073413	LumA
4692	-1.316295345	6.183854127	-0.252194661	-0.248656506	-0.237485435	-0.29066859	-0.351657306	-0.316610563	-0.278717265	4.121964595	-0.248482936	3.637583228	-0.119356096	-0.266819597	-0.026083008	-0.243134111	-3.342704912	-0.464313969	-0.212469259	-0.318655606	-0.214387533	-0.215904696	3.109757638	8.732059433	-0.182504536	-0.204688182	-0.225946854	-0.225423654	3.825031707	-0.21580012	-0.225355399	-0.226073413	LumA
4694	2.962205651	-0.768079695	-0.252194661	-4.123668262	-0.237485435	-0.29066859	-0.351657306	-0.316610563	-0.278717265	-0.216715518	-0.248482936	-0.246684533	-0.119356096	-0.266819597	-0.026083008	-0.243134111	-0.308270396	-0.464313969	4.325837086	-0.318655606	-0.214387533	-0.215904696	2.38659965	-0.207846616	-0.182504536	-0.204688182	-0.225946854	-0.225423654	-0.184737669	-0.21580012	-0.225355399	-0.226073413	Basal
4701	-2.662326044	4.02254402	-0.252194661	-0.248656506	-0.237485435	-0.29066859	-0.351657306	-0.316610563	-0.278717265	-0.216715518	1.338876272	-0.246684533	-0.119356096	-0.266819597	-0.026083008	-0.243134111	-0.308270396	-0.464313969	-0.212469259	-0.318655606	-0.214387533	-0.215904696	-0.287102312	-0.207846616	-0.182504536	-0.204688182	-0.225946854	-0.225423654	-0.184737669	-0.21580012	-0.225355399	-0.226073413	LumA
4702	-0.73431503	4.809546455	-0.252194661	-0.248656506	4.388052183	-0.29066859	-0.351657306	-0.316610563	-0.278717265	-0.216715518	-0.248482936	-0.246684533	-0.119356096	-0.266819597	-0.026083008	-0.243134111	2.580424819	-0.464313969	-0.212469259	-0.318655606	-0.214387533	-0.215904696	-0.287102312	-0.207846616	-0.182504536	-0.204688182	-0.225946854	-0.225423654	-0.184737669	-0.21580012	-0.225355399	-0.226073413	LumB
4704	-1.701172234	-0.227841058	-0.252194661	-0.248656506	-0.237485435	-0.29066859	2.889688466	-0.316610563	-0.278717265	-0.216715518	-0.248482936	-0.246684533	-0.119356096	6.871835359	-0.026083008	-0.243134111	6.650917221	-0.464313969	-0.212469259	-0.318655606	-0.214387533	-0.215904696	-0.287102312	-0.207846616	-0.182504536	-0.204688182	-0.225946854	-0.225423654	-0.184737669	-0.21580012	-0.225355399	-0.226073413	LumA
4705	-2.377223283	-1.376550988	-0.252194661	-0.248656506	-0.237485435	-0.29066859	-0.351657306	-0.316610563	-0.278717265	-0.216715518	-0.248482936	-0.246684533	-0.119356096	-0.266819597	-0.026083008	-0.243134111	-0.308270396	-0.464313969	-0.212469259	-0.318655606	3.801473094	-0.215904696	-0.287102312	-0.207846616	-0.182504536	-0.204688182	-0.225946854	-0.225423654	-0.184737669	-0.21580012	-0.225355399	-0.226073413	LumA
4706	-1.932329665	-0.889925306	-0.252194661	-0.248656506	-0.237485435	-0.29066859	-0.351657306	-0.316610563	-0.278717265	-0.216715518	-0.248482936	-0.246684533	-0.119356096	-0.266819597	-0.026083008	-0.243134111	-0.308270396	-0.464313969	4.325837086	3.353165687	-0.214387533	-0.215904696	-0.287102312	-0.207846616	4.580686761	-0.204688182	-0.225946854	-0.225423654	3.825031707	-0.21580012	-0.225355399	-0.226073413	LumA
4708	-2.024192682	-0.621610278	-0.252194661	-0.248656506	-0.237485435	-0.29066859	-0.351657306	-0.316610563	-0.278717265	-0.216715518	-0.248482936	-0.246684533	-0.119356096	-0.266819597	-0.026083008	-0.243134111	-0.308270396	-0.464313969	-0.212469259	-0.318655606	-0.214387533	-0.215904696	-0.287102312	-0.207846616	4.089494615	-0.204688182	-0.225946854	-0.225423654	-0.184737669	-0.21580012	-0.225355399	-0.226073413	LumA
4709	-2.025857054	-0.699383403	-0.252194661	-0.248656506	-0.237485435	2.769871954	-0.351657306	-0.316610563	-0.278717265	-0.216715518	-0.248482936	-0.246684533	-0.119356096	-0.266819597	-0.026083008	-0.243134111	-0.308270396	-0.464313969	-0.212469259	-0.318655606	-0.214387533	-0.215904696	-0.287102312	-0.207846616	-0.182504536	-0.204688182	-0.225946854	-0.225423654	-0.184737669	-0.21580012	6.611663194	-0.226073413	LumA
4710	-2.521870284	-1.706561916	-0.252194661	-0.248656506	-0.237485435	-0.29066859	-0.351657306	-0.316610563	-0.278717265	-0.216715518	-0.248482936	-0.246684533	-0.119356096	-0.266819597	-0.026083008	-0.243134111	-0.308270396	-0.464313969	-0.212469259	-0.318655606	-0.214387533	4.653870979	-0.287102312	3.962522913	-0.182504536	-0.204688182	-0.225946854	-0.225423654	-0.184737669	-0.21580012	-0.225355399	-0.226073413	LumA
4712	0.53504404	-0.054571179	-0.252194661	-0.248656506	-0.237485435	-0.29066859	-0.351657306	2.375855281	-0.278717265	-0.216715518	-0.248482936	-0.246684533	-0.119356096	-0.266819597	-0.026083008	-0.243134111	-0.308270396	-0.464313969	4.013698691	-0.318655606	-0.214387533	-0.215904696	-0.287102312	-0.207846616	-0.182504536	-0.204688182	-0.225946854	-0.225423654	-0.184737669	-0.21580012	-0.225355399	-0.226073413	Normal
4714	8.106539709	-0.877172825	-0.252194661	-0.248656506	-0.237485435	5.257150521	-0.351657306	-0.316610563	-0.278717265	-0.216715518	-0.248482936	-0.246684533	-0.119356096	-0.266819597	-0.026083008	-0.243134111	-0.308270396	-0.464313969	-0.212469259	-0.318655606	-0.214387533	-0.215904696	2.3994378	-0.207846616	-0.182504536	-0.204688182	-0.225946854	-0.225423654	-0.184737669	-0.21580012	-0.225355399	-0.226073413	Basal
4715	7.990128419	-1.037498823	-0.252194661	-0.248656506	-0.237485435	2.769871954	-0.351657306	-0.316610563	-0.278717265	-0.216715518	-0.248482936	-0.246684533	-0.119356096	-0.266819597	-0.026083008	-0.243134111	-0.308270396	-0.464313969	4.325837086	-0.318655606	-0.214387533	-0.215904696	-0.287102312	-0.207846616	-0.182504536	-0.204688182	-0.225946854	-0.225423654	-0.184737669	-0.21580012	2.32427682	-0.226073413	Basal
4716	-2.662326044	0.713823727	-0.252194661	-0.248656506	-0.237485435	-0.29066859	-0.351657306	2.611222267	-0.278717265	-0.216715518	-0.248482936	-0.246684533	-0.119356096	-0.266819597	-0.026083008	-0.243134111	-0.308270396	-0.464313969	-0.212469259	-0.318655606	-0.214387533	-0.215904696	-0.287102312	-0.207846616	-0.182504536	-0.204688182	-0.225946854	4.000744296	-0.184737669	-0.21580012	-0.225355399	-0.226073413	LumA
4717	10.29657104	-1.706561916	-0.252194661	-0.248656506	-0.237485435	-0.29066859	-0.351657306	-0.316610563	-0.278717265	-0.216715518	-0.248482936	-0.246684533	-0.119356096	-0.266819597	-0.026083008	-0.243134111	-0.308270396	-0.464313969	-0.212469259	-0.318655606	-0.214387533	-0.215904696	-0.287102312	-0.207846616	-0.182504536	-0.204688182	-0.225946854	-0.225423654	-0.184737669	-0.21580012	-0.225355399	-0.226073413	Basal
4719	-1.752102963	5.258350372	-0.252194661	-0.248656506	-0.237485435	-0.29066859	-0.351657306	-0.316610563	-0.278717265	-0.216715518	-0.248482936	-0.246684533	-0.119356096	-0.266819597	-0.026083008	-0.243134111	-0.308270396	-0.464313969	-0.212469259	-0.318655606	-0.214387533	4.653870979	-0.287102312	-0.207846616	-0.182504536	-0.204688182	-0.225946854	-0.225423654	-0.184737669	-0.21580012	-0.225355399	-0.226073413	LumA
4722	-1.888293863	4.114649072	-0.252194661	-0.248656506	-0.237485435	-0.29066859	1.459868307	-0.316610563	-0.278717265	-0.216715518	-0.248482936	-0.246684533	-0.119356096	-0.266819597	-0.026083008	-0.243134111	2.778910949	-0.464313969	-0.212469259	-0.318655606	-0.214387533	-0.215904696	-0.287102312	-0.207846616	-0.182504536	-0.204688182	-0.225946854	-0.225423654	-0.184737669	-0.21580012	-0.225355399	-0.226073413	LumA
4723	-2.172589473	-0.439308724	-0.252194661	-0.248656506	-0.237485435	-0.29066859	-0.351657306	-0.316610563	2.401123692	-0.216715518	-0.248482936	-0.246684533	-0.119356096	-0.266819597	-0.026083008	-0.243134111	-0.308270396	2.176405229	-0.212469259	-0.318655606	-0.214387533	-0.215904696	-0.287102312	-0.207846616	-0.182504536	-0.204688182	-0.225946854	-0.225423654	-0.184737669	-0.21580012	2.32427682	-0.226073413	LumB
4724	8.453314842	-1.376550988	-0.252194661	-0.248656506	-0.237485435	-0.29066859	-0.351657306	-0.316610563	-0.278717265	-0.216715518	-0.248482936	-0.246684533	-0.119356096	-0.266819597	-0.026083008	-0.243134111	-0.308270396	1.776663871	-0.212469259	1.896478735	-0.214387533	-0.215904696	-0.287102312	-0.207846616	-0.182504536	-0.204688182	-0.225946854	-0.225423654	-0.184737669	-0.21580012	-0.225355399	-0.226073413	Her2
4725	0.632036604	-1.376550988	-0.252194661	-0.248656506	-0.237485435	-0.29066859	-0.351657306	-0.316610563	-0.278717265	-0.216715518	-0.248482936	-0.246684533	-0.119356096	-0.266819597	-0.026083008	-0.243134111	-0.308270396	-0.464313969	-0.212469259	-0.318655606	-0.214387533	-0.215904696	-0.287102312	-0.207846616	-0.182504536	-0.204688182	-0.225946854	-0.225423654	-0.184737669	-0.21580012	-0.225355399	-0.226073413	Her2
4729	6.062285513	-1.706561916	-0.252194661	-0.248656506	-0.237485435	-0.29066859	-0.351657306	-0.316610563	-0.278717265	-0.216715518	-0.248482936	-0.246684533	-0.119356096	-0.266819597	-0.026083008	-0.243134111	-0.308270396	-0.464313969	-0.212469259	-0.318655606	-0.214387533	-0.215904696	-0.287102312	-0.207846616	-0.182504536	-0.204688182	-0.225946854	-0.225423654	-0.184737669	-0.21580012	-0.225355399	-0.226073413	LumA
4730	-1.634893698	1.658258752	-0.252194661	-0.248656506	-0.237485435	-0.29066859	-0.351657306	2.553269008	-0.278717265	-0.216715518	3.718555099	-0.246684533	-0.119356096	-0.266819597	-0.026083008	-0.243134111	-0.308270396	-0.464313969	-0.212469259	-0.318655606	-0.214387533	-0.215904696	-0.287102312	-0.207846616	-0.182504536	-0.204688182	-0.225946854	-0.225423654	-0.184737669	-0.21580012	4.062030975	-0.226073413	LumA
4731	13.05417215	-0.853489747	-3.940583607	3.811092949	-0.237485435	-0.29066859	-0.351657306	-0.316610563	-0.278717265	-0.216715518	-0.248482936	-0.246684533	-0.119356096	-0.266819597	-0.026083008	-0.243134111	-0.308270396	-0.464313969	-0.212469259	-0.318655606	-4.676882746	-0.215904696	-0.287102312	-0.207846616	-0.182504536	-0.204688182	-0.225946854	-0.225423654	-0.184737669	-0.21580012	-0.225355399	-0.226073413	Her2
4732	5.031732083	-1.376550988	-0.252194661	-0.248656506	-0.237485435	-0.29066859	-0.351657306	-0.316610563	-0.278717265	-0.216715518	-0.248482936	-0.246684533	-0.119356096	-0.266819597	-0.026083008	-0.243134111	-0.308270396	-0.464313969	-0.212469259	-0.318655606	-0.214387533	-0.215904696	2.498109681	-0.207846616	-0.182504536	-0.204688182	-0.225946854	-0.225423654	-0.184737669	-0.21580012	-0.225355399	-0.226073413	Basal
4735	-1.165646828	3.462113458	-0.252194661	-0.248656506	-0.237485435	-0.29066859	-0.351657306	-0.316610563	2.708159186	-0.216715518	-0.248482936	-0.246684533	-0.119356096	-0.266819597	-0.026083008	-0.243134111	-0.308270396	1.776663871	-0.212469259	-0.318655606	-0.214387533	-0.215904696	-0.287102312	-0.207846616	-0.182504536	-0.204688182	-0.225946854	-0.225423654	3.825031707	-0.21580012	-0.225355399	-0.226073413	LumA
4737	-0.586655748	-1.376550988	-0.252194661	-0.248656506	-0.237485435	-0.29066859	-0.351657306	-0.316610563	-0.278717265	-0.216715518	-0.248482936	-0.246684533	-0.119356096	-0.266819597	-0.026083008	-0.243134111	-0.308270396	-0.464313969	-0.212469259	-0.318655606	-0.214387533	-0.215904696	-0.287102312	-0.207846616	-0.182504536	-0.204688182	-0.225946854	-0.225423654	-0.184737669	-0.21580012	-0.225355399	3.736102011	LumB
4738	-2.415905022	0.211252769	-0.252194661	-0.248656506	-0.237485435	-0.29066859	-0.351657306	-0.316610563	-0.278717265	-0.216715518	-0.248482936	-0.246684533	-0.119356096	-0.266819597	-0.026083008	-0.243134111	1.533509197	-0.464313969	-0.212469259	1.896478735	-0.214387533	-0.215904696	-0.287102312	-0.207846616	-0.182504536	-0.204688182	-0.225946854	-0.225423654	-0.184737669	-0.21580012	-0.225355399	-0.226073413	Normal
4739	-2.662326044	0.760675069	-0.252194661	-0.248656506	-0.237485435	-0.29066859	-0.351657306	-0.316610563	-0.278717265	-0.216715518	-0.248482936	-0.246684533	-0.119356096	-0.266819597	-0.026083008	-0.243134111	1.657202656	-0.464313969	-0.212469259	-0.318655606	-0.214387533	4.129240324	-0.287102312	-0.207846616	-0.182504536	-0.204688182	-0.225946854	-0.225423654	-0.184737669	-0.21580012	-0.225355399	-0.226073413	LumA
4741	-2.034783506	-0.094650687	-0.252194661	-0.248656506	4.388052183	-0.29066859	-0.351657306	-0.316610563	-0.278717265	-0.216715518	-0.248482936	-0.246684533	-4.458036209	-0.266819597	-0.026083008	-0.243134111	-0.308270396	2.176405229	-0.212469259	-0.318655606	-0.214387533	-0.215904696	-0.287102312	3.962522913	-0.182504536	-0.204688182	-0.225946854	-0.225423654	-0.184737669	4.129344901	-0.225355399	-0.226073413	LumB
4742	-2.360013575	2.313267825	-0.252194661	-0.248656506	-0.237485435	-0.29066859	-0.351657306	-0.316610563	-0.278717265	-0.216715518	-0.248482936	-0.246684533	-0.119356096	-0.266819597	-0.026083008	-0.243134111	-0.308270396	-0.464313969	-0.212469259	-0.318655606	-0.214387533	-0.215904696	2.498109681	-0.207846616	-0.182504536	-0.204688182	-0.225946854	-0.225423654	-0.184737669	-0.21580012	-0.225355399	-0.226073413	LumA
4743	-2.662326044	-1.376550988	-0.252194661	-0.248656506	3.834389461	-0.29066859	-0.351657306	-0.316610563	-0.278717265	-0.216715518	-0.248482936	-0.246684533	-0.119356096	-0.266819597	-0.026083008	-0.243134111	-0.308270396	-0.464313969	-0.212469259	-0.318655606	-0.214387533	-0.215904696	-0.287102312	-0.207846616	8.852685912	-0.204688182	-0.225946854	-0.225423654	-0.184737669	-0.21580012	-0.225355399	-0.226073413	Normal
4744	-2.326755977	3.830115314	-0.252194661	-0.248656506	-0.237485435	-0.29066859	-3.265621615	-0.316610563	-0.278717265	-0.216715518	-0.248482936	-0.246684533	-0.119356096	-0.266819597	-0.026083008	-0.243134111	-0.308270396	-0.464313969	-0.212469259	-0.318655606	-0.214387533	-0.215904696	-0.287102312	-0.207846616	-0.182504536	-0.204688182	-0.225946854	-0.225423654	-0.184737669	-0.21580012	-0.225355399	-0.226073413	LumB
4745	10.51533346	-1.706561916	-0.252194661	-0.248656506	-0.237485435	-0.29066859	-0.351657306	-0.316610563	-0.278717265	-0.216715518	-0.248482936	-0.246684533	-0.119356096	-0.266819597	-0.026083008	-0.243134111	-0.308270396	-0.464313969	-0.212469259	-0.318655606	-0.214387533	-0.215904696	-0.287102312	-0.207846616	-0.182504536	-0.204688182	-0.225946854	-0.225423654	-0.184737669	-0.21580012	-0.225355399	-0.226073413	Her2
4746	-2.440809187	-0.635455209	-0.252194661	-0.248656506	-0.237485435	-3.847451473	-0.351657306	-0.316610563	-0.278717265	-0.216715518	-0.248482936	-0.246684533	-0.119356096	-0.266819597	-0.026083008	3.270103434	-0.308270396	-0.464313969	-0.212469259	-0.318655606	-0.214387533	-0.215904696	-0.287102312	-0.207846616	4.580686761	-0.204688182	-0.225946854	-0.225423654	-0.184737669	-0.21580012	-0.225355399	-0.226073413	Normal
4749	-2.674067507	-1.706561916	-0.252194661	-0.248656506	-0.237485435	3.266114292	-0.351657306	-0.316610563	-0.278717265	-0.216715518	-0.248482936	-0.246684533	-0.119356096	-0.266819597	-0.026083008	-0.243134111	-0.308270396	-0.464313969	-0.212469259	-0.318655606	-0.214387533	-0.215904696	-0.287102312	-0.207846616	-0.182504536	-0.204688182	-0.225946854	-0.225423654	-0.184737669	-0.21580012	-0.225355399	-0.226073413	LumA
4752	-0.797189768	0.532569177	-0.252194661	-0.248656506	-0.237485435	-0.29066859	-0.351657306	-0.316610563	-0.278717265	-0.216715518	-0.248482936	-0.246684533	-0.119356096	2.818457796	-0.026083008	-0.243134111	-0.308270396	-0.464313969	-0.212469259	-0.318655606	-0.214387533	-0.215904696	-0.287102312	-0.207846616	-0.182504536	-0.204688182	-0.225946854	-0.225423654	-0.184737669	-0.21580012	-0.225355399	-0.226073413	LumA
4757	11.3266082	-1.706561916	-0.252194661	-0.248656506	-0.237485435	-0.29066859	-0.351657306	-0.316610563	-0.278717265	-0.216715518	-0.248482936	-0.246684533	-0.119356096	2.408680029	-0.026083008	-0.243134111	-0.308270396	-0.464313969	-0.212469259	-0.318655606	-0.214387533	-0.215904696	-0.287102312	-0.207846616	-0.182504536	-0.204688182	-0.225946854	-0.225423654	-0.184737669	-0.21580012	-0.225355399	-0.226073413	Basal
4758	2.592948447	-1.376550988	-0.252194661	-0.248656506	-0.237485435	-0.29066859	-0.351657306	2.553269008	-0.278717265	-0.216715518	-0.248482936	-0.246684533	-0.119356096	-0.266819597	-0.026083008	-0.243134111	1.533509197	-0.464313969	-0.212469259	-0.318655606	-0.214387533	-0.215904696	-0.287102312	4.561689904	-0.182504536	-0.204688182	-0.225946854	-0.225423654	-0.184737669	8.234123316	-0.225355399	-0.226073413	Basal
4762	-2.402630649	-0.319632695	-0.252194661	-0.248656506	-0.237485435	-0.29066859	-0.351657306	-0.316610563	-0.278717265	-0.216715518	-0.248482936	-0.246684533	-0.119356096	-0.266819597	-0.026083008	-0.243134111	1.657202656	4.129290454	-0.212469259	-0.318655606	-0.214387533	-0.215904696	2.38659965	-0.207846616	-0.182504536	-0.204688182	-0.225946854	-0.225423654	-0.184737669	-0.21580012	-0.225355399	-0.226073413	LumA
4763	6.773042852	-1.376550988	-0.252194661	-0.248656506	-0.237485435	-0.29066859	-0.351657306	-0.316610563	-0.278717265	-0.216715518	-0.248482936	-0.246684533	-0.119356096	-0.266819597	-0.026083008	-0.243134111	-0.308270396	1.776663871	-0.212469259	-0.318655606	-0.214387533	-0.215904696	-0.287102312	-0.207846616	-0.182504536	-0.204688182	-0.225946854	-0.225423654	-0.184737669	-0.21580012	-0.225355399	-0.226073413	Her2
4764	-2.623590947	-0.880316606	-0.252194661	-0.248656506	-0.237485435	-0.29066859	-0.351657306	-0.316610563	-0.278717265	-0.216715518	7.198578835	-0.246684533	-0.119356096	-0.266819597	-0.026083008	-0.243134111	5.529208929	-0.464313969	-0.212469259	-0.318655606	-0.214387533	-0.215904696	-0.287102312	-0.207846616	4.580686761	-0.204688182	-0.225946854	-0.225423654	-0.184737669	-0.21580012	-0.225355399	-0.226073413	LumA
4767	-0.546218078	-1.706561916	-0.252194661	-0.248656506	-0.237485435	-0.29066859	-0.351657306	-0.316610563	-0.278717265	-0.216715518	3.667156037	-0.246684533	-0.119356096	-0.266819597	-0.026083008	-0.243134111	-0.308270396	-0.464313969	-0.212469259	-0.318655606	-0.214387533	-0.215904696	-0.287102312	-0.207846616	-0.182504536	-0.204688182	-0.225946854	-0.225423654	-0.184737669	-0.21580012	-0.225355399	-0.226073413	LumB
4769	8.327535294	-1.706561916	-0.252194661	-0.248656506	-0.237485435	-0.29066859	-0.351657306	-0.316610563	-0.278717265	4.067652388	-0.248482936	-0.246684533	-0.119356096	-0.266819597	-0.026083008	-0.243134111	-0.308270396	-2.468394951	-0.212469259	-0.318655606	-0.214387533	-0.215904696	-0.287102312	-0.207846616	-0.182504536	-0.204688182	-0.225946854	-4.451591604	-0.184737669	-0.21580012	-0.225355399	-0.226073413	Basal
4770	1.807343749	-1.376550988	-0.252194661	-0.248656506	-0.237485435	-0.29066859	-0.351657306	-0.316610563	-0.278717265	-0.216715518	-0.248482936	-0.246684533	-0.119356096	-0.266819597	-0.026083008	-0.243134111	-0.308270396	-0.464313969	-0.212469259	-0.318655606	-0.214387533	-0.215904696	-0.287102312	-0.207846616	-0.182504536	-0.204688182	-0.225946854	-0.225423654	-0.184737669	-0.21580012	-0.225355399	-0.226073413	Her2
4771	-2.446782963	-1.376550988	-0.252194661	-0.248656506	-0.237485435	-0.29066859	-0.351657306	-0.316610563	-0.278717265	4.067652388	-0.248482936	-0.246684533	-0.119356096	-0.266819597	-0.026083008	3.270103434	-0.308270396	-0.464313969	-0.212469259	-0.318655606	-0.214387533	-0.215904696	-0.287102312	-0.207846616	-0.182504536	-0.204688182	-0.225946854	-0.225423654	-0.184737669	-0.21580012	-0.225355399	-0.226073413	LumA
4778	-2.308015147	0.144213131	-0.252194661	-0.248656506	-0.237485435	-0.29066859	-0.351657306	-0.316610563	-0.278717265	-0.216715518	-0.248482936	-0.246684533	-0.119356096	-0.266819597	-0.026083008	-0.243134111	-0.308270396	-0.464313969	-0.212469259	-0.318655606	-0.214387533	-0.215904696	-0.287102312	-0.207846616	-0.182504536	-0.204688182	-0.225946854	-0.225423654	-0.184737669	-0.21580012	-0.225355399	-0.226073413	LumA
4779	-2.595345744	-0.888166486	-0.252194661	-0.248656506	-0.237485435	-0.29066859	-0.351657306	-0.316610563	-0.278717265	-0.216715518	-0.248482936	-0.246684533	-0.119356096	-0.266819597	-0.026083008	-0.243134111	1.657202656	-0.464313969	-0.212469259	-0.318655606	-0.214387533	-0.215904696	-0.287102312	-0.207846616	-0.182504536	-0.204688182	-0.225946854	-0.225423654	-0.184737669	-0.21580012	-0.225355399	-0.226073413	LumA
4782	-1.052731427	-0.363962234	-0.252194661	-0.248656506	3.834389461	-0.29066859	-0.351657306	-0.316610563	-0.278717265	-0.216715518	-0.248482936	-0.246684533	-0.119356096	-0.266819597	-0.026083008	-0.243134111	1.533509197	-0.464313969	-0.212469259	-0.318655606	-0.214387533	-0.215904696	-0.287102312	-0.207846616	-0.182504536	-0.204688182	-0.225946854	-0.225423654	-0.184737669	-0.21580012	-0.225355399	-0.226073413	Normal
4784	-0.925847717	0.978635985	-0.252194661	-0.248656506	-0.237485435	-0.29066859	-0.351657306	-0.316610563	-0.278717265	-0.216715518	-0.248482936	-0.246684533	-0.119356096	-0.266819597	-0.026083008	-0.243134111	-0.308270396	-0.464313969	-0.212469259	-0.318655606	-0.214387533	-0.215904696	-0.287102312	-0.207846616	-0.182504536	-0.204688182	-0.225946854	-0.225423654	-0.184737669	-0.21580012	-0.225355399	-0.226073413	Normal
4785	-2.376850562	2.956830771	-0.252194661	-0.248656506	-0.237485435	-0.29066859	-0.351657306	-0.316610563	-0.278717265	-0.216715518	-0.248482936	-0.246684533	-0.119356096	-0.266819597	-0.026083008	-0.243134111	4.744384001	-0.464313969	-0.212469259	-0.318655606	-0.214387533	-0.215904696	-0.287102312	-0.207846616	-0.182504536	-0.204688182	-0.225946854	-0.225423654	-0.184737669	-0.21580012	-0.225355399	-0.226073413	LumA
4787	-2.248312471	-1.376550988	-0.252194661	-0.248656506	-0.237485435	-0.29066859	-0.351657306	-0.316610563	-0.278717265	-0.216715518	-0.248482936	-0.246684533	-0.119356096	-0.266819597	-0.026083008	-0.243134111	-0.308270396	-0.464313969	-0.212469259	-0.318655606	-0.214387533	-0.215904696	-0.287102312	-0.207846616	-0.182504536	-0.204688182	-0.225946854	-0.225423654	-0.184737669	-0.21580012	-0.225355399	-0.226073413	LumA
4790	-2.680184452	0.370077413	-0.252194661	-0.248656506	-0.237485435	-0.29066859	-0.351657306	-0.316610563	2.401123692	-0.216715518	-0.248482936	-0.246684533	-0.119356096	-0.266819597	-0.026083008	-0.243134111	-0.308270396	-0.464313969	-0.212469259	-0.318655606	-0.214387533	-0.215904696	-0.287102312	-0.207846616	-0.182504536	-0.204688182	-0.225946854	-0.225423654	-0.184737669	-0.21580012	-0.225355399	-0.226073413	LumA
4791	-2.662326044	0.525031522	-0.252194661	-0.248656506	-0.237485435	-0.29066859	-0.351657306	-0.316610563	-0.278717265	-0.216715518	-0.248482936	-0.246684533	-0.119356096	-0.266819597	3.763070347	-0.243134111	-0.308270396	-0.464313969	-0.212469259	-0.318655606	-0.214387533	-0.215904696	-0.287102312	-0.207846616	-0.182504536	-0.204688182	-0.225946854	-0.225423654	-0.184737669	-0.21580012	-0.225355399	-0.226073413	LumB
4793	5.388894003	-0.201772909	-0.252194661	-0.248656506	-0.237485435	-0.29066859	-0.351657306	-0.316610563	-0.278717265	-0.216715518	-0.248482936	-0.246684533	-0.119356096	-0.266819597	-0.026083008	-0.243134111	-0.308270396	-0.464313969	-0.212469259	-0.318655606	4.248107679	-0.215904696	-0.287102312	-0.207846616	-0.182504536	-0.204688182	-0.225946854	-0.225423654	3.825031707	-0.21580012	-0.225355399	-0.226073413	Basal
4794	-2.354941365	-0.814561705	-0.252194661	-0.248656506	-0.237485435	-0.29066859	-0.351657306	-0.316610563	-0.278717265	-0.216715518	-0.248482936	-0.246684533	-0.119356096	-0.266819597	-0.026083008	-0.243134111	-0.308270396	-0.464313969	-0.212469259	-0.318655606	3.801473094	-0.215904696	-0.287102312	-0.207846616	-0.182504536	-0.204688182	-0.225946854	-0.225423654	-0.184737669	-0.21580012	-0.225355399	-0.226073413	LumA
4796	1.786358454	-0.218152123	-0.252194661	-0.248656506	-0.237485435	-0.29066859	-0.351657306	-0.316610563	-0.278717265	-0.216715518	-0.248482936	-0.246684533	-0.119356096	-0.266819597	-0.026083008	-0.243134111	-0.308270396	-0.464313969	-0.212469259	-0.318655606	-0.214387533	-0.215904696	-0.287102312	-0.207846616	-0.182504536	-0.204688182	-0.225946854	-0.225423654	11.08541518	-0.21580012	-0.225355399	-0.226073413	LumB
4797	-1.979515965	-1.161848915	-0.252194661	-0.248656506	-0.237485435	-0.29066859	-0.351657306	-0.316610563	2.401123692	-0.216715518	-0.248482936	-0.246684533	-0.119356096	-0.266819597	-0.026083008	-0.243134111	-0.308270396	-0.464313969	-0.212469259	-0.318655606	-0.214387533	-0.215904696	-0.287102312	-0.207846616	-0.182504536	-0.204688182	-0.225946854	-0.225423654	-0.184737669	-0.21580012	-0.225355399	4.18262001	LumA
4798	-2.984493037	11.1377534	-0.252194661	-0.248656506	-0.237485435	-0.29066859	-0.351657306	-0.316610563	-0.278717265	-0.216715518	-0.248482936	-0.246684533	-0.119356096	-0.266819597	3.763070347	-0.243134111	-0.308270396	-0.464313969	-0.212469259	2.230272066	-0.214387533	-0.215904696	-0.287102312	-0.207846616	-0.182504536	-0.204688182	-0.225946854	-0.225423654	-0.184737669	-0.21580012	-0.225355399	-0.226073413	Normal
4800	-0.353357427	0.783167355	-0.252194661	6.800706875	-0.237485435	-0.29066859	-0.351657306	-0.316610563	-0.278717265	-0.216715518	-0.248482936	-0.246684533	-0.119356096	-0.266819597	-0.026083008	-0.243134111	-0.308270396	-0.464313969	-0.212469259	-0.318655606	-0.214387533	-0.215904696	-0.287102312	-0.207846616	-0.182504536	-0.204688182	4.126112021	-0.225423654	-0.184737669	-0.21580012	-0.225355399	3.736102011	LumA
4801	-2.714162047	2.410254811	-0.252194661	3.811092949	-0.237485435	-0.29066859	2.889688466	-0.316610563	-0.278717265	-0.216715518	-0.248482936	-0.246684533	-0.119356096	-0.266819597	-0.026083008	-0.243134111	1.657202656	-0.464313969	-0.212469259	-0.318655606	-0.214387533	-0.215904696	-0.287102312	-0.207846616	-0.182504536	-0.204688182	-0.225946854	-0.225423654	-0.184737669	-0.21580012	-0.225355399	-0.226073413	LumA
4802	2.285640438	-1.706561916	-0.252194661	-0.248656506	-0.237485435	-0.29066859	-0.351657306	-0.316610563	-0.278717265	-0.216715518	-0.248482936	-0.246684533	-0.119356096	-0.266819597	-0.026083008	5.14075004	-0.308270396	-0.464313969	-0.212469259	-0.318655606	-0.214387533	-0.215904696	-0.287102312	-0.207846616	-0.182504536	-0.204688182	-0.225946854	-0.225423654	-0.184737669	3.888978296	-0.225355399	-0.226073413	LumB
4805	-1.98042675	-1.376550988	-0.252194661	-0.248656506	-0.237485435	-0.29066859	-0.351657306	-0.316610563	-0.278717265	-0.216715518	-0.248482936	-0.246684533	-0.119356096	-0.266819597	-0.026083008	-0.243134111	-0.308270396	-0.464313969	-0.212469259	-0.318655606	-0.214387533	-0.215904696	-0.287102312	-0.207846616	-0.182504536	-0.204688182	-0.225946854	-0.225423654	3.825031707	-0.21580012	-0.225355399	-0.226073413	LumA
4806	-2.393486297	2.370731301	-0.252194661	-0.248656506	-0.237485435	2.769871954	-0.351657306	-0.316610563	-0.278717265	-0.216715518	-0.248482936	-0.246684533	-0.119356096	-0.266819597	-0.026083008	-0.243134111	1.657202656	1.488571256	-0.212469259	-0.318655606	-0.214387533	-0.215904696	-0.287102312	-0.207846616	-0.182504536	-0.204688182	3.635236175	-0.225423654	-0.184737669	-4.56094514	-0.225355399	-0.226073413	LumA
4809	7.059701615	-0.877172825	-0.252194661	-0.248656506	-0.237485435	-0.29066859	-0.351657306	-0.316610563	-0.278717265	-0.216715518	-0.248482936	-0.246684533	-0.119356096	-0.266819597	3.337962204	-0.243134111	0.738645226	-0.464313969	-0.212469259	-0.318655606	-0.214387533	-0.215904696	-0.287102312	-0.207846616	-0.182504536	-0.204688182	-0.225946854	4.400113964	-0.184737669	-0.21580012	-0.225355399	-0.226073413	Basal
4814	-1.543495083	1.960853788	-0.252194661	-0.248656506	-0.237485435	-0.29066859	-0.351657306	-0.316610563	-0.278717265	-0.216715518	3.718555099	-0.246684533	-0.119356096	-0.266819597	-0.026083008	-0.243134111	1.533509197	-0.464313969	-0.212469259	-0.318655606	-0.214387533	-0.215904696	-0.287102312	-0.207846616	4.580686761	-0.204688182	-0.225946854	-0.225423654	-0.184737669	-0.21580012	-0.225355399	-0.226073413	Normal
4818	-2.662326044	0.815714912	-0.252194661	-0.248656506	-0.237485435	3.266114292	-0.351657306	-0.316610563	-0.278717265	-0.216715518	-0.248482936	-0.246684533	-0.119356096	-0.266819597	3.763070347	-0.243134111	2.778910949	-0.464313969	-0.212469259	-0.318655606	-0.214387533	-0.215904696	-0.287102312	3.962522913	-0.182504536	-0.204688182	-0.225946854	-0.225423654	-0.184737669	-0.21580012	-0.225355399	-0.226073413	LumB
4820	-2.425381364	2.761024959	-0.252194661	-0.248656506	-0.237485435	-0.29066859	-0.351657306	-0.316610563	2.401123692	-0.216715518	-0.248482936	-0.246684533	-0.119356096	-0.266819597	-0.026083008	-0.243134111	-0.308270396	-0.464313969	-0.212469259	-0.318655606	-0.214387533	-0.215904696	-0.287102312	3.962522913	-0.182504536	-0.204688182	-0.225946854	-0.225423654	-0.184737669	3.888978296	-0.225355399	-0.226073413	LumA
4825	-2.662326044	-0.311042335	3.327534539	-0.248656506	-0.237485435	-0.29066859	-0.351657306	-0.316610563	-0.278717265	-0.216715518	-0.248482936	-0.246684533	-0.119356096	7.281613125	-0.026083008	-0.243134111	1.657202656	-0.464313969	-0.212469259	-0.318655606	-0.214387533	-0.215904696	-0.287102312	-0.207846616	-0.182504536	3.900090233	-0.225946854	-0.225423654	-0.184737669	-0.21580012	-0.225355399	3.736102011	LumA
4827	-2.662326044	-1.396619048	-0.252194661	-0.248656506	-0.237485435	-0.29066859	-0.351657306	-0.316610563	-0.278717265	4.121964595	-0.248482936	-0.246684533	-0.119356096	-0.266819597	-0.026083008	-0.243134111	-0.308270396	-0.464313969	-0.212469259	-2.867583278	-0.214387533	-0.215904696	-0.287102312	-0.207846616	-0.182504536	-0.204688182	-0.225946854	-0.225423654	-0.184737669	-0.21580012	-0.225355399	-0.226073413	LumA
4828	-1.182277492	-1.387418181	-0.252194661	-0.248656506	-0.237485435	-0.29066859	1.459868307	2.553269008	-0.278717265	-0.216715518	-0.248482936	-0.246684533	-0.119356096	-0.266819597	-0.026083008	-0.243134111	3.49898225	1.495584521	-0.212469259	-0.318655606	-0.214387533	-0.215904696	-0.287102312	-0.207846616	-0.182504536	3.900090233	-0.225946854	-0.225423654	-0.184737669	-0.21580012	-0.225355399	-0.226073413	LumB
4829	-1.681132697	-1.161848915	-0.252194661	-0.248656506	-0.237485435	-0.29066859	-0.351657306	-0.316610563	-0.278717265	-0.216715518	-0.248482936	-0.246684533	-0.119356096	-0.266819597	-0.026083008	-0.243134111	-0.308270396	-0.464313969	-0.212469259	-0.318655606	-0.214387533	-0.215904696	-0.287102312	-0.207846616	-0.182504536	-0.204688182	-0.225946854	-0.225423654	-0.184737669	-0.21580012	-0.225355399	-0.226073413	LumB
4832	-2.608352517	1.439054279	-0.252194661	-0.248656506	-0.237485435	-0.29066859	-0.351657306	-0.316610563	-0.278717265	-0.216715518	-0.248482936	-0.246684533	-0.119356096	-0.266819597	-0.026083008	-0.243134111	-0.308270396	1.776663871	-0.212469259	-0.318655606	-0.214387533	-0.215904696	-0.287102312	-0.207846616	-0.182504536	-0.204688182	-0.225946854	-0.225423654	-0.184737669	4.129344901	-0.225355399	-0.226073413	LumA
4834	1.256942147	-1.706561916	-0.252194661	-0.248656506	-0.237485435	-0.29066859	-0.351657306	-0.316610563	-0.278717265	-0.216715518	-0.248482936	-0.246684533	-0.119356096	-0.266819597	-0.026083008	-0.243134111	-0.308270396	-0.464313969	4.325837086	-0.318655606	-0.214387533	-0.215904696	-0.287102312	3.962522913	-0.182504536	-0.204688182	-0.225946854	-0.225423654	-0.184737669	3.888978296	-0.225355399	-0.226073413	LumB
4836	-0.479799694	-0.364840706	-3.940583607	-0.248656506	-0.237485435	-0.29066859	-0.351657306	3.176402342	-0.278717265	-0.216715518	-0.248482936	-0.246684533	-0.119356096	-0.266819597	-0.026083008	-0.243134111	2.778910949	1.776663871	-0.212469259	-0.318655606	-0.214387533	-0.215904696	-0.287102312	-0.207846616	-0.182504536	-0.204688182	-0.225946854	-0.225423654	-0.184737669	-0.21580012	-0.225355399	-0.226073413	Her2
4838	-0.835674189	1.979524648	3.327534539	-0.248656506	-0.237485435	-0.29066859	-0.351657306	-0.316610563	-2.077158939	-0.216715518	-0.248482936	-0.246684533	-0.119356096	-0.266819597	-0.026083008	-0.243134111	-0.308270396	-0.464313969	-0.212469259	-0.318655606	4.248107679	-0.215904696	-0.287102312	-0.207846616	4.089494615	4.263932627	-0.225946854	-0.225423654	-0.184737669	-0.21580012	4.062030975	-0.226073413	LumB
4839	-2.597859627	-0.558761194	-0.252194661	-0.248656506	-0.237485435	-0.29066859	-0.351657306	-0.316610563	5.37045899	-0.216715518	-0.248482936	-0.246684533	-0.119356096	-0.266819597	-0.026083008	-0.243134111	-0.308270396	-0.464313969	-0.212469259	-0.318655606	-0.214387533	-0.215904696	-0.287102312	-0.207846616	4.089494615	-0.204688182	-0.225946854	-0.225423654	-0.184737669	-0.21580012	-0.225355399	-0.226073413	LumB
4843	-2.440809187	-1.057407254	-0.252194661	-0.248656506	-0.237485435	-0.29066859	-0.351657306	-0.316610563	-0.278717265	-0.216715518	-0.248482936	-0.246684533	-0.119356096	-0.266819597	-0.026083008	-0.243134111	1.657202656	-0.464313969	-0.212469259	-0.318655606	-0.214387533	4.129240324	-0.287102312	-0.207846616	-0.182504536	4.263932627	-0.225946854	-0.225423654	-0.184737669	-0.21580012	-0.225355399	-0.226073413	LumA
4849	-2.072051095	-1.706561916	-0.252194661	-0.248656506	-0.237485435	-0.29066859	-0.351657306	-0.316610563	-0.278717265	4.067652388	-0.248482936	-0.246684533	-0.119356096	-0.266819597	-0.026083008	-0.243134111	-0.308270396	-0.464313969	-0.212469259	-0.318655606	-0.214387533	-0.215904696	-0.287102312	-0.207846616	-0.182504536	3.900090233	-0.225946854	-0.225423654	-0.184737669	-0.21580012	2.32427682	-0.226073413	LumA
4851	-2.298715722	1.264628736	-0.252194661	-0.248656506	-0.237485435	-0.29066859	-0.351657306	-0.316610563	-0.278717265	-0.216715518	-0.248482936	-0.246684533	-0.119356096	-0.266819597	-0.026083008	-0.243134111	-0.308270396	-0.464313969	-0.212469259	-0.318655606	-0.214387533	-0.215904696	-0.287102312	-0.207846616	-0.182504536	-0.204688182	-0.225946854	-0.225423654	-0.184737669	-0.21580012	-0.225355399	-0.226073413	LumA
4853	-2.662326044	0.934591202	-0.252194661	-0.248656506	-0.237485435	-0.29066859	-0.351657306	-0.316610563	-0.278717265	-0.216715518	-0.248482936	-0.246684533	-0.119356096	-0.266819597	-0.026083008	-0.243134111	-0.308270396	-0.464313969	-0.212469259	-0.318655606	-0.214387533	-0.215904696	-0.287102312	-0.207846616	-0.182504536	-0.204688182	-0.225946854	-0.225423654	-0.184737669	-0.21580012	-0.225355399	-0.226073413	LumA
4855	0.116314728	-0.009468241	-0.252194661	-0.248656506	-0.237485435	-0.29066859	-0.351657306	-0.316610563	2.462416534	-0.216715518	-0.248482936	-0.246684533	-0.119356096	-0.266819597	-0.026083008	-0.243134111	0.738645226	-0.464313969	-0.212469259	-0.318655606	-0.214387533	-0.215904696	-0.287102312	-0.207846616	-0.182504536	-0.204688182	-0.225946854	-0.225423654	-0.184737669	-0.21580012	4.062030975	3.736102011	LumA
4858	4.746212683	-0.493822377	-0.252194661	-0.248656506	-0.237485435	-0.29066859	-0.351657306	-0.316610563	-0.278717265	4.067652388	-0.248482936	-0.246684533	-0.119356096	-0.266819597	-0.026083008	-0.243134111	-0.308270396	-0.464313969	-0.212469259	-0.318655606	-0.214387533	-0.215904696	-0.287102312	-0.207846616	-0.182504536	-0.204688182	-0.225946854	-0.225423654	-0.184737669	-0.21580012	-0.225355399	4.18262001	LumA
4862	2.220906188	-1.06660812	-0.252194661	-0.248656506	-0.237485435	-0.29066859	-0.351657306	-0.316610563	1.519724409	-0.216715518	-0.248482936	-0.246684533	-0.119356096	-0.266819597	-0.026083008	-0.243134111	-0.308270396	-0.464313969	-0.212469259	-0.318655606	-0.214387533	-0.215904696	-0.287102312	-0.207846616	-0.182504536	-0.204688182	-0.225946854	-0.225423654	-0.184737669	-0.21580012	-0.225355399	-0.226073413	LumB
4866	-2.261999116	2.601131967	-0.252194661	-0.248656506	-0.237485435	-0.29066859	-0.351657306	-0.316610563	-0.278717265	-0.216715518	-0.248482936	-0.246684533	-0.119356096	-0.266819597	-0.026083008	-0.243134111	-0.308270396	2.176405229	-0.212469259	-0.318655606	-0.214387533	-0.215904696	-0.287102312	-0.207846616	-0.182504536	-0.204688182	-0.225946854	-0.225423654	-0.184737669	-0.21580012	-0.225355399	-0.226073413	LumA
4867	-2.513654043	2.00096707	-0.252194661	-0.248656506	-0.237485435	-0.29066859	-0.351657306	2.611222267	-0.278717265	-0.216715518	-0.248482936	-0.246684533	4.219324018	-0.266819597	-0.026083008	-0.243134111	-0.308270396	-0.464313969	-0.212469259	-0.318655606	-0.214387533	-0.215904696	2.498109681	-0.207846616	-0.182504536	-0.204688182	-0.225946854	-0.225423654	-0.184737669	-0.21580012	-0.225355399	-0.226073413	LumA
4869	-2.117549304	2.706286146	-0.252194661	-0.248656506	-0.237485435	-3.351209135	-0.351657306	-0.316610563	-0.278717265	-0.216715518	-7.695544708	-0.246684533	-0.119356096	-0.266819597	-0.026083008	-0.243134111	-0.308270396	-0.464313969	-0.212469259	-0.318655606	-0.214387533	-0.215904696	-0.287102312	-0.207846616	-0.182504536	-0.204688182	-0.225946854	-0.225423654	-0.184737669	-0.21580012	-0.225355399	-0.226073413	LumA
4871	17.86732868	-1.706561916	-0.252194661	-0.248656506	-0.237485435	-0.29066859	-0.351657306	-0.316610563	-0.278717265	-0.216715518	-0.248482936	-0.246684533	-0.119356096	-0.266819597	-0.026083008	-0.243134111	-0.308270396	-0.464313969	-0.212469259	-0.318655606	-0.214387533	-0.215904696	-0.287102312	-0.207846616	-0.182504536	-0.204688182	-0.225946854	-0.225423654	-0.184737669	-0.21580012	-0.225355399	-0.226073413	Normal
4872	-1.0106332	-0.507179896	-0.252194661	-0.248656506	-0.237485435	-0.29066859	-0.351657306	-0.316610563	-0.278717265	-0.216715518	-0.248482936	-0.246684533	-0.119356096	-0.266819597	-0.026083008	-0.243134111	-0.308270396	-0.464313969	-0.212469259	-0.318655606	-0.214387533	-0.215904696	-0.287102312	-0.207846616	-0.182504536	-0.204688182	-0.225946854	-0.225423654	-0.184737669	-0.21580012	-0.225355399	-0.226073413	LumA
4873	-2.518178909	1.095841718	-0.252194661	-0.248656506	-0.237485435	-0.29066859	-0.351657306	-0.316610563	-0.278717265	-0.216715518	-1.835842145	-0.246684533	-0.119356096	-0.266819597	-0.026083008	-0.243134111	-0.308270396	-0.464313969	-0.212469259	-0.318655606	-0.214387533	-0.215904696	-0.287102312	-0.207846616	-0.182504536	-0.204688182	-0.225946854	-0.225423654	-0.184737669	-0.21580012	-0.225355399	-0.226073413	LumB
4878	-0.659716652	-1.706561916	-0.252194661	-0.248656506	-0.237485435	-0.29066859	-0.351657306	3.176402342	-3.248052563	-0.216715518	-0.248482936	-0.246684533	-0.119356096	-0.266819597	-0.026083008	-0.243134111	-0.308270396	-0.464313969	-0.212469259	-0.318655606	-0.214387533	-0.215904696	-0.287102312	-0.207846616	-0.182504536	-0.204688182	-0.225946854	-0.225423654	-0.184737669	-0.21580012	-0.225355399	-0.226073413	LumA
4879	5.661639013	0.069944255	-0.252194661	-0.248656506	-0.237485435	-0.29066859	-0.351657306	-0.316610563	-0.278717265	-0.216715518	-0.248482936	-0.246684533	-0.119356096	-0.266819597	-0.026083008	-0.243134111	-0.308270396	-0.464313969	-0.212469259	-0.318655606	-0.214387533	-0.215904696	-0.287102312	-0.207846616	-0.182504536	-0.204688182	-0.225946854	-0.225423654	-0.184737669	-0.21580012	-0.225355399	-0.226073413	Her2
4880	6.28617412	1.894666368	-0.252194661	-0.248656506	-0.237485435	-0.29066859	-0.351657306	-0.316610563	5.449292985	-0.216715518	3.718555099	-0.246684533	-6.583617558	2.818457796	-0.026083008	-0.243134111	1.533509197	-0.464313969	4.325837086	-0.318655606	-0.214387533	-0.215904696	-0.287102312	-0.207846616	-0.182504536	-0.204688182	-0.225946854	-0.225423654	-0.184737669	-0.21580012	3.944902431	-0.226073413	Basal
4881	11.66264482	-1.376550988	-0.252194661	3.811092949	-0.237485435	-0.29066859	-0.351657306	-0.316610563	-0.278717265	-0.216715518	-0.248482936	-0.246684533	-0.119356096	-0.266819597	-0.026083008	-0.243134111	-0.308270396	-0.464313969	-0.212469259	-0.318655606	-0.214387533	-0.215904696	-0.287102312	-0.207846616	-0.182504536	-0.204688182	-0.225946854	-0.225423654	-0.184737669	-0.21580012	-0.225355399	-0.226073413	Basal
4883	-2.235150209	-0.065375073	-0.252194661	-0.248656506	-0.237485435	-0.29066859	-0.351657306	2.375855281	-0.278717265	-0.216715518	-0.248482936	-0.246684533	-0.119356096	-0.266819597	-0.026083008	-0.243134111	1.657202656	-0.464313969	-0.212469259	-0.318655606	-0.214387533	-0.215904696	-0.287102312	-0.207846616	-0.182504536	-0.204688182	4.126112021	-0.225423654	-0.184737669	-0.21580012	-0.225355399	-0.226073413	LumA
4886	7.055269674	-1.706561916	-0.252194661	-3.238270432	-0.237485435	-0.29066859	-0.351657306	-0.316610563	-0.278717265	-0.216715518	-0.248482936	-0.246684533	-0.119356096	-0.266819597	-0.026083008	-0.243134111	1.533509197	-0.464313969	-0.212469259	-0.318655606	-0.214387533	-0.215904696	-0.287102312	-0.207846616	-0.182504536	-0.204688182	-0.225946854	-0.225423654	-0.184737669	-0.21580012	-0.225355399	-0.226073413	Her2
4887	1.16017482	-1.511617734	-0.252194661	-0.248656506	-0.237485435	3.266114292	-0.351657306	-0.316610563	-3.019851065	4.121964595	-0.248482936	-0.246684533	-0.119356096	-0.266819597	-0.026083008	-0.243134111	-0.308270396	-0.464313969	-0.212469259	-0.318655606	-0.214387533	4.653870979	-0.287102312	-0.207846616	-0.182504536	-0.204688182	-0.225946854	4.400113964	-0.184737669	-0.21580012	-0.225355399	-0.226073413	Normal
4894	1.136311055	1.099806322	-0.252194661	-0.248656506	4.388052183	-0.29066859	-0.351657306	-0.316610563	-0.278717265	-0.216715518	-0.248482936	-0.246684533	-0.119356096	-0.266819597	-0.026083008	-0.243134111	-0.308270396	-0.464313969	-0.212469259	-0.318655606	-0.214387533	-0.215904696	-0.287102312	-0.207846616	-0.182504536	-0.204688182	-0.225946854	-0.225423654	-0.184737669	-0.21580012	-0.225355399	-0.226073413	LumA
4896	1.772030089	-1.376550988	-0.252194661	-0.248656506	-0.237485435	-0.29066859	-0.351657306	-0.316610563	-0.278717265	-0.216715518	-0.248482936	-0.246684533	-0.119356096	-0.266819597	-0.026083008	-0.243134111	-0.308270396	-0.464313969	-0.212469259	-0.318655606	-0.214387533	-0.215904696	-0.287102312	-0.207846616	-0.182504536	-0.204688182	-0.225946854	-0.225423654	-0.184737669	-0.21580012	-0.225355399	-0.226073413	Basal
4897	-2.21003419	-1.032061784	-0.252194661	-0.248656506	3.834389461	-0.29066859	-0.351657306	-0.316610563	-0.278717265	-0.216715518	-0.248482936	-0.246684533	-0.119356096	-0.266819597	-0.026083008	-0.243134111	-0.308270396	-0.464313969	-0.212469259	-0.318655606	-0.214387533	-0.215904696	-0.287102312	-0.207846616	-0.182504536	-0.204688182	-0.225946854	-0.225423654	-0.184737669	-0.21580012	-0.225355399	-0.226073413	Normal
4898	-1.957104624	1.561339792	-0.252194661	-0.248656506	-0.237485435	-0.29066859	-0.351657306	-0.316610563	-0.278717265	-0.216715518	-0.248482936	7.696789124	-0.119356096	-0.266819597	-0.026083008	-0.243134111	-0.308270396	1.488571256	-0.212469259	-0.318655606	-0.214387533	-0.215904696	-0.287102312	-0.207846616	-0.182504536	-0.204688182	-0.225946854	-0.225423654	-0.184737669	-0.21580012	-0.225355399	-0.226073413	LumA
4899	-2.662326044	-0.702900372	-0.252194661	-0.248656506	-0.237485435	-0.29066859	-0.351657306	-0.316610563	-0.278717265	-0.216715518	-0.248482936	-0.246684533	-0.119356096	-0.266819597	-0.026083008	-0.243134111	-0.308270396	-0.464313969	-0.212469259	-0.318655606	-0.214387533	-0.215904696	-0.287102312	-0.207846616	-0.182504536	-0.204688182	-0.225946854	-0.225423654	-0.184737669	-0.21580012	-0.225355399	-0.226073413	LumA
4900	-2.073026709	-0.940694264	-0.252194661	-0.248656506	-0.237485435	-0.29066859	-0.351657306	-0.316610563	-0.278717265	-0.216715518	-0.248482936	-0.246684533	-0.119356096	-0.266819597	-0.026083008	-0.243134111	-0.308270396	-0.464313969	-0.212469259	-0.318655606	-0.214387533	4.129240324	-0.287102312	-0.207846616	-0.182504536	-0.204688182	-0.225946854	-0.225423654	-0.184737669	-0.21580012	-0.225355399	-0.226073413	LumB
4908	0.07156575	-0.946029497	-0.252194661	-0.248656506	-0.237485435	-0.29066859	-0.351657306	-0.316610563	-0.278717265	-0.216715518	-0.248482936	-0.246684533	-0.119356096	-0.266819597	3.763070347	-0.243134111	-0.308270396	-0.464313969	-0.212469259	-0.318655606	-0.214387533	-0.215904696	-0.287102312	-0.207846616	-0.182504536	-0.204688182	-0.225946854	-0.225423654	-0.184737669	-0.21580012	-0.225355399	-0.226073413	LumB
4911	10.98654781	-1.706561916	-0.252194661	-0.248656506	-0.237485435	-0.29066859	-0.351657306	-0.316610563	-0.278717265	-0.216715518	-0.248482936	-0.246684533	-0.119356096	-0.266819597	-3.663379828	-0.243134111	-0.308270396	-0.464313969	-0.212469259	-0.318655606	-0.214387533	-0.215904696	-0.287102312	-0.207846616	-0.182504536	-0.204688182	-0.225946854	4.000744296	-0.184737669	-0.21580012	-0.225355399	-0.226073413	Basal
4912	-1.769932838	-0.260066672	-0.252194661	-0.248656506	-0.237485435	-0.29066859	-0.351657306	-0.316610563	-0.278717265	-0.216715518	-0.248482936	-0.246684533	-0.119356096	-0.266819597	-0.026083008	-0.243134111	-0.308270396	-0.464313969	-0.212469259	-0.318655606	-0.214387533	-0.215904696	-0.287102312	-0.207846616	-4.454503688	-0.204688182	-0.225946854	-0.225423654	-0.184737669	-0.21580012	-0.225355399	-0.226073413	LumB
4925	-2.311480844	-1.376550988	-0.252194661	-0.248656506	-0.237485435	-0.29066859	-0.351657306	-0.316610563	-0.278717265	-0.216715518	-0.248482936	-0.246684533	-0.119356096	4.196335733	-0.026083008	-0.243134111	-0.308270396	-0.464313969	4.013698691	-0.318655606	-0.214387533	-0.215904696	-0.287102312	-0.207846616	-0.182504536	-0.204688182	-0.225946854	-0.225423654	3.825031707	-0.21580012	-0.225355399	-0.226073413	LumB
4928	-0.464827129	-1.376550988	-0.252194661	-0.248656506	-0.237485435	-0.29066859	-0.351657306	-0.316610563	-0.278717265	-0.216715518	-0.248482936	-0.246684533	-0.119356096	-0.266819597	-0.026083008	-0.243134111	-0.308270396	-0.464313969	-0.212469259	-0.318655606	-0.214387533	-0.215904696	-0.287102312	-0.207846616	-0.182504536	-0.204688182	-0.225946854	-0.225423654	-0.184737669	-0.21580012	-0.225355399	-0.226073413	Her2
4929	4.176783987	-1.706561916	2.749125977	-0.248656506	-0.237485435	-0.29066859	-0.351657306	-0.316610563	-0.278717265	4.121964595	-0.248482936	3.812521364	-0.119356096	4.196335733	-0.026083008	-0.243134111	-0.308270396	-0.464313969	-0.212469259	-0.318655606	-0.214387533	-0.215904696	-0.287102312	-0.207846616	-0.182504536	-0.204688182	-0.225946854	-0.225423654	-0.184737669	-0.21580012	-0.225355399	-0.226073413	Her2
4930	4.100385833	-1.129437765	-0.252194661	-0.248656506	-0.237485435	-0.29066859	-0.351657306	-0.316610563	-0.278717265	-0.216715518	3.667156037	-0.246684533	-0.119356096	-0.266819597	-0.026083008	-0.243134111	-0.308270396	-0.464313969	-0.212469259	-0.318655606	-0.214387533	-0.215904696	-0.287102312	-0.207846616	-0.182504536	-0.204688182	-0.225946854	-0.225423654	-0.184737669	-0.21580012	-0.225355399	-0.226073413	LumB
4933	-2.51010788	1.610177647	-0.252194661	-0.248656506	-0.237485435	-0.29066859	-0.351657306	-0.316610563	-0.278717265	-0.216715518	-0.248482936	-0.246684533	-0.119356096	-0.266819597	-0.026083008	-0.243134111	-0.308270396	-0.464313969	-0.212469259	-0.318655606	-0.214387533	-0.215904696	-0.287102312	-0.207846616	4.089494615	-0.204688182	-0.225946854	-0.225423654	-0.184737669	-0.21580012	-0.225355399	-0.226073413	LumA
4934	-2.662326044	0.1192172	-0.252194661	-0.248656506	-0.237485435	-0.29066859	-0.351657306	-0.316610563	-0.278717265	-0.216715518	-0.248482936	-0.246684533	-0.119356096	-0.266819597	-0.026083008	-0.243134111	-0.308270396	-0.464313969	-0.212469259	-0.318655606	-0.214387533	-0.215904696	-0.287102312	-0.207846616	-0.182504536	-0.204688182	-0.225946854	-0.225423654	-0.184737669	-0.21580012	-0.225355399	-0.226073413	LumB
4935	7.807282843	-0.701151072	-0.252194661	-0.248656506	-0.237485435	-0.29066859	-0.351657306	-0.316610563	-0.278717265	-0.216715518	-0.248482936	-0.246684533	-0.119356096	-0.266819597	-0.026083008	-0.243134111	-0.308270396	-0.464313969	-0.212469259	-0.318655606	3.801473094	-0.215904696	-0.287102312	-0.207846616	-0.182504536	-0.204688182	-0.225946854	-0.225423654	-0.184737669	-0.21580012	-0.225355399	-0.226073413	Her2
4937	1.079380787	-0.527554898	-0.252194661	-0.248656506	-0.237485435	-0.29066859	-0.351657306	-0.316610563	-0.278717265	-0.216715518	-0.248482936	-0.246684533	-0.119356096	-0.266819597	-0.026083008	-0.243134111	-0.308270396	-0.464313969	-0.212469259	-0.318655606	-0.214387533	-0.215904696	-0.287102312	-0.207846616	-0.182504536	-0.204688182	-0.225946854	-0.225423654	-0.184737669	-0.21580012	-0.225355399	-0.226073413	LumB
4941	-2.202631857	-0.823833304	-0.252194661	-0.248656506	-0.237485435	-0.29066859	-0.351657306	-0.316610563	-0.278717265	-0.216715518	-0.248482936	-0.246684533	-0.119356096	4.196335733	-0.026083008	-0.243134111	-0.308270396	-0.464313969	-0.212469259	-0.318655606	-0.214387533	-0.215904696	-0.287102312	-0.207846616	-0.182504536	-0.204688182	-0.225946854	-0.225423654	-0.184737669	-0.21580012	-0.225355399	-0.226073413	LumA
4944	-2.146254385	-0.216119061	-0.252194661	3.811092949	4.388052183	-0.29066859	-0.351657306	-0.316610563	-0.278717265	-0.216715518	-0.248482936	-0.246684533	-0.119356096	-0.266819597	-0.026083008	-0.243134111	-0.308270396	4.417383068	-0.212469259	-0.318655606	-0.214387533	-0.215904696	-0.287102312	-0.207846616	-0.182504536	-0.204688182	-0.225946854	-0.225423654	-0.184737669	-0.21580012	-0.225355399	-0.226073413	LumB
4945	5.765660504	-1.706561916	-0.252194661	-0.248656506	-0.237485435	-0.29066859	-0.351657306	-0.316610563	-0.278717265	4.121964595	-0.248482936	-0.246684533	-0.119356096	-0.266819597	-0.026083008	-0.243134111	1.533509197	-0.464313969	-0.212469259	-0.318655606	-0.214387533	-0.215904696	-0.287102312	-0.207846616	-0.182504536	-0.204688182	-0.225946854	-0.225423654	-0.184737669	-0.21580012	-0.225355399	-0.226073413	Basal
4949	-0.331701424	-0.849033388	-0.252194661	3.811092949	-0.237485435	-0.29066859	1.459868307	-0.316610563	-0.278717265	-0.216715518	-0.248482936	-0.246684533	-0.119356096	-0.266819597	-0.026083008	-0.243134111	-0.308270396	-0.464313969	-0.212469259	-0.318655606	-0.214387533	-0.215904696	-0.287102312	-0.207846616	-0.182504536	-0.204688182	-0.225946854	-0.225423654	-0.184737669	-0.21580012	-0.225355399	-0.226073413	LumB
4950	-1.162745686	0.444974991	-0.252194661	-0.248656506	-0.237485435	-0.29066859	1.459868307	-0.316610563	-0.278717265	-0.216715518	-0.248482936	-0.246684533	-0.119356096	-0.266819597	-0.026083008	-0.243134111	-0.308270396	-0.464313969	-0.212469259	-0.318655606	-0.214387533	-0.215904696	-0.287102312	-0.207846616	-0.182504536	-0.204688182	-0.225946854	-0.225423654	-0.184737669	-0.21580012	-0.225355399	-0.226073413	LumA
4952	1.624917687	-1.376550988	-0.252194661	-0.248656506	-0.237485435	-0.29066859	2.562307003	-0.316610563	-0.278717265	-0.216715518	-0.248482936	-0.246684533	-0.119356096	-0.266819597	-0.026083008	3.270103434	-0.308270396	-0.464313969	-0.212469259	-0.318655606	-0.214387533	-0.215904696	-0.287102312	-0.207846616	-0.182504536	-0.204688182	-0.225946854	-0.225423654	-0.184737669	-0.21580012	-0.225355399	-0.226073413	Her2
4956	0.401615073	-0.874783321	-0.252194661	-0.248656506	-0.237485435	-0.29066859	-0.351657306	-0.316610563	-0.278717265	-0.216715518	3.282939861	-0.246684533	-0.119356096	-0.266819597	3.763070347	-0.243134111	-0.308270396	-0.464313969	-0.212469259	-0.318655606	-0.214387533	-0.215904696	-0.287102312	-0.207846616	-0.182504536	-0.204688182	-0.225946854	-0.225423654	-0.184737669	-0.21580012	-0.225355399	-0.226073413	LumB
4957	-2.480038262	10.51341696	-0.252194661	3.811092949	-0.237485435	5.903431859	-0.351657306	-0.316610563	-0.278717265	4.121964595	-0.248482936	-0.246684533	-0.119356096	2.818457796	-0.026083008	3.270103434	-0.308270396	6.377281559	-0.212469259	-0.318655606	-0.214387533	-0.215904696	-0.287102312	-0.207846616	-0.182504536	-0.204688182	-0.225946854	-0.225423654	-0.184737669	-0.21580012	-0.225355399	-0.226073413	LumB
4959	-2.662326044	-1.128896976	-0.252194661	-0.248656506	-0.237485435	-0.29066859	-0.351657306	-0.316610563	-0.278717265	-0.216715518	3.282939861	-0.246684533	-0.119356096	-0.266819597	-0.026083008	-0.243134111	-0.308270396	-0.464313969	-0.212469259	-0.318655606	-0.214387533	-0.215904696	-0.287102312	-0.207846616	-0.182504536	-0.204688182	-0.225946854	-0.225423654	-0.184737669	-0.21580012	-0.225355399	-0.226073413	LumA
4961	-2.618279219	0.005049591	-0.252194661	-0.248656506	-0.237485435	-0.29066859	-0.351657306	-0.316610563	-0.278717265	-0.216715518	-0.248482936	-0.246684533	-0.119356096	2.408680029	-0.026083008	-0.243134111	1.657202656	-0.464313969	-0.212469259	-0.318655606	-0.214387533	-0.215904696	-0.287102312	-0.207846616	-0.182504536	-0.204688182	-0.225946854	-0.225423654	-0.184737669	-0.21580012	-0.225355399	-0.226073413	LumA
4962	-2.551646029	2.937317576	-0.252194661	-0.248656506	-0.237485435	-0.29066859	-0.351657306	-0.316610563	-0.278717265	-0.216715518	-0.248482936	-0.246684533	-0.119356096	-0.266819597	-0.026083008	-0.243134111	0.738645226	-0.464313969	-0.212469259	-0.318655606	-0.214387533	-0.215904696	3.109757638	-0.207846616	-0.182504536	-0.204688182	-0.225946854	-0.225423654	-0.184737669	-0.21580012	-0.225355399	-0.226073413	LumA
4965	-2.2621981	-0.548828407	-0.252194661	-0.248656506	-0.237485435	-0.29066859	-0.351657306	-0.316610563	-0.278717265	-0.216715518	-0.248482936	-0.246684533	-0.119356096	-0.266819597	-0.026083008	-0.243134111	-0.308270396	-0.464313969	-0.212469259	-0.318655606	-0.214387533	-0.215904696	-0.287102312	-0.207846616	-0.182504536	-0.204688182	-0.225946854	-0.225423654	3.825031707	4.129344901	-0.225355399	-0.226073413	LumA
4966	-2.602319177	-0.679783947	-0.252194661	-0.248656506	-0.237485435	-0.29066859	-0.351657306	-0.316610563	-0.278717265	-0.216715518	-0.248482936	-0.246684533	-0.119356096	-0.266819597	-0.026083008	-0.243134111	-0.308270396	-0.464313969	-0.212469259	-0.318655606	-0.214387533	-0.215904696	-0.287102312	-0.207846616	-0.182504536	-0.204688182	-0.225946854	-0.225423654	-0.184737669	-0.21580012	-0.225355399	-0.226073413	LumB
4967	-2.518178909	-0.904200871	-0.252194661	-0.248656506	-0.237485435	-0.29066859	-0.351657306	-0.316610563	-0.278717265	-0.216715518	-0.248482936	-0.246684533	-0.119356096	-0.266819597	-0.026083008	-0.243134111	-0.308270396	-0.464313969	-0.212469259	-0.318655606	-0.214387533	-0.215904696	2.498109681	-0.207846616	-0.182504536	-0.204688182	-0.225946854	-0.225423654	-0.184737669	-0.21580012	-0.225355399	3.736102011	LumA
4968	-2.04411047	0.585405931	-0.252194661	-0.248656506	-0.237485435	-0.29066859	-0.351657306	-0.316610563	-0.278717265	-0.216715518	-0.248482936	-0.246684533	-0.119356096	-0.266819597	-0.026083008	3.270103434	-0.308270396	4.136303719	-0.212469259	-0.318655606	-0.214387533	-0.215904696	-0.287102312	-0.207846616	-0.182504536	-0.204688182	-0.225946854	-0.225423654	-0.184737669	-0.21580012	-0.225355399	-0.226073413	LumA
4969	-2.662326044	3.26855379	-0.252194661	-0.248656506	-0.237485435	-0.29066859	-0.351657306	-0.316610563	-0.278717265	-0.216715518	-0.248482936	3.637583228	-0.119356096	-0.266819597	-0.026083008	-0.243134111	-0.308270396	1.495584521	-0.212469259	-0.318655606	4.248107679	-0.215904696	-0.287102312	-0.207846616	4.580686761	-0.204688182	7.987295049	-0.225423654	-0.184737669	-0.21580012	-0.225355399	-0.226073413	LumA
4970	-2.551906455	2.07929109	-0.252194661	-0.248656506	-0.237485435	-0.29066859	-0.351657306	-0.316610563	-0.278717265	-0.216715518	-0.248482936	-0.246684533	-0.119356096	-0.266819597	3.337962204	-0.243134111	-0.308270396	-0.464313969	-0.212469259	-0.318655606	-0.214387533	-0.215904696	-0.287102312	-0.207846616	4.580686761	-0.204688182	-0.225946854	-0.225423654	-0.184737669	-0.21580012	-0.225355399	-0.226073413	LumB
4976	-2.3716654	-0.752558742	-0.252194661	-0.248656506	-0.237485435	-0.29066859	-0.351657306	2.375855281	-0.278717265	-0.216715518	-0.248482936	-0.246684533	-0.119356096	-0.266819597	-0.026083008	-0.243134111	1.657202656	-0.464313969	-0.212469259	-0.318655606	-0.214387533	-0.215904696	-0.287102312	-0.207846616	-0.182504536	-0.204688182	-0.225946854	-0.225423654	-0.184737669	-0.21580012	-0.225355399	-0.226073413	LumA
4977	-2.026308549	-1.376550988	-0.252194661	-0.248656506	-0.237485435	-0.29066859	-0.351657306	-0.316610563	-0.278717265	-0.216715518	-0.248482936	-0.246684533	-0.119356096	-0.266819597	-0.026083008	-0.243134111	-0.308270396	-0.464313969	-0.212469259	-0.318655606	-0.214387533	-0.215904696	-0.287102312	-0.207846616	-0.182504536	-0.204688182	3.635236175	-0.225423654	-0.184737669	-0.21580012	-0.225355399	-0.226073413	LumA
4981	-2.474221851	-1.376550988	-0.252194661	-0.248656506	-0.237485435	2.842891314	-0.351657306	-0.316610563	-0.278717265	-0.216715518	-0.248482936	-0.246684533	-0.119356096	4.196335733	-0.026083008	-0.243134111	9.685351737	-0.464313969	-0.212469259	-0.318655606	-0.214387533	-0.215904696	-0.287102312	-0.207846616	-0.182504536	-0.204688182	-0.225946854	-0.225423654	-0.184737669	-0.21580012	-0.225355399	-0.226073413	LumA
4986	-1.755820548	-0.537295858	-0.252194661	-0.248656506	-0.237485435	-0.29066859	-0.351657306	-0.316610563	-0.278717265	-0.216715518	-0.248482936	-0.246684533	-0.119356096	-0.266819597	-0.026083008	-0.243134111	-0.308270396	-0.464313969	-0.212469259	-0.318655606	-0.214387533	-0.215904696	-0.287102312	-0.207846616	-0.182504536	-0.204688182	-0.225946854	-0.225423654	-0.184737669	-0.21580012	-0.225355399	-0.226073413	LumA
4987	-1.564106429	-1.161848915	-0.252194661	-0.248656506	-0.237485435	-0.29066859	-0.351657306	-0.316610563	-0.278717265	-0.216715518	-0.248482936	-0.246684533	-0.119356096	-0.266819597	-0.026083008	-0.243134111	-0.308270396	-0.464313969	-0.212469259	-0.318655606	-0.214387533	4.653870979	-0.287102312	-0.207846616	-0.182504536	-0.204688182	-0.225946854	-0.225423654	-0.184737669	-0.21580012	-0.225355399	-0.226073413	LumA
4991	-1.440421674	-0.160912435	-0.252194661	-0.248656506	-0.237485435	-0.29066859	-0.351657306	-0.316610563	2.401123692	-0.216715518	-0.248482936	-0.246684533	-0.119356096	-0.266819597	-0.026083008	-0.243134111	-0.308270396	-0.464313969	-0.212469259	-0.318655606	-0.214387533	-0.215904696	-0.287102312	-0.207846616	-0.182504536	-0.204688182	-0.225946854	-0.225423654	-0.184737669	-0.21580012	-0.225355399	-0.226073413	LumB
4992	-1.188931584	-1.376550988	-0.252194661	-0.248656506	-0.237485435	-0.29066859	-0.351657306	-0.316610563	-0.278717265	-0.216715518	-0.248482936	3.637583228	-0.119356096	-0.266819597	-0.026083008	-0.243134111	1.657202656	-0.464313969	-0.212469259	-0.318655606	-0.214387533	-0.215904696	-0.287102312	-0.207846616	4.089494615	-0.204688182	-0.225946854	-0.225423654	-0.184737669	-0.21580012	-0.225355399	-0.226073413	LumA
4993	0.936074152	-0.338584687	-0.252194661	-0.248656506	-0.237485435	-0.29066859	-0.351657306	-0.316610563	-0.278717265	-0.216715518	-0.248482936	-0.246684533	-0.119356096	-0.266819597	-0.026083008	-0.243134111	-0.308270396	2.176405229	-0.212469259	-0.318655606	-0.214387533	-0.215904696	-0.287102312	-0.207846616	-0.182504536	-0.204688182	-0.225946854	-0.225423654	-0.184737669	-0.21580012	-0.225355399	-0.226073413	Her2
4994	-2.676807441	-0.10264761	-0.252194661	-0.248656506	-0.237485435	-0.29066859	-0.351657306	-0.316610563	-0.278717265	-0.216715518	-0.248482936	-0.246684533	-0.119356096	-0.266819597	-0.026083008	-0.243134111	-0.308270396	-0.464313969	-0.212469259	-0.318655606	-0.214387533	4.129240324	-0.287102312	-0.207846616	-0.182504536	-0.204688182	-0.225946854	-0.225423654	-0.184737669	-0.21580012	-0.225355399	-0.226073413	LumB
4996	-2.714162047	2.500056904	-0.252194661	-0.248656506	-0.237485435	-0.29066859	-0.351657306	3.176402342	-0.278717265	4.121964595	11.16561687	-0.246684533	-0.119356096	-0.266819597	-0.026083008	-0.243134111	-0.308270396	2.176405229	-0.212469259	-0.318655606	-0.214387533	-0.215904696	-0.287102312	-0.207846616	-0.182504536	-0.204688182	-0.225946854	-0.225423654	-0.184737669	-0.21580012	-0.225355399	-0.226073413	LumA
4998	-1.471240502	-0.075391157	-0.252194661	-0.248656506	-0.237485435	-0.29066859	-0.351657306	-0.316610563	-0.278717265	-0.216715518	-0.248482936	-0.246684533	-0.119356096	-0.266819597	-0.026083008	-0.243134111	-0.308270396	2.176405229	-0.212469259	-0.318655606	-0.214387533	-0.215904696	2.498109681	-0.207846616	-0.182504536	-0.204688182	-0.225946854	-0.225423654	-0.184737669	-0.21580012	-0.225355399	-0.226073413	LumB
4999	-2.557688874	2.919760704	-0.252194661	-0.248656506	-0.237485435	-0.29066859	-0.351657306	-0.316610563	4.199565366	-0.216715518	-0.248482936	-0.246684533	-0.119356096	-0.266819597	-0.026083008	-0.243134111	-0.308270396	-0.464313969	-0.212469259	-0.318655606	-0.214387533	-0.215904696	-0.287102312	-0.207846616	-0.182504536	4.263932627	-0.225946854	-0.225423654	-0.184737669	-0.21580012	-0.225355399	-0.226073413	LumA
5001	-1.64680899	3.279048914	-0.252194661	-0.248656506	-0.237485435	2.123590616	-0.351657306	-0.316610563	-0.278717265	-0.216715518	-0.248482936	-0.246684533	-0.119356096	-0.266819597	-0.026083008	-0.243134111	-0.308270396	-0.464313969	-0.212469259	-0.318655606	-0.214387533	-0.215904696	2.38659965	-0.207846616	-0.182504536	-0.204688182	-0.225946854	-0.225423654	-0.184737669	-0.21580012	-0.225355399	-0.226073413	LumA
5004	-2.035362921	6.047259188	-0.252194661	-0.248656506	-0.237485435	-0.29066859	-0.351657306	-0.316610563	-0.278717265	4.121964595	-0.248482936	-0.246684533	-0.119356096	-0.266819597	-3.663379828	3.270103434	2.778910949	1.495584521	-0.212469259	-0.318655606	-0.214387533	-0.215904696	5.171811642	-0.207846616	-0.182504536	-0.204688182	-0.225946854	-0.225423654	3.825031707	-0.21580012	-0.225355399	3.736102011	Her2
5008	11.24610448	0.94572791	-0.252194661	-0.248656506	-0.237485435	-0.29066859	-0.351657306	-0.316610563	4.260858208	-0.216715518	-0.248482936	3.812521364	4.219324018	2.818457796	-0.026083008	-0.243134111	0.738645226	1.495584521	-0.212469259	-0.318655606	-0.214387533	-0.215904696	-0.287102312	-0.207846616	-0.182504536	-0.204688182	-0.225946854	-0.225423654	-0.184737669	-0.21580012	-0.225355399	-0.226073413	Her2
5011	-1.554832883	4.289501221	-0.252194661	-0.248656506	-0.237485435	-0.29066859	-0.351657306	5.481101838	-0.278717265	-0.216715518	-0.248482936	-0.246684533	-0.119356096	-0.266819597	-0.026083008	-0.243134111	-0.308270396	-0.464313969	-0.212469259	2.961438281	-0.214387533	-0.215904696	-0.287102312	-0.207846616	-0.182504536	-0.204688182	-0.225946854	-0.225423654	-0.184737669	-0.21580012	2.32427682	-0.226073413	LumA
5013	-2.312860062	3.268489832	-0.252194661	-0.248656506	-0.237485435	-0.29066859	-0.351657306	-0.316610563	-0.278717265	-0.216715518	-0.248482936	-0.246684533	-0.119356096	-0.266819597	-0.026083008	-0.243134111	-0.308270396	-0.464313969	-0.212469259	-0.318655606	-0.214387533	-0.215904696	-0.287102312	-0.207846616	-0.182504536	-0.204688182	-0.225946854	-0.225423654	3.825031707	-0.21580012	-0.225355399	-0.226073413	LumA
5014	-2.461536823	4.09418844	-0.252194661	-0.248656506	-0.237485435	2.123590616	-0.351657306	-0.316610563	-0.278717265	-0.216715518	-0.248482936	-0.246684533	-0.119356096	-0.266819597	-0.026083008	-0.243134111	-0.308270396	-0.464313969	-0.212469259	-0.318655606	-0.214387533	-0.215904696	-0.287102312	4.561689904	4.089494615	3.900090233	-0.225946854	-0.225423654	-0.184737669	-0.21580012	-0.225355399	4.18262001	LumB
5015	-1.606355676	4.079700983	-0.252194661	-0.248656506	-0.237485435	-0.29066859	-0.351657306	2.553269008	-0.278717265	-0.216715518	-0.248482936	-0.246684533	-0.119356096	-0.266819597	-0.026083008	-0.243134111	-0.308270396	1.539767013	-0.212469259	-0.318655606	-0.214387533	-0.215904696	2.38659965	-0.207846616	4.089494615	-0.204688182	-0.225946854	-0.225423654	-0.184737669	-0.21580012	-0.225355399	3.736102011	LumA
5018	-2.662326044	1.031992246	-0.252194661	-0.248656506	-0.237485435	-0.29066859	-0.351657306	-0.316610563	-0.278717265	-0.216715518	-0.248482936	-0.246684533	-0.119356096	-0.266819597	-0.026083008	-0.243134111	-0.308270396	-0.464313969	-0.212469259	-0.318655606	-0.214387533	-0.215904696	-0.287102312	-0.207846616	-0.182504536	-0.204688182	-0.225946854	-0.225423654	-0.184737669	-0.21580012	-0.225355399	-0.226073413	LumA
5019	6.869713969	-1.706561916	-0.252194661	-0.248656506	-0.237485435	-0.29066859	-0.351657306	-0.316610563	-0.278717265	-0.216715518	-0.248482936	-0.246684533	-0.119356096	-0.266819597	-0.026083008	-0.243134111	-0.308270396	-0.464313969	-0.212469259	-0.318655606	-0.214387533	-0.215904696	-0.287102312	-0.207846616	-0.182504536	-0.204688182	-0.225946854	-0.225423654	-0.184737669	-0.21580012	-0.225355399	-0.226073413	Normal
5027	-2.392630873	0.928564039	-0.252194661	-0.248656506	-0.237485435	-0.29066859	-0.351657306	-0.316610563	-0.278717265	-0.216715518	-0.248482936	-0.246684533	-0.119356096	-0.266819597	-0.026083008	-0.243134111	4.744384001	-0.464313969	-0.212469259	2.230272066	-0.214387533	8.999015999	-0.287102312	-0.207846616	-0.182504536	-0.204688182	-0.225946854	-0.225423654	-0.184737669	-0.21580012	-0.225355399	-0.226073413	LumA
5033	-0.673760922	-1.706561916	-0.252194661	-0.248656506	-0.237485435	-0.29066859	-0.351657306	2.611222267	5.449292985	-0.216715518	-0.248482936	-0.246684533	-0.119356096	-0.266819597	-0.026083008	-0.243134111	-0.308270396	-0.464313969	-0.212469259	-0.318655606	-0.214387533	-0.215904696	-0.287102312	-0.207846616	-0.182504536	-0.204688182	-0.225946854	-0.225423654	-0.184737669	-0.21580012	-0.225355399	-0.226073413	LumB
5039	-0.589685967	2.839553458	-0.252194661	-0.248656506	-0.237485435	2.842891314	-0.351657306	-0.316610563	-0.278717265	-0.216715518	-0.248482936	-0.246684533	-0.119356096	-0.266819597	-3.390128219	-0.243134111	-0.308270396	-0.464313969	-0.212469259	-0.318655606	-0.214387533	-0.215904696	-0.287102312	-0.207846616	-0.182504536	-0.204688182	-0.225946854	-0.225423654	-0.184737669	-0.21580012	-0.225355399	-0.226073413	LumB
5040	-1.897616829	-0.616018569	-0.252194661	-0.248656506	-0.237485435	-0.29066859	-0.351657306	-0.316610563	-0.278717265	-0.216715518	3.282939861	-0.246684533	-0.119356096	-0.266819597	-0.026083008	-0.243134111	-0.308270396	-0.464313969	-0.212469259	-0.318655606	-0.214387533	-0.215904696	-0.287102312	-0.207846616	-0.182504536	-0.204688182	-0.225946854	-0.225423654	-0.184737669	-0.21580012	-0.225355399	-0.226073413	LumB
5043	-2.552169211	-0.175778649	-0.252194661	-0.248656506	-0.237485435	2.842891314	-0.351657306	-0.316610563	-0.278717265	-0.216715518	-0.248482936	-0.246684533	-0.119356096	-0.266819597	-0.026083008	-0.243134111	-0.308270396	-0.464313969	-0.212469259	-0.318655606	-0.214387533	-0.215904696	-0.287102312	-0.207846616	-0.182504536	-0.204688182	-0.225946854	-0.225423654	-0.184737669	-0.21580012	-0.225355399	-0.226073413	LumA
5044	-1.510633147	1.198925845	-0.252194661	-0.248656506	-0.237485435	-0.29066859	-0.351657306	-0.316610563	-0.278717265	-0.216715518	-0.248482936	-0.246684533	-0.119356096	-0.266819597	-0.026083008	-0.243134111	-0.308270396	-0.464313969	-0.212469259	-0.318655606	-0.214387533	4.653870979	2.498109681	-0.207846616	-0.182504536	-0.204688182	-0.225946854	-0.225423654	-0.184737669	4.129344901	-0.225355399	-0.226073413	LumB
5045	-1.344030837	-1.376550988	-0.252194661	3.811092949	-0.237485435	-0.29066859	-0.351657306	-0.316610563	-0.278717265	-0.216715518	-0.248482936	3.637583228	-0.119356096	2.408680029	-0.026083008	8.653987585	-0.308270396	-0.464313969	-0.212469259	-0.318655606	-0.214387533	-0.215904696	-0.287102312	-0.207846616	-0.182504536	-0.204688182	-0.225946854	-0.225423654	-0.184737669	-0.21580012	-0.225355399	-0.226073413	LumA
5049	-2.048529628	0.357154157	-0.252194661	2.74095742	-0.237485435	-0.29066859	-0.351657306	-0.316610563	-0.278717265	-0.216715518	-0.248482936	-0.246684533	-0.119356096	-0.266819597	-0.026083008	-0.243134111	1.657202656	-0.464313969	-0.212469259	-0.318655606	-0.214387533	-0.215904696	-0.287102312	-0.207846616	-0.182504536	-0.204688182	-0.225946854	-0.225423654	-0.184737669	-0.21580012	-0.225355399	-0.226073413	LumB
5050	-2.618279219	-1.06660812	-0.252194661	-0.248656506	3.834389461	-0.29066859	-0.351657306	2.553269008	-0.278717265	-0.216715518	-0.248482936	-0.246684533	-0.119356096	-0.266819597	-0.026083008	-0.243134111	-0.308270396	-0.464313969	-0.212469259	-0.318655606	4.248107679	4.129240324	-0.287102312	-0.207846616	-0.182504536	-0.204688182	-0.225946854	-0.225423654	-0.184737669	-0.21580012	-0.225355399	-0.226073413	LumA
5053	-2.618279219	-0.14056247	-0.252194661	-0.248656506	-0.237485435	-0.29066859	-0.351657306	-0.316610563	-0.278717265	-0.216715518	-0.248482936	-0.246684533	-0.119356096	-0.266819597	-0.026083008	-0.243134111	-0.308270396	-0.464313969	-0.212469259	-0.318655606	-0.214387533	-0.215904696	-0.287102312	-0.207846616	-0.182504536	-0.204688182	-0.225946854	-0.225423654	-0.184737669	-0.21580012	4.062030975	-0.226073413	LumA
5054	2.215875313	-1.376550988	-0.252194661	-0.248656506	-0.237485435	-0.29066859	-0.351657306	-3.186490134	-0.278717265	-0.216715518	-0.248482936	-0.246684533	-0.119356096	4.196335733	-0.026083008	-0.243134111	-0.308270396	-0.464313969	-0.212469259	1.896478735	-0.214387533	-0.215904696	-0.287102312	-0.207846616	-0.182504536	-0.204688182	-0.225946854	-0.225423654	-0.184737669	-0.21580012	-0.225355399	-0.226073413	Basal
5057	10.73630158	-1.706561916	-0.252194661	-0.248656506	-0.237485435	-0.29066859	-0.351657306	-0.316610563	-0.278717265	-0.216715518	-0.248482936	-0.246684533	-0.119356096	-0.266819597	-0.026083008	-0.243134111	5.614859334	-0.464313969	-0.212469259	4.445406407	-0.214387533	-0.215904696	-0.287102312	-0.207846616	-0.182504536	-0.204688182	-0.225946854	-0.225423654	-0.184737669	-0.21580012	-0.225355399	-0.226073413	Basal
5059	-2.662416221	3.533223734	-0.252194661	-0.248656506	-0.237485435	-0.29066859	-0.351657306	-0.316610563	-0.278717265	-0.216715518	-0.248482936	-0.246684533	-0.119356096	-0.266819597	-0.026083008	-0.243134111	-0.308270396	-0.464313969	4.013698691	-0.318655606	-0.214387533	-0.215904696	-0.287102312	-0.207846616	-0.182504536	-0.204688182	-0.225946854	-0.225423654	-0.184737669	-0.21580012	-0.225355399	-0.226073413	LumA
5060	-0.921925303	0.139310916	3.327534539	-0.248656506	-0.237485435	-0.29066859	-0.351657306	-0.316610563	-0.278717265	-0.216715518	-0.248482936	-0.246684533	-0.119356096	-0.266819597	-0.026083008	-0.243134111	-0.308270396	1.495584521	-0.212469259	-0.318655606	-0.214387533	-0.215904696	-0.287102312	-0.207846616	-0.182504536	-0.204688182	-0.225946854	-0.225423654	-0.184737669	-0.21580012	-0.225355399	-0.226073413	LumB
5061	-2.570818243	-0.707189533	-0.252194661	-0.248656506	-0.237485435	-0.29066859	-0.351657306	-0.316610563	-0.278717265	-0.216715518	-0.248482936	-0.246684533	-0.119356096	-0.266819597	-0.026083008	-0.243134111	-0.308270396	-0.464313969	8.552005036	-0.318655606	-0.214387533	-0.215904696	-0.287102312	-0.207846616	-0.182504536	-0.204688182	-0.225946854	-0.225423654	-0.184737669	-0.21580012	-0.225355399	-0.226073413	LumB
5062	-1.498995917	-0.514779278	3.436194286	-0.248656506	-0.237485435	-0.29066859	-0.351657306	-0.316610563	-0.278717265	-0.216715518	-0.248482936	-0.246684533	-0.119356096	-0.266819597	-0.026083008	-0.243134111	-0.308270396	-0.464313969	-0.212469259	-0.318655606	-0.214387533	-0.215904696	2.38659965	-0.207846616	4.580686761	-0.204688182	-0.225946854	-0.225423654	-0.184737669	-0.21580012	-0.225355399	-0.226073413	LumB
5063	12.02323045	-0.616018569	-0.252194661	-0.248656506	-0.237485435	-0.29066859	-0.351657306	-0.316610563	-0.278717265	-0.216715518	-0.248482936	-0.246684533	-0.119356096	-0.266819597	-0.026083008	-0.243134111	-0.308270396	-0.464313969	4.325837086	-0.318655606	-0.214387533	-0.215904696	3.109757638	-0.207846616	-0.182504536	4.263932627	-0.225946854	-0.225423654	-0.184737669	3.888978296	-0.225355399	-0.226073413	Her2
5064	-2.662326044	3.305513401	-0.252194661	-0.248656506	-0.237485435	-0.29066859	-0.351657306	-0.316610563	-0.278717265	-0.216715518	-0.248482936	-0.246684533	-0.119356096	-0.266819597	-0.026083008	-0.243134111	-0.308270396	-0.464313969	-0.212469259	-0.318655606	-0.214387533	-0.215904696	-0.287102312	-0.207846616	-0.182504536	-0.204688182	-0.225946854	-0.225423654	-0.184737669	-0.21580012	-0.225355399	-0.226073413	LumA
5066	-2.662326044	0.733641201	-0.252194661	-0.248656506	-0.237485435	2.769871954	-0.351657306	-0.316610563	-0.278717265	-0.216715518	-0.248482936	-0.246684533	-0.119356096	-0.266819597	-0.026083008	-0.243134111	-0.308270396	-0.464313969	-0.212469259	-0.318655606	-0.214387533	-0.215904696	-0.287102312	-0.207846616	4.089494615	3.900090233	-0.225946854	-0.225423654	-0.184737669	-0.21580012	-0.225355399	-0.226073413	LumA
5068	-2.109633472	6.126517059	-0.252194661	-0.248656506	-0.237485435	-0.29066859	-0.351657306	-0.316610563	-0.278717265	-0.216715518	-0.248482936	-0.246684533	-0.119356096	-0.266819597	-0.026083008	-0.243134111	2.778910949	-0.464313969	-0.212469259	-0.318655606	-0.214387533	-0.215904696	-0.287102312	-0.207846616	4.580686761	-0.204688182	-0.225946854	-0.225423654	-0.184737669	-0.21580012	-0.225355399	-0.226073413	LumA
5070	0.011693819	-0.537295858	-0.252194661	3.811092949	-0.237485435	-0.29066859	-0.351657306	-0.316610563	-0.278717265	-0.216715518	-0.248482936	-0.246684533	-0.119356096	-0.266819597	-0.026083008	3.270103434	-0.308270396	-0.464313969	4.013698691	-0.318655606	-0.214387533	-0.215904696	-0.287102312	4.561689904	-0.182504536	-4.309466597	-0.225946854	-0.225423654	-0.184737669	-0.21580012	4.062030975	3.736102011	Basal
5072	3.171853624	-2.069128301	-0.252194661	-0.248656506	-0.237485435	-0.29066859	-0.351657306	-0.316610563	-0.278717265	-0.216715518	3.667156037	-0.246684533	-0.119356096	-0.266819597	-0.026083008	-0.243134111	-0.308270396	-0.464313969	-0.212469259	-0.318655606	-0.214387533	-0.215904696	-0.287102312	-0.207846616	-0.182504536	-0.204688182	-0.225946854	-0.225423654	-0.184737669	-0.21580012	-0.225355399	-0.226073413	Her2
5074	-2.344636442	-0.507179896	-0.252194661	3.811092949	-0.237485435	-0.29066859	-0.351657306	-0.316610563	2.462416534	-0.216715518	3.718555099	-0.246684533	-0.119356096	-0.266819597	-0.026083008	8.653987585	-0.308270396	-0.464313969	-0.212469259	-0.318655606	-0.214387533	-0.215904696	-0.287102312	3.962522913	-0.182504536	-0.204688182	-0.225946854	-0.225423654	-0.184737669	3.888978296	-0.225355399	-0.226073413	LumA
5078	4.031791941	-0.707487896	-0.252194661	-0.248656506	-0.237485435	2.842891314	-0.351657306	-0.316610563	5.677494483	-0.216715518	-0.248482936	-0.246684533	-0.119356096	-0.266819597	-0.026083008	-0.243134111	-0.308270396	-0.464313969	-0.212469259	-0.318655606	-0.214387533	-0.215904696	5.894969631	-0.207846616	-0.182504536	-0.204688182	-0.225946854	-0.225423654	-0.184737669	-0.21580012	-0.225355399	-0.226073413	LumB
5079	-1.73675413	0.161345768	-0.252194661	-0.248656506	-0.237485435	-0.29066859	-0.351657306	-0.316610563	-0.278717265	4.067652388	1.338876272	-0.246684533	-0.119356096	-0.266819597	-0.026083008	3.270103434	-0.308270396	-0.464313969	-0.212469259	-0.318655606	-0.214387533	-0.215904696	-0.287102312	-0.207846616	-0.182504536	-0.204688182	-0.225946854	-0.225423654	-0.184737669	-0.21580012	-0.225355399	3.736102011	LumA
5081	-1.652331985	-1.234211799	-0.252194661	-0.248656506	-0.237485435	-0.29066859	-0.351657306	-0.316610563	-0.278717265	-0.216715518	-0.248482936	-0.246684533	-0.119356096	-0.266819597	-0.026083008	-0.243134111	-0.308270396	-0.464313969	-0.212469259	-0.318655606	-0.214387533	-0.215904696	-0.287102312	-0.207846616	-0.182504536	-4.309466597	-0.225946854	-0.225423654	-0.184737669	-0.21580012	-0.225355399	-0.226073413	Normal
5084	-2.536547601	0.878483384	-0.252194661	3.626355251	-0.237485435	-0.29066859	-0.351657306	2.553269008	-0.278717265	-0.216715518	-0.248482936	7.696789124	-0.119356096	-0.266819597	-0.026083008	-0.243134111	-0.308270396	-0.464313969	-0.212469259	-0.318655606	-0.214387533	-0.215904696	-0.287102312	-0.207846616	-0.182504536	-0.204688182	-0.225946854	-0.225423654	-0.184737669	-0.21580012	-0.225355399	-0.226073413	LumA
5086	-3.000557995	5.915701615	-0.252194661	7.686104705	-0.237485435	-0.29066859	1.459868307	-0.316610563	5.142257491	4.067652388	-0.248482936	3.637583228	-0.119356096	-0.266819597	-0.026083008	5.14075004	-0.308270396	1.495584521	-0.212469259	-0.318655606	-0.214387533	-0.215904696	-0.287102312	-0.207846616	-0.182504536	-0.204688182	4.126112021	-0.225423654	-0.184737669	-0.21580012	-0.225355399	-0.226073413	LumA
5088	-2.552959834	-0.490204426	-0.252194661	-0.248656506	-0.237485435	-0.29066859	-0.351657306	-0.316610563	-0.278717265	-0.216715518	3.718555099	3.812521364	-0.119356096	-0.266819597	-0.026083008	-0.243134111	-0.308270396	-0.464313969	-0.212469259	-0.318655606	-0.214387533	-0.215904696	-0.287102312	-0.207846616	-0.182504536	-0.204688182	-0.225946854	-0.225423654	-0.184737669	-0.21580012	-0.225355399	4.18262001	LumA
5092	-2.668659354	0.057886663	-0.252194661	-0.248656506	3.834389461	-0.29066859	-0.351657306	-0.316610563	-0.278717265	-0.216715518	-0.248482936	-0.246684533	-0.119356096	-0.266819597	-0.026083008	-0.243134111	5.813345464	-0.464313969	-0.212469259	-0.318655606	-0.214387533	-0.215904696	-0.287102312	-0.207846616	-0.182504536	-0.204688182	-0.225946854	-0.225423654	-0.184737669	-0.21580012	2.32427682	-0.226073413	LumA
5098	-1.494632496	0.18015334	-0.252194661	-0.248656506	-0.237485435	-0.29066859	-0.351657306	5.245734852	-0.278717265	-0.216715518	3.282939861	-0.246684533	-0.119356096	-0.266819597	-0.026083008	-0.243134111	-0.308270396	1.495584521	-0.212469259	-0.318655606	-0.214387533	-0.215904696	-0.287102312	-0.207846616	-0.182504536	-0.204688182	-0.225946854	-0.225423654	-0.184737669	-0.21580012	-0.225355399	-0.226073413	LumA
5101	0.489534605	-0.823833304	-0.252194661	-0.248656506	-0.237485435	-0.29066859	-0.351657306	-0.316610563	-0.278717265	-0.216715518	-0.248482936	-0.246684533	-0.119356096	-0.266819597	-0.026083008	-0.243134111	0.738645226	-0.464313969	-0.212469259	-0.318655606	-0.214387533	-0.215904696	-0.287102312	-0.207846616	-0.182504536	-0.204688182	-0.225946854	-0.225423654	-0.184737669	-0.21580012	-0.225355399	8.144795434	LumB
5102	13.81892848	-1.234211799	-0.252194661	-0.248656506	-0.237485435	-0.29066859	-0.351657306	-0.316610563	-0.278717265	-0.216715518	-0.248482936	3.812521364	-0.119356096	-0.266819597	-3.663379828	-0.243134111	1.533509197	-0.464313969	-0.212469259	-0.318655606	-0.214387533	-0.215904696	-0.287102312	-0.207846616	-0.182504536	-0.204688182	-0.225946854	-0.225423654	-0.184737669	-0.21580012	-0.225355399	-0.226073413	Basal
5105	-2.028905376	2.065716376	-0.252194661	-0.248656506	-0.237485435	2.769871954	-0.351657306	-0.316610563	2.690618033	-0.216715518	-0.248482936	-0.246684533	-0.119356096	-0.266819597	-0.026083008	-0.243134111	-0.308270396	-0.464313969	-0.212469259	-0.318655606	-0.214387533	-0.215904696	-0.287102312	-0.207846616	-0.182504536	-0.204688182	-0.225946854	4.000744296	-0.184737669	-0.21580012	-0.225355399	-0.226073413	LumA
5107	-0.105167463	-0.979547362	-0.252194661	-0.248656506	-0.237485435	-0.29066859	1.459868307	-0.316610563	-0.278717265	-0.216715518	-0.248482936	-0.246684533	-0.119356096	-0.266819597	-0.026083008	-0.243134111	-0.308270396	-0.464313969	-0.212469259	3.353165687	-0.214387533	-0.215904696	-0.287102312	-0.207846616	-0.182504536	-0.204688182	-0.225946854	-0.225423654	-0.184737669	-0.21580012	-0.225355399	-0.226073413	LumB
5110	1.766404086	-1.706561916	-0.252194661	-0.248656506	-0.237485435	-0.29066859	-0.351657306	-0.316610563	-0.278717265	-0.216715518	-0.248482936	-0.246684533	-0.119356096	-0.266819597	-0.026083008	-0.243134111	-0.308270396	-0.464313969	-0.212469259	-0.318655606	-0.214387533	-0.215904696	-0.287102312	-0.207846616	-0.182504536	-0.204688182	-0.225946854	-0.225423654	-0.184737669	-0.21580012	-0.225355399	-0.226073413	Normal
5114	6.773323727	-1.706561916	-0.252194661	-0.248656506	-0.237485435	-0.29066859	-0.351657306	-0.316610563	-0.278717265	-0.216715518	-1.835842145	-0.246684533	-0.119356096	-0.266819597	-0.026083008	-0.243134111	-0.308270396	-0.464313969	-0.212469259	-0.318655606	-0.214387533	-0.215904696	-3.072314304	-0.207846616	-0.182504536	-0.204688182	-0.225946854	-0.225423654	-0.184737669	-0.21580012	-0.225355399	-0.226073413	Basal
5115	5.406889284	-1.376550988	-0.252194661	-0.248656506	-0.237485435	-0.29066859	-0.351657306	-0.316610563	-0.278717265	-0.216715518	-0.248482936	-0.246684533	4.219324018	-0.266819597	-0.026083008	-0.243134111	-0.308270396	-0.464313969	-0.212469259	3.353165687	-0.214387533	-0.215904696	-0.287102312	-0.207846616	-0.182504536	-0.204688182	-0.225946854	-0.225423654	-0.184737669	-0.21580012	-0.225355399	-0.226073413	Basal
5116	-0.794527931	0.296067494	-0.252194661	-0.248656506	-0.237485435	2.769871954	-0.351657306	-0.316610563	-0.278717265	-0.216715518	-0.248482936	-0.246684533	-0.119356096	-0.266819597	-0.026083008	-0.243134111	-0.308270396	2.176405229	-0.212469259	-0.318655606	-0.214387533	4.129240324	-0.287102312	-0.207846616	-0.182504536	-0.204688182	-0.225946854	-0.225423654	-0.184737669	-0.21580012	-0.225355399	-0.226073413	LumB
5118	-2.240265646	0.640679731	-0.252194661	-0.248656506	-0.237485435	-0.29066859	-0.351657306	-0.316610563	-0.278717265	-0.216715518	-0.248482936	-0.246684533	-0.119356096	-0.266819597	-0.026083008	-0.243134111	-0.308270396	-0.464313969	-0.212469259	-0.318655606	-0.214387533	-0.215904696	-0.287102312	-0.207846616	-0.182504536	-0.204688182	-0.225946854	-0.225423654	-0.184737669	-0.21580012	-0.225355399	-0.226073413	LumA
5120	8.682130691	-1.706561916	-0.252194661	-0.248656506	-0.237485435	-0.29066859	-0.351657306	2.611222267	-0.278717265	-4.501083424	-0.248482936	-0.246684533	-0.119356096	2.408680029	-0.026083008	-0.243134111	-0.308270396	-0.464313969	-0.212469259	-0.318655606	-0.214387533	-0.215904696	-0.287102312	-0.207846616	-0.182504536	-0.204688182	-0.225946854	-0.225423654	-0.184737669	-0.21580012	-0.225355399	-0.226073413	Her2
5121	-1.900281262	0.168474749	-0.252194661	-0.248656506	-0.237485435	-0.29066859	-0.351657306	-0.316610563	2.401123692	-0.216715518	-0.248482936	-0.246684533	-0.119356096	-0.266819597	-0.026083008	3.270103434	-0.308270396	-0.464313969	-0.212469259	-0.318655606	-0.214387533	-0.215904696	-0.287102312	-0.207846616	-0.182504536	-0.204688182	-0.225946854	-0.225423654	-0.184737669	-0.21580012	-0.225355399	-0.226073413	LumB
5122	-2.113673214	1.404957908	7.015923485	-0.248656506	-0.237485435	-0.29066859	2.889688466	-0.316610563	2.462416534	-0.216715518	-0.248482936	3.637583228	-0.119356096	-0.266819597	-0.026083008	-0.243134111	-0.308270396	-0.464313969	-0.212469259	2.230272066	-0.214387533	-0.215904696	-0.287102312	4.561689904	4.089494615	-0.204688182	-0.225946854	-0.225423654	-0.184737669	-0.21580012	-0.225355399	4.18262001	LumA
5123	-2.662326044	-1.376550988	-0.252194661	-0.248656506	-0.237485435	-0.29066859	-0.351657306	-0.316610563	-0.278717265	-0.216715518	-0.248482936	-0.246684533	-0.119356096	-0.266819597	-0.026083008	-0.243134111	-0.308270396	1.776663871	-0.212469259	2.961438281	-0.214387533	-0.215904696	-0.287102312	-0.207846616	-0.182504536	3.900090233	-0.225946854	-0.225423654	-0.184737669	-0.21580012	-0.225355399	-0.226073413	LumA
5124	-2.291770184	-0.537295858	-0.252194661	-0.248656506	-0.237485435	-0.29066859	-0.351657306	-0.316610563	-0.278717265	-0.216715518	-0.248482936	-0.246684533	-0.119356096	-0.266819597	-0.026083008	-0.243134111	-0.308270396	-0.464313969	-0.212469259	-0.318655606	-0.214387533	-0.215904696	-0.287102312	-0.207846616	-0.182504536	-0.204688182	3.635236175	-0.225423654	-0.184737669	-0.21580012	-0.225355399	-0.226073413	LumB
5126	9.990111013	-1.706561916	-0.252194661	-0.248656506	-0.237485435	-0.29066859	-0.351657306	-0.316610563	-0.278717265	-0.216715518	-0.248482936	-0.246684533	-0.119356096	4.196335733	-0.026083008	-0.243134111	-0.308270396	-0.464313969	-0.212469259	-0.318655606	-0.214387533	-0.215904696	-0.287102312	-0.207846616	-0.182504536	-0.204688182	-0.225946854	-0.225423654	-0.184737669	-0.21580012	-0.225355399	-0.226073413	Basal
5127	-2.086590505	1.893611752	3.436194286	-0.248656506	-0.237485435	3.266114292	-0.351657306	2.375855281	-0.278717265	-0.216715518	1.338876272	3.637583228	-0.119356096	-0.266819597	-0.026083008	-0.243134111	-0.308270396	-0.464313969	-0.212469259	-0.318655606	-0.214387533	-0.215904696	-3.072314304	-0.207846616	-0.182504536	-0.204688182	-0.225946854	-0.225423654	3.825031707	-0.21580012	-0.225355399	-0.226073413	LumB
5134	-2.571539167	0.81881409	-0.252194661	-0.248656506	-0.237485435	-0.29066859	-0.351657306	-0.316610563	-0.278717265	-0.216715518	-0.248482936	-0.246684533	-0.119356096	-0.266819597	-0.026083008	-0.243134111	6.576124551	-0.464313969	-0.212469259	-0.318655606	-0.214387533	-0.215904696	-0.287102312	-0.207846616	-0.182504536	-0.204688182	-0.225946854	-0.225423654	-0.184737669	-0.21580012	2.32427682	-0.226073413	LumA
5135	11.48018632	-1.551846121	-0.252194661	-0.248656506	-0.237485435	-0.29066859	-0.351657306	-0.316610563	-0.278717265	-0.216715518	-0.248482936	-0.246684533	-0.119356096	-0.266819597	-3.390128219	-0.243134111	0.738645226	-0.464313969	-0.212469259	-0.318655606	-0.214387533	-0.215904696	-0.287102312	-0.207846616	-0.182504536	-0.204688182	-0.225946854	-0.225423654	-0.184737669	-0.21580012	-0.225355399	-0.226073413	Basal
5138	10.74940622	-1.706561916	-0.252194661	-0.248656506	-0.237485435	-0.29066859	-0.351657306	6.104235171	-0.278717265	-0.216715518	-0.248482936	-0.246684533	-0.119356096	-0.266819597	-0.026083008	-0.243134111	-0.308270396	-0.464313969	-0.212469259	2.230272066	-0.214387533	-0.215904696	-0.287102312	-0.207846616	-0.182504536	-0.204688182	-0.225946854	-0.225423654	-0.184737669	-0.21580012	4.062030975	-0.226073413	Basal
5139	-1.66019847	-0.836609711	-0.252194661	-0.248656506	-0.237485435	-0.29066859	-0.351657306	-0.316610563	-0.278717265	-0.216715518	-0.248482936	-0.246684533	-0.119356096	2.818457796	3.763070347	-0.243134111	-0.308270396	-0.464313969	4.325837086	-0.318655606	-0.214387533	-0.215904696	2.3994378	-0.207846616	-0.182504536	-0.204688182	-0.225946854	-0.225423654	-0.184737669	-0.21580012	-0.225355399	-0.226073413	LumB
5144	-2.486938241	0.566278788	-0.252194661	-0.248656506	-0.237485435	5.680373498	-0.351657306	-0.316610563	-0.278717265	-0.216715518	-0.248482936	-0.246684533	-0.119356096	-0.266819597	-0.026083008	-0.243134111	-0.308270396	-0.464313969	-0.212469259	-0.318655606	-0.214387533	-0.215904696	2.38659965	-0.207846616	-0.182504536	-0.204688182	-0.225946854	-0.225423654	-0.184737669	-0.21580012	2.32427682	-0.226073413	LumB
5145	1.525015794	-1.376550988	-0.252194661	2.74095742	-0.237485435	-0.29066859	-0.351657306	-0.316610563	-0.278717265	-0.216715518	-0.248482936	-0.246684533	-0.119356096	-0.266819597	-0.026083008	-0.243134111	-0.308270396	-0.464313969	-0.212469259	1.896478735	-0.214387533	-0.215904696	-0.287102312	-0.207846616	-0.182504536	-0.204688182	-0.225946854	-0.225423654	-0.184737669	-0.21580012	-0.225355399	-0.226073413	Normal
5147	-0.722254638	-2.375625008	-0.252194661	-0.248656506	-0.237485435	-0.29066859	-0.351657306	-0.316610563	-0.278717265	-0.216715518	-0.248482936	-0.246684533	-0.119356096	-0.266819597	-0.026083008	-0.243134111	-0.308270396	-0.464313969	-0.212469259	2.961438281	-0.214387533	4.653870979	-0.287102312	-0.207846616	-0.182504536	-0.204688182	-0.225946854	-0.225423654	-0.184737669	-0.21580012	-0.225355399	-0.226073413	LumA
5150	-2.56443535	4.183913891	-0.252194661	-0.248656506	-0.237485435	-0.29066859	2.889688466	2.375855281	-0.278717265	-0.216715518	-0.248482936	-0.246684533	-0.119356096	-0.266819597	-0.026083008	-0.243134111	-0.308270396	-0.464313969	-0.212469259	-0.318655606	-0.214387533	-0.215904696	-0.287102312	-0.207846616	-0.182504536	-0.204688182	-0.225946854	-0.225423654	-0.184737669	-0.21580012	-0.225355399	-0.226073413	Normal
5152	-2.28888848	0.091180493	-0.252194661	3.626355251	-0.237485435	-0.29066859	-0.351657306	-0.316610563	-0.278717265	-0.216715518	-0.248482936	-0.246684533	-0.119356096	-0.266819597	-0.026083008	-0.243134111	-0.308270396	-0.464313969	-0.212469259	-0.318655606	-0.214387533	-0.215904696	-0.287102312	-0.207846616	-0.182504536	-0.204688182	-0.225946854	4.000744296	-0.184737669	-0.21580012	-0.225355399	-0.226073413	LumA
5157	3.381816959	-1.706561916	-0.252194661	-0.248656506	-0.237485435	-0.29066859	-0.351657306	-0.316610563	-0.278717265	-0.216715518	-0.248482936	-0.246684533	-0.119356096	-0.266819597	-0.026083008	-0.243134111	-0.308270396	-0.464313969	-0.212469259	-0.318655606	-0.214387533	-0.215904696	-0.287102312	-0.207846616	-0.182504536	-0.204688182	-0.225946854	-0.225423654	-0.184737669	-0.21580012	-0.225355399	-0.226073413	Normal
5161	-2.662326044	-1.181606806	-0.252194661	-0.248656506	3.834389461	-0.29066859	-0.351657306	-0.316610563	-0.278717265	-0.216715518	-0.248482936	-0.246684533	-0.119356096	-0.266819597	-0.026083008	-0.243134111	-0.308270396	-0.464313969	-0.212469259	-0.318655606	-0.214387533	-0.215904696	-0.287102312	-0.207846616	-0.182504536	-0.204688182	-0.225946854	-0.225423654	-0.184737669	-0.21580012	-0.225355399	4.18262001	Normal
5164	0.12414965	-0.707487896	-0.252194661	-0.248656506	-0.237485435	-0.29066859	-0.351657306	-0.316610563	-0.278717265	-0.216715518	-0.248482936	-0.246684533	-0.119356096	-0.266819597	-0.026083008	3.270103434	-0.308270396	-0.464313969	-0.212469259	-0.318655606	3.801473094	-0.215904696	-0.287102312	-0.207846616	-0.182504536	-0.204688182	-0.225946854	-0.225423654	-0.184737669	-0.21580012	-0.225355399	-0.226073413	Normal
5167	-1.994247795	0.388187292	6.328855177	-0.248656506	-0.237485435	-0.29066859	2.562307003	2.375855281	-0.278717265	-0.216715518	-0.248482936	-0.246684533	4.219324018	-0.266819597	-0.026083008	-0.243134111	-0.308270396	-0.464313969	-0.212469259	5.902093359	-0.214387533	-0.215904696	-0.287102312	4.561689904	-0.182504536	-0.204688182	-0.225946854	-0.225423654	-0.184737669	-0.21580012	-0.225355399	-0.226073413	LumB
5169	-2.662326044	-1.706561916	-0.252194661	-0.248656506	-0.237485435	-0.29066859	-0.351657306	-0.316610563	-0.278717265	-0.216715518	-0.248482936	-0.246684533	-0.119356096	-0.266819597	-0.026083008	-0.243134111	-0.308270396	-0.464313969	-0.212469259	-0.318655606	-0.214387533	-0.215904696	-0.287102312	-0.207846616	-0.182504536	-0.204688182	-0.225946854	-0.225423654	-0.184737669	-0.21580012	-0.225355399	-0.226073413	LumB
5171	-2.662326044	0.297688224	-0.252194661	-0.248656506	-0.237485435	-0.29066859	-0.351657306	-0.316610563	-0.278717265	-0.216715518	-0.248482936	-0.246684533	-0.119356096	-0.266819597	-0.026083008	-0.243134111	-0.308270396	-0.464313969	-0.212469259	-0.318655606	-0.214387533	-0.215904696	-0.287102312	-0.207846616	-0.182504536	-0.204688182	-0.225946854	-0.225423654	-0.184737669	-0.21580012	-0.225355399	-0.226073413	Normal
5172	2.61140383	-1.376550988	-0.252194661	-0.248656506	-0.237485435	2.769871954	-0.351657306	-0.316610563	-0.278717265	-0.216715518	-0.248482936	-0.246684533	-0.119356096	-0.266819597	-0.026083008	-0.243134111	-0.308270396	-0.464313969	-0.212469259	-0.318655606	-0.214387533	-0.215904696	-0.287102312	-0.207846616	-0.182504536	-0.204688182	-0.225946854	-0.225423654	-0.184737669	-0.21580012	-0.225355399	-0.226073413	Her2
5174	1.48879117	1.903925364	-0.252194661	-0.248656506	-0.237485435	-0.29066859	-0.351657306	5.245734852	-0.278717265	-0.216715518	-0.248482936	-0.246684533	-0.119356096	-0.266819597	-0.026083008	-0.243134111	-0.308270396	1.495584521	-0.212469259	-0.318655606	-0.214387533	-0.215904696	2.38659965	-0.207846616	-0.182504536	-0.204688182	-0.225946854	-0.225423654	-0.184737669	-0.21580012	-0.225355399	-0.226073413	Her2
5182	-2.537229768	0.617331458	-0.252194661	-0.248656506	-0.237485435	-0.29066859	-0.351657306	-0.316610563	1.519724409	-0.216715518	-0.248482936	-0.246684533	-0.119356096	-0.266819597	-0.026083008	-0.243134111	-0.308270396	1.488571256	-0.212469259	-0.318655606	-0.214387533	-0.215904696	-0.287102312	-0.207846616	-0.182504536	-0.204688182	-0.225946854	-0.225423654	-0.184737669	-0.21580012	-0.225355399	-0.226073413	LumA
5184	-2.618279219	-0.540197965	-0.252194661	-0.248656506	-0.237485435	-0.29066859	-0.351657306	-0.316610563	-0.278717265	-0.216715518	-0.248482936	-0.246684533	-0.119356096	-0.266819597	-0.026083008	-0.243134111	2.778910949	-0.464313969	-0.212469259	-0.318655606	-0.214387533	-0.215904696	-0.287102312	-0.207846616	-0.182504536	-0.204688182	-0.225946854	-0.225423654	-0.184737669	-0.21580012	-0.225355399	-0.226073413	LumA
5186	-2.474160393	-1.376550988	-0.252194661	-0.248656506	-0.237485435	-0.29066859	-0.351657306	-0.316610563	-0.278717265	-0.216715518	-0.248482936	-0.246684533	-0.119356096	-0.266819597	-0.026083008	-0.243134111	-0.308270396	1.488571256	-0.212469259	-0.318655606	-0.214387533	-0.215904696	-0.287102312	-0.207846616	-0.182504536	-0.204688182	-0.225946854	-0.225423654	-0.184737669	-0.21580012	-0.225355399	-0.226073413	LumA
5188	5.973775162	-1.706561916	-0.252194661	-0.248656506	-0.237485435	-0.29066859	-0.351657306	-0.316610563	-0.278717265	-0.216715518	-0.248482936	-0.246684533	-0.119356096	-0.266819597	-0.026083008	-0.243134111	-0.308270396	-0.464313969	-0.212469259	-0.318655606	-0.214387533	-0.215904696	-0.287102312	-0.207846616	-0.182504536	-0.204688182	-0.225946854	-0.225423654	-0.184737669	-0.21580012	-0.225355399	-0.226073413	Basal
5190	4.402354038	0.379670338	-0.252194661	-0.248656506	-0.237485435	2.842891314	-0.351657306	-0.316610563	2.708159186	-0.216715518	-0.248482936	-0.246684533	-0.119356096	-0.266819597	-0.026083008	3.270103434	-0.308270396	-0.464313969	-0.212469259	-0.318655606	-0.214387533	-0.215904696	-0.287102312	-0.207846616	-0.182504536	3.900090233	-0.225946854	-0.225423654	-0.184737669	-0.21580012	-0.225355399	-0.226073413	Basal
5191	-2.139145042	1.369761443	-0.252194661	-0.248656506	3.834389461	-0.29066859	-0.351657306	-0.316610563	2.690618033	-0.216715518	-0.248482936	-0.246684533	-0.119356096	-0.266819597	-0.026083008	-0.243134111	10.45816987	-0.464313969	-0.212469259	-0.318655606	-0.214387533	-0.215904696	5.894969631	-0.207846616	4.089494615	-0.204688182	-0.225946854	-0.225423654	-0.184737669	-0.21580012	-0.225355399	-0.226073413	LumA
5193	-2.25122299	-0.178953034	-0.252194661	-0.248656506	-0.237485435	-0.29066859	-0.351657306	-0.316610563	-0.278717265	-0.216715518	-0.248482936	-0.246684533	-0.119356096	-0.266819597	-0.026083008	-0.243134111	-0.308270396	-0.464313969	4.325837086	2.230272066	-0.214387533	-0.215904696	-0.287102312	-0.207846616	-0.182504536	3.900090233	-0.225946854	-0.225423654	-0.184737669	-0.21580012	-0.225355399	-0.226073413	LumA
5197	-2.095493777	-0.250523278	-0.252194661	-0.248656506	-0.237485435	-0.29066859	-0.351657306	-0.316610563	-0.278717265	-0.216715518	-0.248482936	-0.246684533	-0.119356096	-0.266819597	-0.026083008	-0.243134111	-0.308270396	2.176405229	4.325837086	-0.318655606	-0.214387533	-0.215904696	-0.287102312	-0.207846616	-0.182504536	-0.204688182	-0.225946854	-0.225423654	-0.184737669	-0.21580012	-0.225355399	-0.226073413	LumA
5200	1.80715734	-1.706561916	-0.252194661	-0.248656506	-0.237485435	-0.29066859	-0.351657306	2.375855281	2.690618033	-0.216715518	-0.248482936	-0.246684533	-0.119356096	-0.266819597	-0.026083008	-0.243134111	-0.308270396	-0.464313969	-0.212469259	-0.318655606	-0.214387533	-0.215904696	-0.287102312	-0.207846616	-0.182504536	-0.204688182	-0.225946854	-0.225423654	-0.184737669	-0.21580012	-0.225355399	4.18262001	LumB
5205	5.809840419	-0.940694264	-0.252194661	3.626355251	-0.237485435	-0.29066859	-0.351657306	2.611222267	-0.278717265	-0.216715518	-0.248482936	-0.246684533	-0.119356096	-0.266819597	-0.026083008	-0.243134111	-0.308270396	-0.464313969	-0.212469259	-0.318655606	-0.214387533	-0.215904696	2.38659965	-0.207846616	4.580686761	-0.204688182	-0.225946854	-0.225423654	-0.184737669	-0.21580012	-0.225355399	-0.226073413	Basal
5208	5.066847971	-1.376550988	-0.252194661	-0.248656506	-0.237485435	2.842891314	-0.351657306	-0.316610563	-0.278717265	-0.216715518	-0.248482936	-0.246684533	-0.119356096	-0.266819597	-0.026083008	-0.243134111	-0.308270396	-0.464313969	-0.212469259	-0.318655606	-0.214387533	-0.215904696	-0.287102312	-0.207846616	-0.182504536	-0.204688182	4.126112021	-0.225423654	-0.184737669	-0.21580012	-0.225355399	-0.226073413	Basal
5209	11.77628597	-0.390648721	-0.252194661	-0.248656506	-0.237485435	-0.29066859	-0.351657306	-0.316610563	-0.278717265	-0.216715518	1.338876272	-0.246684533	-0.119356096	-0.266819597	-3.390128219	-0.243134111	-0.308270396	-0.464313969	-0.212469259	-0.318655606	-0.214387533	-0.215904696	-0.287102312	-0.207846616	-0.182504536	-0.204688182	-0.225946854	-0.225423654	-0.184737669	-0.21580012	-0.225355399	-0.226073413	Basal
5211	-2.118337552	-0.120985835	-0.252194661	-0.248656506	-0.237485435	-0.29066859	-0.351657306	-0.316610563	-0.278717265	-0.216715518	-0.248482936	-0.246684533	-0.119356096	-0.266819597	-0.026083008	-0.243134111	-0.308270396	1.495584521	-0.212469259	-0.318655606	-0.214387533	-0.215904696	-0.287102312	-0.207846616	-0.182504536	-0.204688182	-0.225946854	-0.225423654	-0.184737669	-0.21580012	-0.225355399	-0.226073413	LumB
5212	3.310751243	-0.124026921	-0.252194661	-0.248656506	-0.237485435	-0.29066859	-0.351657306	-0.316610563	-0.278717265	-0.216715518	-0.248482936	-0.246684533	-0.119356096	-0.266819597	-0.026083008	-0.243134111	-0.308270396	1.495584521	-0.212469259	-0.318655606	-0.214387533	-0.215904696	-0.287102312	-0.207846616	-0.182504536	-0.204688182	-0.225946854	-0.225423654	-0.184737669	-0.21580012	4.062030975	-0.226073413	LumB
5214	-2.51010788	-0.548828407	-0.252194661	-0.248656506	-0.237485435	-0.29066859	-0.351657306	-0.316610563	-0.278717265	-0.216715518	-0.248482936	-0.246684533	-0.119356096	-0.266819597	-0.026083008	-0.243134111	-0.308270396	-0.464313969	-0.212469259	-0.318655606	-0.214387533	-0.215904696	-0.287102312	-0.207846616	-0.182504536	-0.204688182	-0.225946854	-0.225423654	-0.184737669	4.129344901	-0.225355399	-0.226073413	Normal
5215	-1.264001986	3.472044515	-0.252194661	-0.248656506	-0.237485435	-0.29066859	-0.351657306	-0.316610563	-0.278717265	-0.216715518	-0.248482936	-0.246684533	4.219324018	-0.266819597	3.763070347	3.270103434	-0.308270396	-0.464313969	-0.212469259	-0.318655606	-0.214387533	-0.215904696	-0.287102312	-0.207846616	-0.182504536	-0.204688182	-0.225946854	-0.225423654	-0.184737669	-0.21580012	-0.225355399	-0.226073413	LumB
5218	-0.759595166	0.183545662	-0.252194661	-0.248656506	-0.237485435	2.769871954	-0.351657306	-0.316610563	-0.278717265	-0.216715518	-0.248482936	-0.246684533	-0.119356096	-0.266819597	-0.026083008	-0.243134111	-0.308270396	-0.464313969	-0.212469259	-0.318655606	-0.214387533	-0.215904696	-0.287102312	-0.207846616	-0.182504536	-0.204688182	-0.225946854	-0.225423654	-0.184737669	-0.21580012	-0.225355399	-0.226073413	LumB
5221	-2.52658367	2.378290336	-0.252194661	-0.248656506	-0.237485435	-0.29066859	-0.351657306	-0.316610563	-0.278717265	-0.216715518	-0.248482936	-0.246684533	-0.119356096	-0.266819597	-0.026083008	-0.243134111	-0.308270396	-0.464313969	-0.212469259	-0.318655606	-0.214387533	-0.215904696	-0.287102312	-0.207846616	-0.182504536	-0.204688182	-0.225946854	-0.225423654	-0.184737669	-0.21580012	-0.225355399	-0.226073413	LumA
5224	-2.662326044	-0.601379376	-0.252194661	-0.248656506	-0.237485435	-0.29066859	-0.351657306	-0.316610563	-0.278717265	-0.216715518	-0.248482936	-0.246684533	-0.119356096	4.196335733	-0.026083008	-0.243134111	-0.308270396	-0.464313969	-0.212469259	-0.318655606	-0.214387533	-0.215904696	-0.287102312	-0.207846616	-0.182504536	-0.204688182	-0.225946854	-0.225423654	-0.184737669	-0.21580012	-0.225355399	-0.226073413	LumA
5225	8.806584187	-1.706561916	-0.252194661	-0.248656506	-0.237485435	-0.29066859	-0.351657306	-0.316610563	-0.278717265	-0.216715518	-0.248482936	-0.246684533	-0.119356096	-0.266819597	-0.026083008	-0.243134111	-0.308270396	-0.464313969	-0.212469259	-0.318655606	-0.214387533	-0.215904696	-0.287102312	-0.207846616	-0.182504536	-0.204688182	-0.225946854	-0.225423654	-0.184737669	-0.21580012	-0.225355399	-0.226073413	Basal
5226	-2.257541132	-0.768079695	-0.252194661	-0.248656506	-0.237485435	-0.29066859	-0.351657306	-0.316610563	-0.278717265	-0.216715518	-0.248482936	-0.246684533	4.219324018	-0.266819597	-0.026083008	-0.243134111	-0.308270396	-0.464313969	-0.212469259	-0.318655606	-0.214387533	4.129240324	-0.287102312	-0.207846616	-0.182504536	-0.204688182	-0.225946854	-0.225423654	-0.184737669	-0.21580012	-0.225355399	-0.226073413	LumB
5227	-2.280148008	-0.667311929	-0.252194661	-0.248656506	-0.237485435	-0.29066859	-0.351657306	2.611222267	-0.278717265	-0.216715518	-0.248482936	-0.246684533	-0.119356096	2.818457796	-0.026083008	-0.243134111	-0.308270396	1.488571256	-0.212469259	-0.318655606	-0.214387533	-0.215904696	-0.287102312	-0.207846616	-0.182504536	-0.204688182	-0.225946854	-0.225423654	-0.184737669	-0.21580012	-0.225355399	-0.226073413	LumA
5230	-2.662326044	2.021663083	-0.252194661	-0.248656506	-0.237485435	-0.29066859	-0.351657306	-0.316610563	-0.278717265	-0.216715518	-0.248482936	-0.246684533	-0.119356096	-0.266819597	-0.026083008	3.270103434	-0.308270396	-0.464313969	-0.212469259	-0.318655606	-0.214387533	-0.215904696	-0.287102312	-0.207846616	-0.182504536	-0.204688182	-0.225946854	-0.225423654	-0.184737669	-0.21580012	-0.225355399	-0.226073413	LumA
5232	3.274099514	-0.707487896	-0.252194661	-0.248656506	-0.237485435	-0.29066859	-0.351657306	-0.316610563	-0.278717265	-0.216715518	1.338876272	-0.246684533	-0.119356096	-0.266819597	-0.026083008	-0.243134111	1.533509197	-0.464313969	-0.212469259	-0.318655606	-0.214387533	-0.215904696	-0.287102312	-0.207846616	-0.182504536	-0.204688182	-0.225946854	-0.225423654	-0.184737669	-0.21580012	-0.225355399	-0.226073413	Basal
5233	-0.696650086	5.102097073	-0.252194661	-0.248656506	-0.237485435	-0.29066859	-0.351657306	-0.316610563	-0.278717265	-0.216715518	-0.248482936	-0.246684533	-0.119356096	-0.266819597	-0.026083008	-0.243134111	-0.308270396	1.488571256	-0.212469259	-0.318655606	-0.214387533	-0.215904696	-2.973642423	-0.207846616	-0.182504536	-0.204688182	-0.225946854	-0.225423654	-0.184737669	-0.21580012	-0.225355399	-0.226073413	LumB
5235	2.458861337	-1.376550988	-0.252194661	-0.248656506	-0.237485435	-0.29066859	-0.351657306	-0.316610563	-0.278717265	-0.216715518	-0.248482936	-0.246684533	-0.119356096	-0.266819597	-0.026083008	-0.243134111	-0.308270396	-0.464313969	-0.212469259	-0.318655606	-0.214387533	4.653870979	-0.287102312	-0.207846616	-0.182504536	-0.204688182	-0.225946854	-0.225423654	-0.184737669	-0.21580012	-0.225355399	-0.226073413	Basal
5238	3.553715009	-1.234211799	-0.252194661	-0.248656506	-0.237485435	-0.29066859	-0.351657306	-0.316610563	-0.278717265	-0.216715518	-0.248482936	-0.246684533	-0.119356096	-0.266819597	-0.026083008	-0.243134111	-0.308270396	-0.464313969	-0.212469259	-0.318655606	-0.214387533	-0.215904696	-0.287102312	-0.207846616	-0.182504536	3.900090233	-0.225946854	-0.225423654	-0.184737669	-0.21580012	-4.512741773	4.18262001	Normal
5239	-2.527887948	0.350401302	-0.252194661	-0.248656506	-0.237485435	-0.29066859	-0.351657306	-0.316610563	-0.278717265	-0.216715518	3.282939861	-0.246684533	-0.119356096	-0.266819597	-0.026083008	-0.243134111	-0.308270396	1.495584521	-0.212469259	-0.318655606	-0.214387533	-0.215904696	-0.287102312	-0.207846616	-0.182504536	-0.204688182	-0.225946854	-0.225423654	-0.184737669	-0.21580012	-0.225355399	-0.226073413	LumB
5243	-0.772838523	-0.581677515	-0.252194661	-0.248656506	-0.237485435	-0.29066859	-0.351657306	-0.316610563	-0.278717265	-0.216715518	-0.248482936	-0.246684533	-0.119356096	2.818457796	-0.026083008	-0.243134111	-0.308270396	-0.464313969	-0.212469259	-0.318655606	-0.214387533	-0.215904696	-0.287102312	-0.207846616	4.580686761	-0.204688182	-0.225946854	-0.225423654	-0.184737669	-0.21580012	4.062030975	-0.226073413	LumB
5244	-2.031733133	3.279470821	-0.252194661	-0.248656506	-0.237485435	-0.29066859	-0.351657306	-0.316610563	0.602682018	-0.216715518	-0.248482936	-0.246684533	-0.119356096	2.818457796	-0.026083008	-0.243134111	-0.308270396	-0.464313969	-0.212469259	-0.318655606	-0.214387533	-0.215904696	-0.287102312	-0.207846616	-0.182504536	-0.204688182	-0.225946854	-0.225423654	-0.184737669	-0.21580012	-0.225355399	-0.226073413	LumB
5251	-2.281037504	0.091360005	-0.252194661	-0.248656506	-0.237485435	-0.29066859	-0.351657306	-0.316610563	-0.278717265	-0.216715518	-0.248482936	-0.246684533	-0.119356096	-0.266819597	-0.026083008	3.270103434	-0.308270396	-0.464313969	-0.212469259	-0.318655606	4.248107679	-0.215904696	-0.287102312	-0.207846616	-0.182504536	-0.204688182	-0.225946854	-0.225423654	-0.184737669	-0.21580012	-0.225355399	-0.226073413	LumA
5256	-2.488583209	-0.04249838	-0.252194661	-0.248656506	-0.237485435	-0.29066859	-0.351657306	-0.316610563	-0.278717265	-0.216715518	-0.248482936	-0.246684533	-0.119356096	-0.266819597	-0.026083008	-0.243134111	-0.308270396	1.488571256	-0.212469259	1.896478735	-0.214387533	-0.215904696	-0.287102312	-0.207846616	-0.182504536	-0.204688182	-0.225946854	-0.225423654	-0.184737669	-0.21580012	-0.225355399	-0.226073413	LumA
5259	2.311900045	-1.706561916	-0.252194661	-0.248656506	-0.237485435	-0.29066859	-0.351657306	-0.316610563	-0.278717265	-0.216715518	-0.248482936	-0.246684533	-0.119356096	-0.266819597	-0.026083008	-0.243134111	-0.308270396	-0.464313969	-0.212469259	-0.318655606	-0.214387533	-0.215904696	-0.287102312	-0.207846616	-0.182504536	-0.204688182	-0.225946854	-0.225423654	-0.184737669	-0.21580012	-0.225355399	-0.226073413	Her2
5261	-2.662326044	1.411478141	-0.252194661	-0.248656506	-0.237485435	-0.29066859	-0.351657306	-0.316610563	-0.278717265	-0.216715518	-0.248482936	-0.246684533	-0.119356096	-0.266819597	-0.026083008	-0.243134111	-0.308270396	-0.464313969	-0.212469259	-0.318655606	-0.214387533	4.129240324	-0.287102312	4.561689904	-0.182504536	-0.204688182	-0.225946854	-0.225423654	-0.184737669	-0.21580012	-0.225355399	-0.226073413	LumB
5264	-2.427914718	1.563680623	-0.252194661	-0.248656506	-0.237485435	-0.29066859	-0.351657306	-0.316610563	-0.278717265	-0.216715518	-0.248482936	-0.246684533	-0.119356096	-0.266819597	-0.026083008	-0.243134111	5.529208929	-0.464313969	-0.212469259	-0.318655606	-0.214387533	-0.215904696	-0.287102312	-0.207846616	-0.182504536	-0.204688182	-0.225946854	4.000744296	-0.184737669	-0.21580012	-0.225355399	-0.226073413	LumA
5266	5.99801142	-0.469177717	-0.252194661	-0.248656506	-0.237485435	-0.29066859	-0.351657306	-0.316610563	5.449292985	-0.216715518	-0.248482936	-0.246684533	-0.119356096	-0.266819597	-0.026083008	-0.243134111	-0.308270396	-0.464313969	-0.212469259	-0.318655606	-0.214387533	-0.215904696	-0.287102312	-0.207846616	-0.182504536	-0.204688182	-0.225946854	-0.225423654	-0.184737669	-0.21580012	-0.225355399	-0.226073413	LumB
5270	-1.811068968	1.741957828	-0.252194661	-0.248656506	-0.237485435	-0.29066859	-0.351657306	-0.316610563	-0.278717265	-0.216715518	-0.248482936	-0.246684533	-0.119356096	-0.266819597	3.337962204	-0.243134111	-0.308270396	-0.464313969	-0.212469259	2.230272066	-0.214387533	-0.215904696	-2.973642423	3.962522913	-0.182504536	-0.204688182	-0.225946854	-0.225423654	-0.184737669	-0.21580012	-0.225355399	-0.226073413	LumA
5271	-1.717595561	0.592809202	-0.252194661	-0.248656506	-0.237485435	-0.29066859	-0.351657306	-0.316610563	-0.278717265	-0.216715518	-0.248482936	-0.246684533	-0.119356096	-0.266819597	-0.026083008	-0.243134111	-0.308270396	1.495584521	-0.212469259	-0.318655606	-0.214387533	-0.215904696	-0.287102312	-0.207846616	-0.182504536	-0.204688182	-0.225946854	-0.225423654	-0.184737669	-0.21580012	-0.225355399	-0.226073413	LumB
5273	-2.001621019	0.364850544	3.327534539	-0.248656506	-0.237485435	-0.29066859	1.459868307	-0.316610563	-0.278717265	-0.216715518	-0.248482936	-0.246684533	-0.119356096	-0.266819597	-0.026083008	-0.243134111	-0.308270396	-0.464313969	-0.212469259	1.896478735	-0.214387533	-0.215904696	-0.287102312	-0.207846616	-0.182504536	-0.204688182	-0.225946854	-0.225423654	-0.184737669	-0.21580012	-0.225355399	-0.226073413	LumB
5275	-1.371516719	1.563101178	-0.252194661	-0.248656506	-0.237485435	-0.29066859	-0.351657306	3.176402342	-0.278717265	-0.216715518	-0.248482936	-0.246684533	-0.119356096	-0.266819597	-0.026083008	-0.243134111	-0.308270396	-0.464313969	-0.212469259	2.961438281	-0.214387533	-0.215904696	-0.287102312	-0.207846616	-0.182504536	-0.204688182	-0.225946854	-0.225423654	-0.184737669	-0.21580012	-0.225355399	-0.226073413	Her2
5277	-2.508136023	1.536291235	-0.252194661	-0.248656506	-0.237485435	-0.29066859	-0.351657306	3.176402342	-0.278717265	-0.216715518	-0.248482936	-0.246684533	-0.119356096	-0.266819597	-0.026083008	-0.243134111	3.563735876	-0.464313969	-0.212469259	-0.318655606	-0.214387533	-0.215904696	-0.287102312	-0.207846616	-0.182504536	-0.204688182	-0.225946854	-0.225423654	-0.184737669	-0.21580012	-0.225355399	-0.226073413	Normal
5278	-2.474312028	0.949264971	-0.252194661	-0.248656506	3.834389461	-0.29066859	-0.351657306	-0.316610563	2.708159186	-0.216715518	3.282939861	-0.246684533	-0.119356096	-0.266819597	-0.026083008	-0.243134111	6.650917221	-0.464313969	-0.212469259	1.896478735	-0.214387533	-0.215904696	-0.287102312	-0.207846616	4.089494615	3.900090233	-0.225946854	-0.225423654	-0.184737669	-0.21580012	-0.225355399	-0.226073413	Normal
5280	-2.662326044	-0.809625562	-0.252194661	-0.248656506	-0.237485435	-0.29066859	-0.351657306	-0.316610563	-0.278717265	-0.216715518	-0.248482936	-0.246684533	-0.119356096	-0.266819597	-0.026083008	-0.243134111	-0.308270396	-0.464313969	-0.212469259	-0.318655606	-0.214387533	-0.215904696	-0.287102312	-0.207846616	-0.182504536	-0.204688182	-0.225946854	-0.225423654	-0.184737669	-0.21580012	-0.225355399	-0.226073413	Normal
5281	1.140003691	-0.63169533	-0.252194661	-0.248656506	-0.237485435	-0.29066859	-0.351657306	-0.316610563	-0.278717265	-0.216715518	-0.248482936	-0.246684533	-0.119356096	2.818457796	-0.026083008	-0.243134111	-0.308270396	2.176405229	-0.212469259	-0.318655606	-0.214387533	-0.215904696	-0.287102312	-0.207846616	-0.182504536	-0.204688182	-0.225946854	-0.225423654	-0.184737669	3.888978296	-0.225355399	-0.226073413	LumA
5284	-2.596611053	-0.469177717	-0.252194661	-0.248656506	-0.237485435	-0.29066859	-0.351657306	-0.316610563	-0.278717265	-0.216715518	-0.248482936	-0.246684533	-0.119356096	-0.266819597	-0.026083008	-0.243134111	-0.308270396	4.136303719	-4.750775604	-0.318655606	-0.214387533	-0.215904696	-0.287102312	-0.207846616	-0.182504536	-0.204688182	-0.225946854	-0.225423654	-0.184737669	-0.21580012	-0.225355399	-0.226073413	LumA
5287	-2.323524868	-0.175778649	-0.252194661	-0.248656506	-0.237485435	-0.29066859	-0.351657306	-0.316610563	-0.278717265	-0.216715518	-0.248482936	-0.246684533	-0.119356096	-0.266819597	-0.026083008	3.270103434	-0.308270396	-0.464313969	-0.212469259	-0.318655606	-0.214387533	-0.215904696	-0.287102312	-0.207846616	8.852685912	-0.204688182	-0.225946854	-0.225423654	-0.184737669	-0.21580012	-0.225355399	-0.226073413	LumA
5288	-2.215379334	-0.091441548	-0.252194661	-0.248656506	-0.237485435	-0.29066859	-0.351657306	-0.316610563	-0.278717265	-0.216715518	-0.248482936	-0.246684533	-0.119356096	-0.266819597	-0.026083008	3.270103434	-0.308270396	-0.464313969	-0.212469259	-0.318655606	-0.214387533	-0.215904696	-0.287102312	3.962522913	-0.182504536	-0.204688182	4.126112021	-0.225423654	-0.184737669	-0.21580012	-0.225355399	-0.226073413	LumB
5292	2.714578496	-1.706561916	-0.252194661	-0.248656506	-0.237485435	-0.29066859	-0.351657306	-0.316610563	-0.278717265	-0.216715518	-0.248482936	-0.246684533	-0.119356096	-0.266819597	-0.026083008	-0.243134111	-0.308270396	-0.464313969	-0.212469259	-0.318655606	-0.214387533	-0.215904696	-0.287102312	-0.207846616	-0.182504536	-0.204688182	-0.225946854	-0.225423654	-0.184737669	-0.21580012	-0.225355399	4.18262001	LumB
5293	-2.07652023	0.257348844	-0.252194661	-0.248656506	-0.237485435	-0.29066859	-0.351657306	-0.316610563	2.401123692	-0.216715518	3.282939861	-0.246684533	4.219324018	-0.266819597	-0.026083008	5.14075004	-0.308270396	-0.464313969	-0.212469259	2.230272066	-0.214387533	-0.215904696	-0.287102312	-0.207846616	-0.182504536	-0.204688182	-0.225946854	-0.225423654	-0.184737669	-0.21580012	-0.225355399	-0.226073413	LumA
5298	5.804324112	-0.904200871	-0.252194661	-0.248656506	-0.237485435	-0.29066859	-0.351657306	-0.316610563	2.708159186	-0.216715518	-0.248482936	-0.246684533	4.219324018	-0.266819597	-0.026083008	3.270103434	-0.308270396	-0.464313969	4.013698691	3.353165687	-0.214387533	-0.215904696	-0.287102312	-0.207846616	-0.182504536	-0.204688182	-0.225946854	-0.225423654	-0.184737669	-0.21580012	-0.225355399	-0.226073413	Basal
5306	-1.623623958	1.949602159	-0.252194661	-0.248656506	-0.237485435	2.123590616	-0.351657306	-0.316610563	-0.278717265	-0.216715518	-0.248482936	-0.246684533	-0.119356096	-0.266819597	-0.026083008	-0.243134111	-0.308270396	-0.464313969	-0.212469259	-0.318655606	-0.214387533	-0.215904696	-0.287102312	-0.207846616	-0.182504536	-0.204688182	-0.225946854	-0.225423654	-0.184737669	-0.21580012	-0.225355399	-0.226073413	LumA
5312	3.949547453	-1.706561916	-0.252194661	-0.248656506	-0.237485435	-0.29066859	-0.351657306	-0.316610563	-0.278717265	-0.216715518	-0.248482936	-0.246684533	-0.119356096	-0.266819597	-0.026083008	-0.243134111	-0.308270396	-0.464313969	-0.212469259	-0.318655606	-0.214387533	-0.215904696	-0.287102312	-0.207846616	-0.182504536	-0.204688182	-0.225946854	-0.225423654	-0.184737669	-0.21580012	-0.225355399	3.736102011	Her2
5313	-0.149997946	-1.706561916	-0.252194661	-0.248656506	-0.237485435	-0.29066859	-0.351657306	-0.316610563	-0.278717265	-0.216715518	-0.248482936	-0.246684533	-0.119356096	-0.266819597	-0.026083008	-0.243134111	-0.308270396	-0.464313969	-0.212469259	-0.318655606	-0.214387533	-0.215904696	-0.287102312	-0.207846616	-0.182504536	-0.204688182	-0.225946854	-0.225423654	-0.184737669	-0.21580012	-0.225355399	3.736102011	Her2
5315	9.94031436	-1.706561916	-0.252194661	-0.248656506	-0.237485435	-0.29066859	-0.351657306	-0.316610563	-0.278717265	-0.216715518	-0.248482936	-0.246684533	-0.119356096	-0.266819597	-0.026083008	-0.243134111	-0.308270396	-0.464313969	-0.212469259	-0.318655606	4.248107679	-0.215904696	-0.287102312	3.962522913	-0.182504536	-0.204688182	-0.225946854	-0.225423654	-0.184737669	-0.21580012	-0.225355399	-0.226073413	Her2
5322	-1.167968095	-1.376550988	-0.252194661	-0.248656506	-0.237485435	-0.29066859	-0.351657306	-0.316610563	-0.278717265	-0.216715518	-0.248482936	-0.246684533	-0.119356096	-0.266819597	-0.026083008	-0.243134111	-0.308270396	-0.464313969	4.013698691	-0.318655606	3.801473094	-0.215904696	-0.287102312	-0.207846616	-0.182504536	-0.204688182	-0.225946854	-0.225423654	-0.184737669	-0.21580012	3.944902431	-0.226073413	LumA
5327	7.915527542	-0.616018569	-0.252194661	-0.248656506	-0.237485435	-0.29066859	-0.351657306	-0.316610563	-0.278717265	-0.216715518	-0.248482936	-0.246684533	-0.119356096	-0.266819597	-0.026083008	-0.243134111	-0.308270396	1.776663871	-0.212469259	1.896478735	-0.214387533	-0.215904696	-0.287102312	-0.207846616	-0.182504536	-0.204688182	-0.225946854	-0.225423654	-0.184737669	-0.21580012	-0.225355399	-0.226073413	Her2
5329	0.381530154	-2.417397596	-0.252194661	-0.248656506	-0.237485435	-0.29066859	-0.351657306	-0.316610563	-0.278717265	-0.216715518	-0.248482936	-0.246684533	-0.119356096	4.196335733	-0.026083008	-0.243134111	-0.308270396	-0.464313969	-0.212469259	-0.318655606	-0.214387533	-0.215904696	-3.683962262	-0.207846616	-0.182504536	-0.204688182	-0.225946854	-0.225423654	-0.184737669	-0.21580012	-0.225355399	-0.226073413	LumA
5331	-0.609078402	-0.406970512	-0.252194661	-0.248656506	-0.237485435	-0.29066859	-0.351657306	-0.316610563	-0.278717265	-0.216715518	-0.248482936	-0.246684533	-0.119356096	-0.266819597	-0.026083008	-0.243134111	1.657202656	4.129290454	-0.212469259	-0.318655606	-0.214387533	-0.215904696	-0.287102312	-0.207846616	-0.182504536	-0.204688182	-0.225946854	-0.225423654	-0.184737669	-0.21580012	-0.225355399	-0.226073413	LumA
5334	-2.133952802	-1.376550988	-0.252194661	-0.248656506	-0.237485435	-0.29066859	-0.351657306	-0.316610563	-0.278717265	-0.216715518	-0.248482936	-0.246684533	-0.119356096	-0.266819597	-0.026083008	-0.243134111	-0.308270396	-0.464313969	-0.212469259	1.896478735	-0.214387533	-0.215904696	-0.287102312	-0.207846616	-0.182504536	-0.204688182	-0.225946854	-0.225423654	3.825031707	-0.21580012	-0.225355399	-0.226073413	LumA
5335	10.06903338	-1.706561916	-0.252194661	-0.248656506	-0.237485435	-0.29066859	-0.351657306	-0.316610563	-0.278717265	-0.216715518	-0.248482936	-0.246684533	-0.119356096	-0.266819597	-0.026083008	-0.243134111	-0.308270396	-0.464313969	-0.212469259	-0.318655606	-0.214387533	-0.215904696	-0.287102312	-0.207846616	-0.182504536	-0.204688182	3.635236175	-0.225423654	-0.184737669	-0.21580012	-0.225355399	-0.226073413	Basal
5338	4.756296746	-1.706561916	2.749125977	-3.238270432	-0.237485435	-0.29066859	-0.351657306	-0.316610563	-0.278717265	-0.216715518	-0.248482936	-0.246684533	-0.119356096	-0.266819597	-0.026083008	-0.243134111	-0.308270396	-0.464313969	-0.212469259	-0.318655606	4.248107679	-0.215904696	-0.287102312	-0.207846616	-0.182504536	-0.204688182	-0.225946854	-0.225423654	-0.184737669	-0.21580012	-0.225355399	-0.226073413	LumB
5341	-2.662326044	2.76245025	-0.252194661	-0.248656506	-0.237485435	-0.29066859	-0.351657306	-0.316610563	2.401123692	4.121964595	-0.248482936	-0.246684533	-0.119356096	2.818457796	-0.026083008	-0.243134111	-0.308270396	-0.464313969	-0.212469259	-0.318655606	-0.214387533	-0.215904696	-0.287102312	-0.207846616	-0.182504536	-0.204688182	-0.225946854	-0.225423654	-0.184737669	4.129344901	-0.225355399	-0.226073413	LumB
5345	-2.891441091	0.111118946	-0.252194661	-0.248656506	-0.237485435	-0.29066859	-0.351657306	-0.316610563	-0.278717265	-0.216715518	-0.248482936	-0.246684533	-0.119356096	2.408680029	-0.026083008	-0.243134111	3.563735876	-0.464313969	-0.212469259	-0.318655606	-0.214387533	-0.215904696	-0.287102312	-0.207846616	4.089494615	-0.204688182	-0.225946854	-0.225423654	-0.184737669	-0.21580012	-0.225355399	3.736102011	Normal
5351	-0.984027777	-1.376550988	-0.252194661	-0.248656506	-0.237485435	2.123590616	-0.351657306	-0.316610563	-0.278717265	-0.216715518	-0.248482936	-0.246684533	-0.119356096	-0.266819597	-0.026083008	-0.243134111	-0.308270396	-0.464313969	-0.212469259	-0.318655606	-0.214387533	-0.215904696	-0.287102312	-0.207846616	-0.182504536	-0.204688182	-0.225946854	-0.225423654	-0.184737669	-0.21580012	-0.225355399	-0.226073413	Normal
5358	-2.200323767	-1.706561916	2.749125977	-0.248656506	-0.237485435	-0.29066859	-0.351657306	-0.316610563	-0.278717265	-0.216715518	3.667156037	-0.246684533	-0.119356096	-0.266819597	-0.026083008	-0.243134111	-0.308270396	-0.464313969	-0.212469259	-0.318655606	-0.214387533	-0.215904696	-0.287102312	-0.207846616	-0.182504536	-0.204688182	-0.225946854	-0.225423654	-0.184737669	-0.21580012	8.232288805	-0.226073413	LumA
5360	-2.467948451	1.981537666	-0.252194661	-0.248656506	-0.237485435	-0.29066859	-0.351657306	-0.316610563	2.462416534	-0.216715518	-0.248482936	-0.246684533	-0.119356096	-0.266819597	-0.026083008	-0.243134111	-0.308270396	-0.464313969	-0.212469259	-0.318655606	4.248107679	-0.215904696	-0.287102312	-0.207846616	-0.182504536	-0.204688182	-0.225946854	-0.225423654	-0.184737669	-0.21580012	-0.225355399	-0.226073413	LumA
5361	-0.115354249	-0.946029497	-0.252194661	-0.248656506	-0.237485435	-0.29066859	-0.351657306	-0.316610563	-0.278717265	-0.216715518	-0.248482936	-0.246684533	-0.119356096	-0.266819597	-0.026083008	-0.243134111	-0.308270396	-0.464313969	-0.212469259	-0.318655606	-0.214387533	-0.215904696	-0.287102312	-0.207846616	-0.182504536	-0.204688182	-0.225946854	-0.225423654	-0.184737669	-0.21580012	-0.225355399	3.736102011	LumA
5364	-2.662326044	-1.376550988	-0.252194661	-0.248656506	-0.237485435	-0.29066859	-0.351657306	-0.316610563	-0.278717265	-0.216715518	-0.248482936	-0.246684533	-0.119356096	-0.266819597	-0.026083008	-0.243134111	-0.308270396	-0.464313969	-0.212469259	-0.318655606	-0.214387533	-0.215904696	-0.287102312	-0.207846616	-0.182504536	-0.204688182	-0.225946854	-0.225423654	-0.184737669	3.888978296	-0.225355399	-0.226073413	Normal
5366	1.466240758	-1.376550988	-0.252194661	3.626355251	-0.237485435	-0.29066859	-0.351657306	-0.316610563	-0.278717265	-0.216715518	-0.248482936	-0.246684533	-0.119356096	-0.266819597	-0.026083008	-0.243134111	-0.308270396	-0.464313969	-0.212469259	-0.318655606	-0.214387533	4.129240324	-0.287102312	-0.207846616	-0.182504536	-0.204688182	-0.225946854	-0.225423654	-0.184737669	-0.21580012	-0.225355399	-0.226073413	Her2
5381	-0.105625027	-1.376550988	-0.252194661	-0.248656506	-0.237485435	-0.29066859	-0.351657306	-0.316610563	-0.278717265	-0.216715518	-0.248482936	-0.246684533	-0.119356096	2.818457796	-0.026083008	3.270103434	-0.308270396	3.736562361	4.325837086	-0.318655606	-0.214387533	-0.215904696	5.894969631	-0.207846616	-0.182504536	-0.204688182	-0.225946854	-0.225423654	-0.184737669	-0.21580012	-0.225355399	-0.226073413	Her2
5396	-1.643337102	1.604413895	-0.252194661	-0.248656506	-0.237485435	-0.29066859	-0.351657306	-0.316610563	-0.278717265	-0.216715518	-0.248482936	-0.246684533	-0.119356096	-0.266819597	3.763070347	-0.243134111	0.738645226	-0.464313969	-0.212469259	-0.318655606	-0.214387533	-0.215904696	-0.287102312	-0.207846616	-0.182504536	-0.204688182	-0.225946854	-0.225423654	-0.184737669	-0.21580012	-0.225355399	-0.226073413	LumB
5399	-2.667002087	0.93055161	-0.252194661	-0.248656506	-0.237485435	2.842891314	-0.351657306	-0.316610563	-0.278717265	-0.216715518	-0.248482936	-0.246684533	-0.119356096	2.408680029	-0.026083008	-0.243134111	-0.308270396	-0.464313969	-0.212469259	-0.318655606	4.248107679	-0.215904696	2.498109681	-0.207846616	-0.182504536	-0.204688182	-0.225946854	-0.225423654	-0.184737669	-0.21580012	-0.225355399	3.736102011	LumA
5402	-2.345229725	2.009597143	-0.252194661	-0.248656506	-0.237485435	-0.29066859	-0.351657306	2.553269008	2.708159186	-0.216715518	3.667156037	-0.246684533	4.219324018	-0.266819597	-0.026083008	-0.243134111	-0.308270396	-0.464313969	-0.212469259	-0.318655606	8.263968306	-0.215904696	-0.287102312	-0.207846616	-0.182504536	-0.204688182	-0.225946854	-0.225423654	-0.184737669	-0.21580012	-0.225355399	-0.226073413	LumA
5410	-2.181800096	6.569704011	-0.252194661	-0.248656506	-0.237485435	-0.29066859	-0.351657306	-0.316610563	2.708159186	-0.216715518	-0.248482936	3.812521364	-0.119356096	-0.266819597	-0.026083008	-0.243134111	1.533509197	-0.464313969	-0.212469259	-0.318655606	-0.214387533	-0.215904696	-0.287102312	-0.207846616	-0.182504536	-0.204688182	-0.225946854	-0.225423654	-0.184737669	-0.21580012	-0.225355399	3.736102011	LumA
5425	-2.499724831	-0.682809933	-0.252194661	-0.248656506	-0.237485435	-0.29066859	-0.351657306	-0.316610563	-0.278717265	-0.216715518	-0.248482936	-0.246684533	-0.119356096	-0.266819597	-0.026083008	-0.243134111	-0.308270396	-0.464313969	-0.212469259	-0.318655606	-0.214387533	-0.215904696	-0.287102312	-0.207846616	-0.182504536	-0.204688182	3.635236175	-0.225423654	-0.184737669	-0.21580012	-0.225355399	-0.226073413	LumA
5427	6.242112476	-0.169198157	-0.252194661	-0.248656506	-0.237485435	-0.29066859	-0.351657306	-0.316610563	-0.278717265	-0.216715518	3.718555099	-0.246684533	-0.119356096	-0.266819597	-0.026083008	-0.243134111	3.563735876	-0.464313969	-0.212469259	-0.318655606	-0.214387533	-0.215904696	-0.287102312	-0.207846616	-0.182504536	-0.204688182	-0.225946854	-0.225423654	-0.184737669	-0.21580012	-0.225355399	-0.226073413	Basal
5428	-2.35148938	-1.06660812	-0.252194661	-0.248656506	-0.237485435	-0.29066859	-0.351657306	-0.316610563	-0.278717265	-0.216715518	-0.248482936	-0.246684533	-0.119356096	-0.266819597	-0.026083008	-0.243134111	5.529208929	-0.464313969	-0.212469259	-0.318655606	-0.214387533	-0.215904696	-0.287102312	-0.207846616	-0.182504536	-0.204688182	-0.225946854	-0.225423654	-0.184737669	-0.21580012	-0.225355399	-0.226073413	LumA
5433	-2.25945754	0.803120766	-0.252194661	-0.248656506	-0.237485435	-0.29066859	-0.351657306	-0.316610563	2.401123692	-0.216715518	-0.248482936	3.812521364	-0.119356096	-0.266819597	-0.026083008	-0.243134111	-0.308270396	3.448469747	-0.212469259	-0.318655606	-0.214387533	-0.215904696	-0.287102312	-0.207846616	-0.182504536	-0.204688182	-0.225946854	-0.225423654	-0.184737669	-0.21580012	-0.225355399	-0.226073413	LumA
5442	5.98692407	-0.20000524	-0.252194661	-0.248656506	-0.237485435	2.842891314	-0.351657306	-0.316610563	-2.077158939	-0.216715518	-0.248482936	-0.246684533	4.219324018	-0.266819597	-0.026083008	-0.243134111	-0.308270396	-0.464313969	-0.212469259	-0.318655606	-0.214387533	-0.215904696	-0.287102312	-0.207846616	-0.182504536	-0.204688182	-0.225946854	-0.225423654	-0.184737669	-0.21580012	-0.225355399	-0.226073413	Basal
5491	-1.890394252	4.381346732	-0.252194661	-0.248656506	-0.237485435	-0.29066859	-0.351657306	2.553269008	-0.278717265	-0.216715518	1.338876272	-0.246684533	-0.119356096	-0.266819597	-0.026083008	-0.243134111	-0.308270396	-0.464313969	-0.212469259	-0.318655606	3.801473094	-0.215904696	-0.287102312	-0.207846616	-0.182504536	-0.204688182	-0.225946854	-0.225423654	-0.184737669	-0.21580012	-0.225355399	-0.226073413	LumB
5493	0.589300309	-0.97016434	-0.252194661	-0.248656506	-0.237485435	2.123590616	-0.351657306	-0.316610563	2.462416534	-0.216715518	5.254515245	-0.246684533	-0.119356096	-0.266819597	-0.026083008	-0.243134111	-0.308270396	1.776663871	-0.212469259	-0.318655606	-0.214387533	-0.215904696	-0.287102312	-0.207846616	-0.182504536	-0.204688182	-0.225946854	-0.225423654	-0.184737669	-0.21580012	-0.225355399	-0.226073413	LumB
5495	-2.662326044	0.29169696	-0.252194661	2.74095742	-0.237485435	3.266114292	-0.351657306	-0.316610563	-0.278717265	-0.216715518	-0.248482936	-0.246684533	-0.119356096	-0.266819597	-0.026083008	-0.243134111	-0.308270396	1.776663871	-0.212469259	-0.318655606	-0.214387533	-0.215904696	-0.287102312	-0.207846616	-0.182504536	-0.204688182	-0.225946854	-0.225423654	-0.184737669	-0.21580012	-0.225355399	-0.226073413	LumA
5498	2.044924971	-1.376550988	-0.252194661	-0.248656506	-0.237485435	-0.29066859	-0.351657306	-0.316610563	-0.278717265	-0.216715518	-0.248482936	-0.246684533	-0.119356096	-0.266819597	-0.026083008	-0.243134111	1.533509197	-0.464313969	-0.212469259	-0.318655606	-0.214387533	-0.215904696	5.79629775	-0.207846616	-0.182504536	-0.204688182	-0.225946854	-0.225423654	-0.184737669	-0.21580012	-0.225355399	-0.226073413	Her2
5513	1.582825151	-1.706561916	-0.252194661	-0.248656506	-0.237485435	-0.29066859	-0.351657306	-0.316610563	-0.278717265	4.121964595	3.718555099	-0.246684533	-0.119356096	-0.266819597	-0.026083008	-0.243134111	-0.308270396	-0.464313969	-0.212469259	-0.318655606	-0.214387533	-0.215904696	-0.287102312	-0.207846616	-0.182504536	-0.204688182	-0.225946854	-0.225423654	-0.184737669	-0.21580012	-0.225355399	3.736102011	Basal
5519	-2.90746203	-1.376550988	-0.252194661	-0.248656506	-0.237485435	-0.29066859	-0.351657306	-0.316610563	-0.278717265	-0.216715518	-0.248482936	-0.246684533	-0.119356096	-0.266819597	-0.026083008	-0.243134111	-0.308270396	-0.464313969	-0.212469259	-0.318655606	-0.214387533	-0.215904696	2.498109681	-0.207846616	-0.182504536	-0.204688182	-0.225946854	-0.225423654	-0.184737669	-0.21580012	-0.225355399	-0.226073413	LumA
5530	-1.724291932	-0.752558742	-0.252194661	-0.248656506	-0.237485435	-0.29066859	-0.351657306	-0.316610563	-0.278717265	4.067652388	-0.248482936	-0.246684533	-0.119356096	-0.266819597	-0.026083008	-0.243134111	1.533509197	-0.464313969	-0.212469259	-0.318655606	-0.214387533	-0.215904696	-0.287102312	-0.207846616	-0.182504536	-0.204688182	-0.225946854	-0.225423654	-0.184737669	-0.21580012	-0.225355399	-0.226073413	Basal
5533	-2.584263389	-0.836312351	-0.252194661	-0.248656506	-0.237485435	-0.29066859	-0.351657306	-0.316610563	-0.278717265	-0.216715518	-0.248482936	-0.246684533	-0.119356096	-0.266819597	-0.026083008	-0.243134111	-0.308270396	-0.464313969	-0.212469259	-0.318655606	-0.214387533	-0.215904696	-0.287102312	-0.207846616	-0.182504536	-0.204688182	-0.225946854	-0.225423654	-0.184737669	-0.21580012	3.944902431	3.736102011	Normal
5543	-0.283368664	-1.706561916	-0.252194661	-0.248656506	-0.237485435	-0.29066859	-0.351657306	-0.316610563	-0.278717265	-0.216715518	-0.248482936	-0.246684533	-0.119356096	-0.266819597	-0.026083008	-0.243134111	-0.308270396	-0.464313969	-0.212469259	-0.318655606	-0.214387533	-0.215904696	-0.287102312	-0.207846616	-0.182504536	-0.204688182	-0.225946854	-0.225423654	-0.184737669	4.129344901	-0.225355399	-0.226073413	LumA
5558	3.411294286	-1.706561916	-0.252194661	-0.248656506	-0.237485435	-0.29066859	-0.351657306	-0.316610563	-0.278717265	-0.216715518	-0.248482936	-0.246684533	-0.119356096	-2.942319222	-0.026083008	-0.243134111	-0.308270396	-0.464313969	-0.212469259	-0.318655606	-0.214387533	-0.215904696	-0.287102312	-0.207846616	-0.182504536	-0.204688182	-0.225946854	-0.225423654	-0.184737669	-0.21580012	-0.225355399	-0.226073413	Basal
5559	1.470221205	-1.706561916	-0.252194661	-0.248656506	-0.237485435	-0.29066859	-0.351657306	-0.316610563	-0.278717265	-0.216715518	-0.248482936	-0.246684533	-0.119356096	-0.266819597	-0.026083008	-0.243134111	-0.308270396	-0.464313969	-0.212469259	3.353165687	-0.214387533	-0.215904696	-0.287102312	-0.207846616	-0.182504536	-0.204688182	-0.225946854	-0.225423654	-0.184737669	-0.21580012	-0.225355399	-0.226073413	Basal
5563	-2.492500777	-1.376550988	-0.252194661	-0.248656506	-0.237485435	-0.29066859	-0.351657306	-0.316610563	-0.278717265	-0.216715518	-0.248482936	-0.246684533	-0.119356096	-0.266819597	-0.026083008	-0.243134111	-0.308270396	-0.464313969	-0.212469259	-0.318655606	-0.214387533	-0.215904696	-0.287102312	-0.207846616	-0.182504536	-0.204688182	-0.225946854	-0.225423654	-0.184737669	-0.21580012	-0.225355399	-0.226073413	LumA
5567	-2.446781059	-0.242387081	-0.252194661	-0.248656506	-0.237485435	-0.29066859	-0.351657306	-0.316610563	-0.278717265	-0.216715518	-0.248482936	-0.246684533	-0.119356096	-0.266819597	-0.026083008	-0.243134111	-0.308270396	-0.464313969	-0.212469259	-0.318655606	-0.214387533	-0.215904696	-0.287102312	-0.207846616	-0.182504536	-0.204688182	-0.225946854	-0.225423654	-0.184737669	-0.21580012	-0.225355399	-0.226073413	LumA
5580	-2.413621443	2.926839822	-0.252194661	-0.248656506	-0.237485435	-0.29066859	-0.351657306	-0.316610563	-0.278717265	-0.216715518	-0.248482936	-0.246684533	-0.119356096	-0.266819597	-0.026083008	-0.243134111	-0.308270396	-0.464313969	-0.212469259	-0.318655606	-0.214387533	-0.215904696	-0.287102312	-0.207846616	-0.182504536	-0.204688182	-0.225946854	-0.225423654	-0.184737669	-0.21580012	-0.225355399	-0.226073413	LumA
5582	-2.457687457	-0.569022751	-0.252194661	-0.248656506	-0.237485435	-0.29066859	-0.351657306	-0.316610563	-0.278717265	-0.216715518	-0.248482936	-0.246684533	-0.119356096	-0.266819597	-0.026083008	-0.243134111	6.650917221	-0.464313969	-0.212469259	-0.318655606	-0.214387533	-0.215904696	-0.287102312	-0.207846616	-0.182504536	4.263932627	-0.225946854	-0.225423654	-0.184737669	-0.21580012	-0.225355399	-0.226073413	LumA
5584	0.294885789	-1.376550988	-0.252194661	-0.248656506	-0.237485435	-0.29066859	-0.351657306	-0.316610563	-0.278717265	-0.216715518	-0.248482936	-0.246684533	-0.119356096	-0.266819597	-0.026083008	-0.243134111	-0.308270396	-0.464313969	-0.212469259	-0.318655606	-0.214387533	-0.215904696	-0.287102312	-0.207846616	-0.182504536	-0.204688182	-0.225946854	-0.225423654	-0.184737669	-0.21580012	-0.225355399	-0.226073413	Her2
5592	-2.116477387	-1.210327533	-0.252194661	-0.248656506	-0.237485435	-0.29066859	-0.351657306	-0.316610563	-0.278717265	-0.216715518	-0.248482936	-0.246684533	-0.119356096	4.196335733	-0.026083008	-0.243134111	-0.308270396	-0.464313969	-0.212469259	-0.318655606	-0.214387533	-0.215904696	-0.287102312	-0.207846616	-0.182504536	-0.204688182	-0.225946854	-0.225423654	-0.184737669	-0.21580012	-0.225355399	-0.226073413	LumB
5593	7.90411468	-0.015891692	-0.252194661	-0.248656506	-0.237485435	-0.29066859	-0.351657306	-0.316610563	-0.278717265	-0.216715518	-0.248482936	-0.246684533	-0.119356096	-0.266819597	-0.026083008	-0.243134111	-0.308270396	-0.464313969	-0.212469259	-0.318655606	-0.214387533	-0.215904696	-0.287102312	-0.207846616	-0.182504536	-0.204688182	-0.225946854	-0.225423654	-0.184737669	-0.21580012	-0.225355399	-0.226073413	Her2
5596	-2.457687457	4.065487979	-0.252194661	-0.248656506	-0.237485435	-0.29066859	-0.351657306	-0.316610563	-0.278717265	-0.216715518	-0.248482936	-0.246684533	-0.119356096	-0.266819597	-0.026083008	-0.243134111	-0.308270396	-0.464313969	-0.212469259	-0.318655606	-0.214387533	-0.215904696	-0.287102312	-0.207846616	4.089494615	-0.204688182	-0.225946854	-0.225423654	-0.184737669	-0.21580012	-0.225355399	-0.226073413	LumA
5603	-2.662326044	-1.376550988	-0.252194661	-0.248656506	-0.237485435	-0.29066859	-0.351657306	-0.316610563	2.708159186	-0.216715518	-0.248482936	-0.246684533	-0.119356096	-0.266819597	-0.026083008	-0.243134111	-0.308270396	-0.464313969	-0.212469259	-0.318655606	-0.214387533	4.129240324	-0.287102312	-0.207846616	-0.182504536	-0.204688182	-0.225946854	-0.225423654	-0.184737669	-0.21580012	-0.225355399	-0.226073413	LumA
5605	-1.910811519	3.018407537	-0.252194661	-0.248656506	-0.237485435	-0.29066859	1.459868307	-0.316610563	-0.278717265	-0.216715518	-0.248482936	-0.246684533	-0.119356096	-0.266819597	-0.026083008	-0.243134111	-0.308270396	-0.464313969	-0.212469259	-0.318655606	-0.214387533	-0.215904696	-0.287102312	-0.207846616	-0.182504536	-0.204688182	-0.225946854	-0.225423654	-0.184737669	-0.21580012	-0.225355399	-0.226073413	LumB
5620	-0.738246061	1.0601791	-0.252194661	-0.248656506	-0.237485435	-0.29066859	-0.351657306	-0.316610563	-0.278717265	-0.216715518	-0.248482936	-0.246684533	-0.119356096	-0.266819597	-0.026083008	-0.243134111	-0.308270396	-0.464313969	-0.212469259	-0.318655606	-0.214387533	-0.215904696	-0.287102312	-0.207846616	-0.182504536	4.263932627	-0.225946854	-0.225423654	-0.184737669	-0.21580012	-0.225355399	-0.226073413	LumA
5634	3.356568131	-1.376550988	-0.252194661	-0.248656506	-0.237485435	-0.29066859	-0.351657306	-0.316610563	-0.278717265	-0.216715518	-0.248482936	-0.246684533	-0.119356096	-0.266819597	-0.026083008	-0.243134111	-0.308270396	-0.464313969	-0.212469259	-0.318655606	-0.214387533	-0.215904696	-0.287102312	-0.207846616	-0.182504536	4.263932627	-0.225946854	-0.225423654	-0.184737669	-0.21580012	-0.225355399	-0.226073413	Basal
5640	-2.058910004	3.586698196	-0.252194661	-0.248656506	-0.237485435	-0.29066859	-0.351657306	-0.316610563	-0.278717265	-0.216715518	-0.248482936	-0.246684533	-0.119356096	-0.266819597	-0.026083008	-0.243134111	-0.308270396	-0.464313969	-0.212469259	-0.318655606	-0.214387533	-0.215904696	-0.287102312	-0.207846616	-0.182504536	-0.204688182	-0.225946854	-0.225423654	-0.184737669	-0.21580012	-0.225355399	-0.226073413	Normal
5641	-1.576882709	-1.376550988	-0.252194661	-0.248656506	-0.237485435	-0.29066859	2.889688466	2.375855281	-0.278717265	-0.216715518	-0.248482936	-0.246684533	-0.119356096	-0.266819597	-0.026083008	-0.243134111	-0.308270396	-0.464313969	-0.212469259	-0.318655606	-0.214387533	-0.215904696	-0.287102312	-0.207846616	-0.182504536	-0.204688182	-0.225946854	-0.225423654	-0.184737669	-0.21580012	-0.225355399	-0.226073413	LumB
5642	-2.468800887	2.536854754	-0.252194661	-0.248656506	-0.237485435	-0.29066859	-0.351657306	-0.316610563	-0.278717265	-0.216715518	-0.248482936	-0.246684533	-0.119356096	-0.266819597	-0.026083008	-0.243134111	-0.308270396	4.180486211	-0.212469259	-0.318655606	-0.214387533	-0.215904696	-0.287102312	4.561689904	-0.182504536	-0.204688182	4.126112021	-0.225423654	-0.184737669	-0.21580012	-0.225355399	4.18262001	LumA
5646	-1.608081388	2.298146548	-0.252194661	-3.238270432	-0.237485435	-0.29066859	-0.351657306	-0.316610563	-0.278717265	-0.216715518	-0.248482936	-0.246684533	-0.119356096	-0.266819597	-0.026083008	-0.243134111	-0.308270396	-0.464313969	-0.212469259	-0.318655606	-0.214387533	-0.215904696	-0.287102312	-0.207846616	-0.182504536	-0.204688182	-0.225946854	-0.225423654	-0.184737669	-0.21580012	-0.225355399	-0.226073413	LumB
5656	-1.993414929	-0.537295858	-0.252194661	-0.248656506	-0.237485435	-0.29066859	-0.351657306	-0.316610563	-0.278717265	-0.216715518	-0.248482936	-0.246684533	-0.119356096	-0.266819597	-0.026083008	-0.243134111	1.533509197	-0.464313969	-0.212469259	-0.318655606	3.801473094	-0.215904696	-0.287102312	-0.207846616	-0.182504536	-0.204688182	-0.225946854	-0.225423654	-0.184737669	-0.21580012	-0.225355399	-0.226073413	Normal
6007	-1.750445779	-0.535262796	-0.252194661	-0.248656506	-0.237485435	-0.29066859	-0.351657306	-0.316610563	-0.278717265	-0.216715518	-0.248482936	-0.246684533	-0.119356096	-0.266819597	-0.026083008	-0.243134111	-0.308270396	-0.464313969	-0.212469259	-0.318655606	-0.214387533	-0.215904696	-0.287102312	-0.207846616	-0.182504536	-0.204688182	-0.225946854	-0.225423654	-0.184737669	-0.21580012	-0.225355399	3.736102011	Her2
6008	-2.662326044	3.04564889	-0.252194661	-0.248656506	-0.237485435	5.18413116	-0.351657306	-0.316610563	2.708159186	-0.216715518	-0.248482936	-0.246684533	-0.119356096	-0.266819597	-0.026083008	-0.243134111	-0.308270396	1.495584521	-0.212469259	-0.318655606	-0.214387533	-0.215904696	-0.287102312	-0.207846616	-0.182504536	-0.204688182	3.635236175	-0.225423654	-0.184737669	-0.21580012	-0.225355399	-0.226073413	LumB
6010	-0.728629394	-1.376550988	-0.252194661	-0.248656506	-0.237485435	-0.29066859	1.459868307	-0.316610563	-0.278717265	-0.216715518	-0.248482936	-0.246684533	-0.119356096	-0.266819597	-0.026083008	-0.243134111	-0.308270396	-0.464313969	4.013698691	2.961438281	-0.214387533	-0.215904696	2.498109681	-0.207846616	-0.182504536	-0.204688182	-0.225946854	-0.225423654	-0.184737669	-0.21580012	-0.225355399	-0.226073413	LumB
6011	-2.728459448	8.162028945	-0.252194661	-0.248656506	-0.237485435	2.769871954	-0.351657306	-0.316610563	-0.278717265	-0.216715518	-0.248482936	-0.246684533	-0.119356096	-0.266819597	-0.026083008	-0.243134111	-0.308270396	4.136303719	-0.212469259	-0.318655606	-0.214387533	-0.215904696	-0.287102312	-0.207846616	-0.182504536	-0.204688182	-0.225946854	-0.225423654	-0.184737669	4.129344901	-0.225355399	-0.226073413	LumB
6012	-1.831735491	17.01010256	3.327534539	-0.248656506	-0.237485435	-0.29066859	-0.351657306	2.375855281	2.708159186	-0.216715518	-0.248482936	-0.246684533	-0.119356096	-0.266819597	-0.026083008	-0.243134111	-0.308270396	-0.464313969	-0.212469259	2.961438281	-0.214387533	-0.215904696	-0.287102312	-0.207846616	-0.182504536	-0.204688182	-0.225946854	-0.225423654	-0.184737669	-0.21580012	-0.225355399	-0.226073413	LumA
6018	-2.662326044	-1.227005966	-0.252194661	-0.248656506	-0.237485435	-0.29066859	-0.351657306	-0.316610563	-0.278717265	-0.216715518	-0.248482936	-0.246684533	-0.119356096	-0.266819597	-0.026083008	-0.243134111	-0.308270396	-0.464313969	-0.212469259	-0.318655606	-0.214387533	-0.215904696	-0.287102312	-0.207846616	-0.182504536	-0.204688182	-0.225946854	-0.225423654	-0.184737669	-0.21580012	-0.225355399	-0.226073413	LumA
6019	-0.568296599	-1.031161999	-0.252194661	-0.248656506	-0.237485435	5.903431859	-0.351657306	-0.316610563	2.690618033	-0.216715518	-0.248482936	-0.246684533	-0.119356096	-0.266819597	-0.026083008	-0.243134111	-0.308270396	-0.464313969	4.325837086	-0.318655606	-0.214387533	-0.215904696	-0.287102312	3.962522913	-0.182504536	-0.204688182	-0.225946854	-0.225423654	-0.184737669	-0.21580012	-0.225355399	-0.226073413	Normal
6023	-2.394016812	-0.227963242	-0.252194661	-0.248656506	-0.237485435	-0.29066859	-0.351657306	-0.316610563	-0.278717265	-0.216715518	-0.248482936	-0.246684533	-0.119356096	-0.266819597	-0.026083008	-0.243134111	-0.308270396	-0.464313969	-0.212469259	-0.318655606	-0.214387533	-0.215904696	-0.287102312	-0.207846616	-0.182504536	-0.204688182	-0.225946854	-0.225423654	-0.184737669	-0.21580012	-0.225355399	-0.226073413	Normal
6024	-2.662326044	0.50748974	-0.252194661	-0.248656506	-0.237485435	-0.29066859	-0.351657306	-0.316610563	-0.278717265	-0.216715518	-0.248482936	-0.246684533	-0.119356096	-0.266819597	-0.026083008	-0.243134111	2.778910949	-0.464313969	-0.212469259	-0.318655606	-0.214387533	-0.215904696	-0.287102312	-0.207846616	-0.182504536	-0.204688182	-0.225946854	-0.225423654	-0.184737669	-0.21580012	-0.225355399	-0.226073413	LumA
6026	1.061128048	-0.216242962	-0.252194661	-0.248656506	-0.237485435	-0.29066859	-0.351657306	-0.316610563	-0.278717265	-0.216715518	-0.248482936	-0.246684533	-0.119356096	-0.266819597	-0.026083008	-0.243134111	-0.308270396	-0.464313969	-0.212469259	-0.318655606	-0.214387533	-0.215904696	3.109757638	-0.207846616	-0.182504536	-0.204688182	-0.225946854	-0.225423654	-0.184737669	-0.21580012	-0.225355399	-0.226073413	LumB
6030	-2.662326044	-0.548828407	-0.252194661	-0.248656506	-0.237485435	-0.29066859	-0.351657306	-0.316610563	-0.278717265	-0.216715518	-0.248482936	-0.246684533	-0.119356096	-0.266819597	-0.026083008	-0.243134111	-0.308270396	2.176405229	-0.212469259	-0.318655606	-0.214387533	-0.215904696	-0.287102312	-0.207846616	-0.182504536	-0.204688182	-0.225946854	-0.225423654	-0.184737669	-0.21580012	-0.225355399	4.18262001	LumA
6039	-0.290168542	-1.376550988	-0.252194661	-0.248656506	-0.237485435	-0.29066859	-0.351657306	-0.316610563	-0.278717265	-0.216715518	-0.248482936	3.812521364	-0.119356096	-0.266819597	-0.026083008	-0.243134111	-0.308270396	-0.464313969	-0.212469259	-0.318655606	-0.214387533	-0.215904696	-0.287102312	3.962522913	-0.182504536	-0.204688182	-0.225946854	-0.225423654	-0.184737669	-0.21580012	-0.225355399	-0.226073413	Her2
6042	-2.662326044	0.272265442	-0.252194661	-0.248656506	-0.237485435	-0.29066859	-0.351657306	-0.316610563	-0.278717265	-0.216715518	-0.248482936	-0.246684533	-0.119356096	-0.266819597	-0.026083008	-0.243134111	-0.308270396	-0.464313969	-0.212469259	-0.318655606	-0.214387533	-0.215904696	-0.287102312	-0.207846616	-0.182504536	-0.204688182	-0.225946854	-0.225423654	-0.184737669	-0.21580012	-0.225355399	-0.226073413	Normal
6044	1.641232858	-0.122259252	2.749125977	-0.248656506	-0.237485435	-0.29066859	-0.351657306	-0.316610563	-2.958558223	-0.216715518	-0.248482936	3.637583228	-0.119356096	-0.266819597	-0.026083008	-0.243134111	-0.308270396	1.495584521	-0.212469259	-0.318655606	-0.214387533	-0.215904696	-0.287102312	-0.207846616	4.580686761	-0.204688182	-0.225946854	-0.225423654	3.825031707	-0.21580012	-0.225355399	-0.226073413	Her2
6047	-0.503083481	-1.706561916	-0.252194661	-0.248656506	-0.237485435	-0.29066859	-0.351657306	-0.316610563	-0.278717265	-0.216715518	-0.248482936	-0.246684533	-0.119356096	-0.266819597	-0.026083008	-0.243134111	-0.308270396	-0.464313969	-0.212469259	-0.318655606	-0.214387533	-0.215904696	-0.287102312	-0.207846616	-0.182504536	3.900090233	-0.225946854	-0.225423654	-0.184737669	-0.21580012	-0.225355399	-0.226073413	Her2
6048	-0.618866313	-1.376550988	-0.252194661	-0.248656506	-0.237485435	-0.29066859	-0.351657306	-0.316610563	-0.278717265	-0.216715518	-0.248482936	-0.246684533	-0.119356096	-0.266819597	-0.026083008	-0.243134111	-0.308270396	-0.464313969	-0.212469259	-0.318655606	-0.214387533	-0.215904696	-0.287102312	-0.207846616	-0.182504536	-0.204688182	-0.225946854	-0.225423654	-0.184737669	-0.21580012	-0.225355399	-0.226073413	Her2
6049	0.241599996	-0.874515524	-0.252194661	-0.248656506	-0.237485435	-0.29066859	-0.351657306	-0.316610563	-0.278717265	-0.216715518	-0.248482936	-0.246684533	-0.119356096	2.818457796	-0.026083008	-0.243134111	-0.308270396	-0.464313969	4.013698691	-0.318655606	-0.214387533	-0.215904696	-0.287102312	-0.207846616	-0.182504536	-0.204688182	-0.225946854	-0.225423654	-0.184737669	-0.21580012	-0.225355399	-0.226073413	Her2
6050	-2.355033701	2.167323274	-0.252194661	-0.248656506	-0.237485435	-0.29066859	-0.351657306	-0.316610563	-0.278717265	-0.216715518	-0.248482936	-0.246684533	-0.119356096	-0.266819597	-0.026083008	-0.243134111	0.738645226	-0.464313969	-0.212469259	-0.318655606	-0.214387533	-0.215904696	-0.287102312	-0.207846616	-0.182504536	-0.204688182	-0.225946854	-0.225423654	-0.184737669	-0.21580012	-0.225355399	-0.226073413	LumA
6053	-2.55494894	-0.261124336	-0.252194661	-0.248656506	-0.237485435	-0.29066859	-0.351657306	-0.316610563	2.690618033	-0.216715518	-0.248482936	-0.246684533	-0.119356096	-0.266819597	-0.026083008	-0.243134111	-0.308270396	-0.464313969	-0.212469259	-0.318655606	-0.214387533	-0.215904696	-0.287102312	-0.207846616	-0.182504536	-0.204688182	-0.225946854	-0.225423654	-0.184737669	-0.21580012	-0.225355399	-0.226073413	LumB
6058	4.104995239	-0.995726235	-0.252194661	-0.248656506	-0.237485435	-0.29066859	-0.351657306	-0.316610563	-0.278717265	-0.216715518	-0.248482936	-0.246684533	-0.119356096	2.408680029	-0.026083008	-0.243134111	-0.308270396	-0.464313969	-0.212469259	-0.318655606	-0.214387533	-0.215904696	-0.287102312	4.561689904	-0.182504536	-0.204688182	-0.225946854	-0.225423654	-0.184737669	-0.21580012	-0.225355399	-0.226073413	Basal
6059	-1.601653716	-1.376550988	-0.252194661	-0.248656506	-0.237485435	-0.29066859	-0.351657306	-0.316610563	-0.278717265	-0.216715518	-0.248482936	-0.246684533	-0.119356096	-0.266819597	-0.026083008	-0.243134111	-0.308270396	1.776663871	-0.212469259	-0.318655606	-0.214387533	-0.215904696	-0.287102312	-0.207846616	-0.182504536	-0.204688182	-0.225946854	-0.225423654	-0.184737669	-0.21580012	-0.225355399	-0.226073413	Normal
6060	1.649362889	-1.284313684	-0.252194661	-0.248656506	-0.237485435	-0.29066859	-0.351657306	-0.316610563	-0.278717265	-0.216715518	-0.248482936	-0.246684533	-0.119356096	-0.266819597	-0.026083008	-0.243134111	-0.308270396	-0.464313969	-0.212469259	-0.318655606	-0.214387533	-0.215904696	-0.287102312	-0.207846616	-0.182504536	-0.204688182	-0.225946854	-0.225423654	-0.184737669	-0.21580012	-0.225355399	-0.226073413	LumB
6063	7.332859641	-1.706561916	-0.252194661	-0.248656506	-0.237485435	-0.29066859	-0.351657306	-0.316610563	-0.278717265	-0.216715518	5.254515245	-0.246684533	-0.119356096	-0.266819597	-3.663379828	-0.243134111	-0.308270396	-0.464313969	-0.212469259	-0.318655606	-0.214387533	-0.215904696	5.79629775	3.962522913	-0.182504536	3.900090233	-0.225946854	4.400113964	-0.184737669	-0.21580012	-0.225355399	3.736102011	Normal
6065	-2.145374468	2.289968433	-0.252194661	-0.248656506	-0.237485435	-0.29066859	-0.351657306	-0.316610563	-0.278717265	-0.216715518	-0.248482936	-0.246684533	-0.119356096	-0.266819597	-0.026083008	-0.243134111	-0.308270396	-0.464313969	-0.212469259	-0.318655606	-0.214387533	-0.215904696	-0.287102312	-0.207846616	-0.182504536	-0.204688182	-0.225946854	-0.225423654	-0.184737669	-0.21580012	3.944902431	-0.226073413	LumA
6068	0.111310627	-1.376550988	-0.252194661	-0.248656506	-0.237485435	-0.29066859	-0.351657306	-0.316610563	-0.278717265	-0.216715518	-0.248482936	-0.246684533	-0.119356096	-0.266819597	-0.026083008	-0.243134111	-0.308270396	-0.464313969	-0.212469259	-0.318655606	-0.214387533	-0.215904696	-0.287102312	-0.207846616	-0.182504536	-0.204688182	-0.225946854	-0.225423654	-0.184737669	-0.21580012	-0.225355399	-0.226073413	Basal
6069	-2.393486297	-1.376550988	-0.252194661	-0.248656506	-0.237485435	-0.29066859	-0.351657306	-0.316610563	-0.278717265	-0.216715518	-0.248482936	-0.246684533	-0.119356096	-0.266819597	-0.026083008	-0.243134111	-0.308270396	1.488571256	-0.212469259	-0.318655606	-0.214387533	-0.215904696	-0.287102312	-0.207846616	-0.182504536	-0.204688182	-0.225946854	-0.225423654	-0.184737669	-0.21580012	-0.225355399	-0.226073413	LumA
6071	-2.617911649	-1.706561916	-0.252194661	-0.248656506	-0.237485435	-0.29066859	-0.351657306	-0.316610563	-0.278717265	-0.216715518	-0.248482936	-0.246684533	-0.119356096	-0.266819597	-0.026083008	-0.243134111	-0.308270396	-0.464313969	-0.212469259	-0.318655606	-0.214387533	-0.215904696	-0.287102312	-0.207846616	-0.182504536	-0.204688182	-0.225946854	-0.225423654	-0.184737669	-0.21580012	-0.225355399	-0.226073413	LumA
6075	-2.430910135	3.639443754	-0.252194661	-0.248656506	-0.237485435	-0.29066859	-0.351657306	-0.316610563	5.449292985	-0.216715518	-0.248482936	-0.246684533	-0.119356096	-0.266819597	-0.026083008	-0.243134111	-0.308270396	-0.464313969	-0.212469259	-0.318655606	-0.214387533	-0.215904696	-0.287102312	-0.207846616	-0.182504536	-0.204688182	-0.225946854	-0.225423654	-0.184737669	-0.21580012	-0.225355399	-0.226073413	LumB
6079	-2.540560147	1.143928175	-0.252194661	2.74095742	-0.237485435	-0.29066859	-0.351657306	-0.316610563	-0.278717265	-0.216715518	-0.248482936	-0.246684533	-0.119356096	2.818457796	-0.026083008	-0.243134111	-0.308270396	-0.464313969	-0.212469259	-0.318655606	-0.214387533	-0.215904696	-0.287102312	-0.207846616	-0.182504536	-0.204688182	-0.225946854	-0.225423654	-0.184737669	-0.21580012	-0.225355399	-0.226073413	LumB
6080	-2.151996406	-1.706561916	-0.252194661	-0.248656506	-0.237485435	2.123590616	-0.351657306	-0.316610563	-0.278717265	-0.216715518	-0.248482936	-0.246684533	-0.119356096	-0.266819597	-0.026083008	3.270103434	-0.308270396	-0.464313969	-0.212469259	-0.318655606	-0.214387533	-0.215904696	-0.287102312	-0.207846616	-0.182504536	-0.204688182	-0.225946854	-0.225423654	-0.184737669	-0.21580012	-0.225355399	-0.226073413	LumB
6082	-2.158885586	-1.376550988	-0.252194661	-0.248656506	-0.237485435	-0.29066859	-0.351657306	-0.316610563	-0.278717265	-0.216715518	-0.248482936	-0.246684533	-0.119356096	-0.266819597	-0.026083008	-0.243134111	-0.308270396	-0.464313969	-0.212469259	-0.318655606	-0.214387533	-0.215904696	-0.287102312	-0.207846616	-0.182504536	-0.204688182	-0.225946854	-0.225423654	-0.184737669	-0.21580012	-0.225355399	-0.226073413	Normal
6083	-1.31311945	2.317234927	-0.252194661	-0.248656506	-0.237485435	-0.29066859	-0.351657306	3.176402342	7.230193506	-0.216715518	-0.248482936	-0.246684533	-0.119356096	-0.266819597	-3.663379828	-0.243134111	-0.308270396	-0.464313969	-0.212469259	-0.318655606	-0.214387533	-0.215904696	2.498109681	-0.207846616	-0.182504536	-0.204688182	-0.225946854	-0.225423654	-0.184737669	-0.21580012	-0.225355399	-0.226073413	LumA
6085	5.471975396	-1.824254961	-0.252194661	-0.248656506	-0.237485435	-0.29066859	-0.351657306	-0.316610563	-0.278717265	-0.216715518	-0.248482936	-0.246684533	-0.119356096	-0.266819597	-0.026083008	-0.243134111	-0.308270396	-0.464313969	-0.212469259	-0.318655606	-0.214387533	4.129240324	-0.287102312	-0.207846616	-0.182504536	-0.204688182	-0.225946854	-0.225423654	-0.184737669	-0.21580012	-0.225355399	-0.226073413	Her2
6092	-1.410049317	-1.706561916	2.749125977	-0.248656506	-0.237485435	-0.29066859	-0.351657306	-0.316610563	-0.278717265	-0.216715518	-0.248482936	-0.246684533	-0.119356096	-0.266819597	-0.026083008	-0.243134111	-0.308270396	-0.464313969	-0.212469259	-0.318655606	-0.214387533	-0.215904696	-0.287102312	-0.207846616	-0.182504536	3.900090233	-0.225946854	-0.225423654	-0.184737669	-0.21580012	-0.225355399	-0.226073413	Normal
6097	-1.875759983	6.799111451	-0.252194661	-0.248656506	-0.237485435	-0.29066859	-0.351657306	-0.316610563	2.708159186	-0.216715518	-0.248482936	-0.246684533	-0.119356096	-0.266819597	-0.026083008	-0.243134111	2.778910949	-0.464313969	-0.212469259	-0.318655606	-0.214387533	-0.215904696	-0.287102312	-0.207846616	-0.182504536	4.263932627	-0.225946854	-0.225423654	-0.184737669	3.888978296	-0.225355399	-0.226073413	LumA
6098	14.68624793	-1.34399553	-0.252194661	-0.248656506	-0.237485435	-0.29066859	-0.351657306	-0.316610563	-0.278717265	-0.216715518	-0.248482936	-0.246684533	-0.119356096	-0.266819597	-0.026083008	-0.243134111	-0.308270396	-0.464313969	-0.212469259	-0.318655606	4.248107679	-0.215904696	-0.287102312	-0.207846616	-0.182504536	-4.673308991	-0.225946854	-0.225423654	-0.184737669	-0.21580012	-0.225355399	-0.226073413	Basal
6100	10.16296957	-1.706561916	-0.252194661	-0.248656506	-0.237485435	-0.29066859	-0.351657306	-0.316610563	-0.278717265	-0.216715518	-0.248482936	-0.246684533	-0.119356096	-0.266819597	-0.026083008	-0.243134111	-0.308270396	-0.464313969	-0.212469259	-0.318655606	4.248107679	-0.215904696	-0.287102312	-0.207846616	-0.182504536	-0.204688182	-4.087129882	-0.225423654	-0.184737669	-0.21580012	-0.225355399	-0.226073413	Her2
6101	1.396119651	-0.169912186	-0.252194661	-0.248656506	-0.237485435	-0.29066859	-0.351657306	-0.316610563	-0.278717265	-0.216715518	-0.248482936	-0.246684533	-0.119356096	-0.266819597	-0.026083008	-0.243134111	-0.308270396	-0.464313969	-0.212469259	-0.318655606	-0.214387533	-0.215904696	-0.287102312	-0.207846616	-0.182504536	-0.204688182	-0.225946854	-0.225423654	-0.184737669	-0.21580012	-0.225355399	-0.226073413	Normal
6103	-1.30165734	-0.799426837	-0.252194661	-0.248656506	-0.237485435	-0.29066859	-0.351657306	-0.316610563	-0.278717265	-0.216715518	-0.248482936	3.637583228	-0.119356096	-0.266819597	-0.026083008	-0.243134111	-0.308270396	-0.464313969	-0.212469259	-0.318655606	-0.214387533	-0.215904696	-0.287102312	-0.207846616	-0.182504536	-0.204688182	-0.225946854	-0.225423654	-0.184737669	-0.21580012	-0.225355399	-0.226073413	Normal
6107	-1.869968305	-1.376550988	-0.252194661	-0.248656506	-0.237485435	-0.29066859	-0.351657306	-0.316610563	-0.278717265	-0.216715518	-0.248482936	-0.246684533	-0.119356096	-0.266819597	-0.026083008	-0.243134111	-0.308270396	-0.464313969	-0.212469259	-0.318655606	-0.214387533	-0.215904696	-0.287102312	-0.207846616	-0.182504536	-0.204688182	3.635236175	-0.225423654	-0.184737669	-0.21580012	-0.225355399	-0.226073413	Normal
6108	-1.458585539	-1.376550988	-0.252194661	-0.248656506	-0.237485435	-0.29066859	-0.351657306	-0.316610563	-0.278717265	-0.216715518	-0.248482936	-0.246684533	-0.119356096	-0.266819597	-0.026083008	-0.243134111	-0.308270396	-0.464313969	4.013698691	-0.318655606	-0.214387533	-0.215904696	-0.287102312	-0.207846616	-0.182504536	-0.204688182	-0.225946854	-0.225423654	-0.184737669	-0.21580012	-0.225355399	-0.226073413	LumA
6113	4.27969942	0.069944255	-0.252194661	-0.248656506	-0.237485435	-0.29066859	-0.351657306	-0.316610563	-0.278717265	-0.216715518	-0.248482936	-0.246684533	-0.119356096	-0.266819597	-0.026083008	-0.243134111	-0.308270396	-0.464313969	-0.212469259	-0.318655606	-0.214387533	-0.215904696	-0.287102312	-0.207846616	-0.182504536	4.263932627	-0.225946854	-0.225423654	-0.184737669	-0.21580012	-0.225355399	-0.226073413	Her2
6114	1.829710113	-1.376550988	-0.252194661	-0.248656506	-0.237485435	-0.29066859	-0.351657306	-0.316610563	-3.265593716	-0.216715518	-0.248482936	-0.246684533	-0.119356096	-0.266819597	-0.026083008	-0.243134111	-0.308270396	-0.464313969	-0.212469259	-0.318655606	-0.214387533	-0.215904696	-0.287102312	-0.207846616	-0.182504536	-0.204688182	-0.225946854	-0.225423654	-0.184737669	-0.21580012	-0.225355399	-0.226073413	Her2
6116	1.199300875	-1.376550988	-0.252194661	-0.248656506	-0.237485435	-0.29066859	-0.351657306	-0.316610563	-0.278717265	-0.216715518	-0.248482936	-0.246684533	-0.119356096	-0.266819597	-0.026083008	-0.243134111	-0.308270396	-0.464313969	-0.212469259	-0.318655606	-0.214387533	-0.215904696	-0.287102312	-0.207846616	-0.182504536	-0.204688182	-0.225946854	-0.225423654	-0.184737669	-0.21580012	-0.225355399	-0.226073413	Her2
6118	-2.662326044	-1.169284568	-0.252194661	-0.248656506	-0.237485435	-0.29066859	-0.351657306	-0.316610563	-0.278717265	-0.216715518	-0.248482936	-0.246684533	-0.119356096	-0.266819597	-0.026083008	-0.243134111	-0.308270396	-0.464313969	-0.212469259	-0.318655606	-0.214387533	-0.215904696	-0.287102312	-0.207846616	-0.182504536	-0.204688182	3.635236175	-0.225423654	-0.184737669	-0.21580012	-0.225355399	-0.226073413	LumA
6122	5.834046494	-0.747036337	-0.252194661	-0.248656506	-0.237485435	-0.29066859	-0.351657306	-0.316610563	-0.278717265	-0.216715518	-0.248482936	-0.246684533	-0.119356096	-0.266819597	-0.026083008	-0.243134111	-0.308270396	-0.464313969	-0.212469259	-0.318655606	-0.214387533	-0.215904696	-0.287102312	-0.207846616	-0.182504536	-0.204688182	-0.225946854	-0.225423654	-0.184737669	-0.21580012	-0.225355399	-0.226073413	Basal
6124	-2.606940007	1.344292198	6.328855177	-0.248656506	-0.237485435	-0.29066859	-0.351657306	-0.316610563	2.462416534	-0.216715518	-0.248482936	-0.246684533	-0.119356096	-0.266819597	-0.026083008	-0.243134111	-0.308270396	-0.464313969	-0.212469259	-0.318655606	-0.214387533	-0.215904696	-0.287102312	-0.207846616	-0.182504536	-0.204688182	-0.225946854	-0.225423654	-0.184737669	4.129344901	-0.225355399	-0.226073413	LumA
6125	-2.324240198	-0.874515524	-0.252194661	-0.248656506	-0.237485435	-0.29066859	-0.351657306	-0.316610563	-0.278717265	-0.216715518	-0.248482936	-0.246684533	-0.119356096	2.408680029	-0.026083008	-0.243134111	-0.308270396	-0.464313969	-0.212469259	-0.318655606	-0.214387533	-0.215904696	-0.287102312	-0.207846616	-0.182504536	-0.204688182	-0.225946854	-0.225423654	-0.184737669	-0.21580012	-0.225355399	-0.226073413	Normal
6131	1.971494278	-0.752558742	-0.252194661	-0.248656506	-0.237485435	-0.29066859	-0.351657306	-0.316610563	-0.278717265	-0.216715518	-0.248482936	-0.246684533	-0.119356096	-0.266819597	-0.026083008	-0.243134111	-0.308270396	-0.464313969	-0.212469259	-0.318655606	-0.214387533	-0.215904696	-0.287102312	-0.207846616	-0.182504536	-0.204688182	-0.225946854	-0.225423654	-0.184737669	-0.21580012	-0.225355399	-0.226073413	Her2
6133	-2.714162047	2.146637802	-0.252194661	-0.248656506	-0.237485435	-0.29066859	-0.351657306	-0.316610563	-0.278717265	-0.216715518	-0.248482936	-0.246684533	-0.119356096	-0.266819597	-0.026083008	3.270103434	-0.308270396	-0.464313969	-0.212469259	-0.318655606	-0.214387533	-0.215904696	-0.287102312	-0.207846616	-0.182504536	-0.204688182	-0.225946854	-0.225423654	-0.184737669	-0.21580012	-0.225355399	-0.226073413	LumA
6135	-1.532457522	0.585476659	-0.252194661	-0.248656506	-0.237485435	-0.29066859	-0.351657306	-0.316610563	-0.278717265	-0.216715518	3.282939861	-0.246684533	-0.119356096	-0.266819597	-0.026083008	-0.243134111	-0.308270396	-0.464313969	-0.212469259	-0.318655606	4.248107679	-0.215904696	-0.287102312	-0.207846616	-0.182504536	-0.204688182	-0.225946854	-0.225423654	-0.184737669	-0.21580012	-0.225355399	-0.226073413	LumB
6138	-0.936785378	-1.511617734	-0.252194661	-0.248656506	-0.237485435	-0.29066859	-0.351657306	-0.316610563	-0.278717265	-0.216715518	-0.248482936	-0.246684533	-0.119356096	-0.266819597	-0.026083008	-0.243134111	-0.308270396	-0.464313969	-0.212469259	-0.318655606	-0.214387533	-0.215904696	-0.287102312	-0.207846616	-0.182504536	-0.204688182	-0.225946854	-0.225423654	-0.184737669	-0.21580012	-0.225355399	3.736102011	LumB
6141	-2.063619107	1.533542449	-0.252194661	-0.248656506	-0.237485435	-0.29066859	-0.351657306	-0.316610563	-0.278717265	-0.216715518	-0.248482936	-0.246684533	-0.119356096	-0.266819597	-0.026083008	-0.243134111	-0.308270396	1.495584521	-0.212469259	5.902093359	-0.214387533	-0.215904696	-0.287102312	-0.207846616	-0.182504536	-0.204688182	-0.225946854	-0.225423654	-0.184737669	-0.21580012	-0.225355399	-0.226073413	LumB
6145	-2.636459372	-0.995726235	-0.252194661	-0.248656506	-0.237485435	-0.29066859	-0.351657306	-0.316610563	-0.278717265	4.121964595	-0.248482936	-0.246684533	-0.119356096	-0.266819597	-0.026083008	-0.243134111	-0.308270396	-0.464313969	-0.212469259	-0.318655606	-0.214387533	-0.215904696	-0.287102312	-0.207846616	-0.182504536	-0.204688182	-0.225946854	-0.225423654	-0.184737669	-0.21580012	-0.225355399	-0.226073413	LumB
6146	-2.06857701	-1.376550988	-0.252194661	-0.248656506	-0.237485435	-0.29066859	-0.351657306	-0.316610563	-0.278717265	-0.216715518	-0.248482936	-0.246684533	-0.119356096	-0.266819597	-0.026083008	-0.243134111	-0.308270396	-0.464313969	-0.212469259	-0.318655606	-0.214387533	-0.215904696	-0.287102312	-0.207846616	-0.182504536	-0.204688182	-0.225946854	-0.225423654	-0.184737669	-0.21580012	-0.225355399	-0.226073413	Her2
6149	-2.524380843	6.931278182	-0.252194661	-0.248656506	-0.237485435	-0.29066859	-0.351657306	-0.316610563	-0.278717265	-0.216715518	-0.248482936	-0.246684533	-0.119356096	-0.266819597	-0.026083008	-0.243134111	0.738645226	1.495584521	4.325837086	-0.318655606	-0.214387533	-0.215904696	3.109757638	3.962522913	-0.182504536	-0.204688182	-0.225946854	-0.225423654	-0.184737669	-0.21580012	-0.225355399	-0.226073413	LumA
6150	-0.771911995	-1.376550988	-0.252194661	-0.248656506	-0.237485435	-0.29066859	1.459868307	-0.316610563	-0.278717265	4.121964595	-0.248482936	-0.246684533	-0.119356096	-0.266819597	-0.026083008	-0.243134111	-0.308270396	2.176405229	-0.212469259	-0.318655606	-0.214387533	-0.215904696	-0.287102312	-0.207846616	-0.182504536	-0.204688182	-0.225946854	-0.225423654	-0.184737669	-0.21580012	-0.225355399	-0.226073413	LumB
6152	5.13144925	-1.376550988	-0.252194661	-0.248656506	-0.237485435	-0.29066859	-0.351657306	-0.316610563	2.462416534	-0.216715518	3.282939861	-0.246684533	-0.119356096	-0.266819597	-0.026083008	-0.243134111	-0.308270396	-0.464313969	-0.212469259	-0.318655606	-0.214387533	-0.215904696	-0.287102312	4.561689904	-0.182504536	-0.204688182	-0.225946854	-0.225423654	-0.184737669	-0.21580012	-0.225355399	-0.226073413	Basal
6154	-2.189557421	2.123320926	-0.252194661	-0.248656506	-0.237485435	-0.29066859	-0.351657306	2.611222267	-0.278717265	-0.216715518	-0.248482936	-0.246684533	-0.119356096	-0.266819597	-0.026083008	-0.243134111	-0.308270396	-0.464313969	-0.212469259	-0.318655606	-0.214387533	-0.215904696	-0.287102312	-0.207846616	-0.182504536	-0.204688182	-0.225946854	-0.225423654	-0.184737669	-0.21580012	-0.225355399	-0.226073413	LumB
6156	1.166915579	-1.706561916	-0.252194661	-0.248656506	-0.237485435	-0.29066859	-0.351657306	-0.316610563	-0.278717265	-0.216715518	-0.248482936	-0.246684533	-0.119356096	-0.266819597	-0.026083008	-0.243134111	-0.308270396	-0.464313969	-0.212469259	-0.318655606	-0.214387533	-0.215904696	-0.287102312	-0.207846616	-0.182504536	-0.204688182	-0.225946854	-0.225423654	3.825031707	-0.21580012	-0.225355399	-0.226073413	Her2
6157	1.370738274	-1.706561916	-0.252194661	-0.248656506	-0.237485435	-0.29066859	-0.351657306	-0.316610563	-0.278717265	-0.216715518	-0.248482936	-0.246684533	-0.119356096	-0.266819597	-0.026083008	-0.243134111	-0.308270396	-0.464313969	-0.212469259	-0.318655606	-0.214387533	-0.215904696	-0.287102312	-0.207846616	-0.182504536	-0.204688182	-0.225946854	-0.225423654	-0.184737669	-0.21580012	-0.225355399	4.18262001	Basal
6160	0.577247327	-0.768079695	-0.252194661	-0.248656506	-0.237485435	-0.29066859	-0.351657306	2.611222267	-0.278717265	-0.216715518	-0.248482936	-0.246684533	-0.119356096	2.818457796	-0.026083008	-0.243134111	-0.308270396	-0.464313969	-0.212469259	-0.318655606	-0.214387533	-0.215904696	-0.287102312	-0.207846616	-0.182504536	-0.204688182	-0.225946854	-0.225423654	-0.184737669	-0.21580012	-0.225355399	-0.226073413	Her2
6163	-2.624334058	1.937790352	-0.252194661	-0.248656506	-0.237485435	-0.29066859	-0.351657306	-0.316610563	2.401123692	-0.216715518	-0.248482936	-0.246684533	-0.119356096	-0.266819597	-0.026083008	-0.243134111	-0.308270396	-0.464313969	-0.212469259	-0.318655606	-0.214387533	-0.215904696	3.109757638	-0.207846616	-0.182504536	-0.204688182	-0.225946854	-0.225423654	-0.184737669	-0.21580012	-0.225355399	-0.226073413	LumA
6164	-2.457153225	-0.340659403	-0.252194661	-0.248656506	-0.237485435	-0.29066859	-0.351657306	-0.316610563	-0.278717265	-0.216715518	-0.248482936	-0.246684533	-0.119356096	-0.266819597	-0.026083008	-0.243134111	-0.308270396	-0.464313969	-0.212469259	-0.318655606	-0.214387533	-0.215904696	-0.287102312	-0.207846616	-0.182504536	-0.204688182	-0.225946854	-0.225423654	-0.184737669	-0.21580012	-0.225355399	-0.226073413	LumB
6167	-2.222518651	-0.094920385	3.327534539	-0.248656506	-0.237485435	-0.29066859	-0.351657306	-0.316610563	-0.278717265	-0.216715518	-0.248482936	-0.246684533	-0.119356096	-0.266819597	-0.026083008	-0.243134111	-0.308270396	-0.464313969	-0.212469259	-0.318655606	-0.214387533	-0.215904696	-0.287102312	-0.207846616	-0.182504536	-0.204688182	-0.225946854	-0.225423654	-0.184737669	-0.21580012	-0.225355399	-0.226073413	LumA
6168	-2.457397933	-1.376550988	-0.252194661	-0.248656506	-0.237485435	-0.29066859	-0.351657306	-0.316610563	-0.278717265	-0.216715518	-0.248482936	-0.246684533	-0.119356096	-0.266819597	-0.026083008	-0.243134111	-0.308270396	-0.464313969	-0.212469259	-0.318655606	-0.214387533	-0.215904696	-0.287102312	-0.207846616	-0.182504536	-0.204688182	-0.225946854	-0.225423654	-0.184737669	-0.21580012	-0.225355399	-0.226073413	LumA
6169	3.146726548	-1.376550988	-0.252194661	-0.248656506	-0.237485435	-0.29066859	-0.351657306	-0.316610563	-0.278717265	-0.216715518	-0.248482936	-0.246684533	-0.119356096	-0.266819597	-0.026083008	-0.243134111	-0.308270396	-0.464313969	-0.212469259	-0.318655606	-0.214387533	-0.215904696	-0.287102312	-0.207846616	-0.182504536	-0.204688182	-0.225946854	-0.225423654	-0.184737669	-0.21580012	-0.225355399	-0.226073413	Basal
6171	-2.596611053	2.428595334	-0.252194661	-0.248656506	-0.237485435	-0.29066859	-0.351657306	-0.316610563	-0.278717265	-0.216715518	-0.248482936	-0.246684533	-0.119356096	-0.266819597	-0.026083008	-0.243134111	-0.308270396	-0.464313969	-0.212469259	-0.318655606	-0.214387533	-0.215904696	-0.287102312	-0.207846616	-0.182504536	-0.204688182	-0.225946854	-0.225423654	-0.184737669	4.129344901	-0.225355399	-0.226073413	LumA
6178	4.557025856	-1.706561916	2.749125977	-0.248656506	-0.237485435	-0.29066859	1.459868307	-0.316610563	-0.278717265	-0.216715518	-0.248482936	-0.246684533	-0.119356096	2.818457796	-0.026083008	-0.243134111	-0.308270396	-0.464313969	-0.212469259	-0.318655606	-0.214387533	-0.215904696	-0.287102312	-0.207846616	-0.182504536	-0.204688182	3.635236175	-0.225423654	-0.184737669	-0.21580012	-0.225355399	-0.226073413	Basal
6179	-2.150492406	-1.706561916	-0.252194661	-0.248656506	-0.237485435	-0.29066859	-0.351657306	2.611222267	-0.278717265	-0.216715518	-0.248482936	-0.246684533	-0.119356096	-0.266819597	-0.026083008	-0.243134111	-1.355186018	1.488571256	4.325837086	-0.318655606	4.248107679	-0.215904696	-0.287102312	-0.207846616	-0.182504536	-0.204688182	-0.225946854	-0.225423654	-0.184737669	-0.21580012	-0.225355399	-0.226073413	LumA
6181	0.600914858	1.701637954	-0.252194661	-0.248656506	-0.237485435	-0.29066859	-0.351657306	-0.316610563	-0.278717265	-0.216715518	1.338876272	-0.246684533	-0.119356096	-0.266819597	-0.026083008	-0.243134111	-0.308270396	-0.464313969	-0.212469259	-0.318655606	-0.214387533	-0.215904696	2.498109681	-0.207846616	-0.182504536	-0.204688182	-0.225946854	-0.225423654	-0.184737669	-0.21580012	-0.225355399	-0.226073413	LumA
6184	-1.240705205	-1.376550988	-0.252194661	-0.248656506	-0.237485435	-0.29066859	-0.351657306	2.553269008	-0.278717265	4.121964595	-0.248482936	-0.246684533	-0.119356096	-0.266819597	-0.026083008	-0.243134111	0.738645226	-0.464313969	-0.212469259	-0.318655606	-0.214387533	-0.215904696	-0.287102312	-0.207846616	-0.182504536	-0.204688182	-0.225946854	-0.225423654	-0.184737669	-0.21580012	-0.225355399	-0.226073413	Her2
6185	-2.662326044	-0.526369483	-0.252194661	-0.248656506	3.834389461	-0.29066859	-0.351657306	-3.244443392	-0.278717265	-0.216715518	-0.248482936	-0.246684533	-0.119356096	-0.266819597	-0.026083008	-0.243134111	-0.308270396	-0.464313969	-0.212469259	-0.318655606	-0.214387533	4.129240324	-0.287102312	-0.207846616	-0.182504536	-0.204688182	-0.225946854	-0.225423654	-0.184737669	-0.21580012	-0.225355399	-0.226073413	LumA
6192	1.647955644	-1.706561916	-0.252194661	-0.248656506	-0.237485435	-0.29066859	-0.351657306	-0.316610563	-0.278717265	-0.216715518	-0.248482936	-0.246684533	-0.119356096	2.408680029	-0.026083008	-0.243134111	-0.308270396	-0.464313969	-0.212469259	-0.318655606	-0.214387533	-0.215904696	-0.287102312	-0.207846616	-0.182504536	-0.204688182	-0.225946854	-0.225423654	-0.184737669	-0.21580012	-0.225355399	-0.226073413	LumB
6194	0.084417571	-1.706561916	-0.252194661	-0.248656506	-0.237485435	-0.29066859	-0.351657306	2.611222267	-0.278717265	-0.216715518	-0.248482936	-0.246684533	-0.119356096	-0.266819597	-0.026083008	-0.243134111	2.726164119	-0.464313969	-0.212469259	-0.318655606	-0.214387533	-0.215904696	-0.287102312	-0.207846616	-0.182504536	-0.204688182	-0.225946854	-0.225423654	-0.184737669	-0.21580012	-0.225355399	-0.226073413	Normal
6195	-2.364915552	-0.409153017	-0.252194661	3.811092949	3.834389461	-0.29066859	-0.351657306	-0.316610563	-0.278717265	-0.216715518	-0.248482936	-0.246684533	-0.119356096	-0.266819597	-0.026083008	-0.243134111	-0.308270396	-0.464313969	-0.212469259	-0.318655606	-0.214387533	-0.215904696	-0.287102312	-0.207846616	-0.182504536	-0.204688182	-0.225946854	-0.225423654	-0.184737669	-0.21580012	-0.225355399	-0.226073413	LumA
6201	-2.008392594	1.925280732	-0.252194661	2.74095742	-0.237485435	-0.29066859	-0.351657306	-0.316610563	-0.278717265	-0.216715518	-0.248482936	-0.246684533	-0.119356096	-0.266819597	-0.026083008	5.14075004	-0.308270396	-0.464313969	-0.212469259	-0.318655606	-0.214387533	-0.215904696	-0.287102312	-0.207846616	-0.182504536	-0.204688182	-0.225946854	-0.225423654	-0.184737669	-0.21580012	-0.225355399	-0.226073413	LumB
6204	-1.947813312	-0.330048226	-0.252194661	-0.248656506	-0.237485435	-2.704927796	-0.351657306	-0.316610563	2.690618033	-0.216715518	-0.248482936	-0.246684533	-0.119356096	-0.266819597	-0.026083008	-0.243134111	-0.308270396	-0.464313969	-0.212469259	1.896478735	-0.214387533	4.653870979	-0.287102312	-0.207846616	-0.182504536	-0.204688182	-0.225946854	-0.225423654	-0.184737669	3.888978296	-0.225355399	-0.226073413	Normal
6207	-1.940456915	-1.376550988	-0.252194661	-0.248656506	-0.237485435	-0.29066859	-0.351657306	-0.316610563	1.519724409	-0.216715518	-0.248482936	-0.246684533	-0.119356096	-0.266819597	-0.026083008	-0.243134111	-0.308270396	-0.464313969	-0.212469259	-0.318655606	-0.214387533	-0.215904696	-0.287102312	-0.207846616	-0.182504536	-0.204688182	-0.225946854	-0.225423654	-0.184737669	-0.21580012	-0.225355399	-0.226073413	LumA
6208	-2.662326044	-1.376550988	-0.252194661	-0.248656506	-0.237485435	-0.29066859	-0.351657306	-0.316610563	-0.278717265	-0.216715518	-0.248482936	-0.246684533	-0.119356096	-0.266819597	-0.026083008	-0.243134111	-0.308270396	-0.464313969	-0.212469259	-0.318655606	-0.214387533	-0.215904696	-0.287102312	-0.207846616	-0.182504536	-0.204688182	3.635236175	-0.225423654	-0.184737669	3.888978296	-0.225355399	-0.226073413	Normal
6211	-2.391842412	-0.989677687	-0.252194661	2.74095742	-0.237485435	-0.29066859	-0.351657306	-0.316610563	-0.278717265	-0.216715518	-0.248482936	-0.246684533	-0.119356096	-0.266819597	-0.026083008	-0.243134111	-0.308270396	-0.464313969	-0.212469259	-0.318655606	-0.214387533	-0.215904696	-0.287102312	-0.207846616	-0.182504536	-0.204688182	-0.225946854	-0.225423654	-0.184737669	-0.21580012	2.32427682	-0.226073413	LumA
6212	-2.662326044	-1.376550988	-0.252194661	-0.248656506	3.834389461	-0.29066859	-0.351657306	-0.316610563	-0.278717265	-0.216715518	-0.248482936	-0.246684533	-0.119356096	-0.266819597	-0.026083008	-0.243134111	-0.308270396	4.129290454	-0.212469259	-0.318655606	-0.214387533	-0.215904696	-0.287102312	-0.207846616	8.852685912	-0.204688182	-0.225946854	-0.225423654	-0.184737669	-0.21580012	-0.225355399	-0.226073413	LumA
6214	-2.662326044	-0.464722578	-0.252194661	-0.248656506	-0.237485435	-0.29066859	-0.351657306	2.553269008	-0.278717265	-0.216715518	-0.248482936	-0.246684533	-0.119356096	2.408680029	-0.026083008	-0.243134111	1.657202656	1.488571256	-0.212469259	-0.318655606	-0.214387533	-0.215904696	2.498109681	-0.207846616	-0.182504536	-0.204688182	-0.225946854	-0.225423654	-0.184737669	-0.21580012	-0.225355399	-0.226073413	LumA
6218	-1.888750015	-0.275779754	-0.252194661	-0.248656506	-0.237485435	2.842891314	-0.351657306	-0.316610563	-0.278717265	-0.216715518	3.282939861	-0.246684533	-0.119356096	-0.266819597	-0.026083008	-0.243134111	-0.308270396	-0.464313969	-0.212469259	2.230272066	-0.214387533	-0.215904696	2.498109681	-0.207846616	-0.182504536	3.900090233	-0.225946854	-0.225423654	-0.184737669	-0.21580012	-0.225355399	-0.226073413	LumA
6223	3.193329155	-1.376550988	-0.252194661	-0.248656506	-0.237485435	-0.29066859	-0.351657306	-0.316610563	-0.278717265	-0.216715518	-0.248482936	-0.246684533	-0.119356096	-0.266819597	-0.026083008	-0.243134111	-0.308270396	-0.464313969	-0.212469259	-0.318655606	-0.214387533	-0.215904696	-0.287102312	3.962522913	-0.182504536	-0.204688182	-0.225946854	-0.225423654	-0.184737669	-0.21580012	-0.225355399	-0.226073413	Basal
6224	2.188894813	-1.706561916	-0.252194661	-0.248656506	-0.237485435	-0.29066859	-0.351657306	-0.316610563	-0.278717265	-0.216715518	-0.248482936	-0.246684533	-0.119356096	-0.266819597	-0.026083008	3.270103434	-0.308270396	-0.464313969	-0.212469259	-0.318655606	-0.214387533	-0.215904696	-0.287102312	-0.207846616	-0.182504536	-0.204688182	-0.225946854	-0.225423654	-0.184737669	-0.21580012	-0.225355399	-0.226073413	Her2
6225	-2.159130678	-0.009689827	-0.252194661	-0.248656506	-0.237485435	-0.29066859	-0.351657306	-0.316610563	-0.278717265	-0.216715518	-0.248482936	-0.246684533	-0.119356096	-0.266819597	-0.026083008	-0.243134111	-0.308270396	6.133371436	-0.212469259	-0.318655606	-0.214387533	-0.215904696	-0.287102312	-0.207846616	4.580686761	-0.204688182	-0.225946854	-0.225423654	-0.184737669	-0.21580012	-0.225355399	-0.226073413	LumA
6226	-1.750943445	-1.166323278	-0.252194661	-0.248656506	-0.237485435	-0.29066859	-0.351657306	-0.316610563	-0.278717265	-0.216715518	-0.248482936	-0.246684533	-0.119356096	-0.266819597	-0.026083008	-0.243134111	-0.308270396	-0.464313969	-0.212469259	-0.318655606	-0.214387533	-0.215904696	-3.072314304	-0.207846616	-0.182504536	-0.204688182	-0.225946854	-0.225423654	-0.184737669	-0.21580012	-0.225355399	-0.226073413	Normal
6229	-2.479817294	-1.706561916	-0.252194661	-0.248656506	-0.237485435	-0.29066859	-0.351657306	-0.316610563	-0.278717265	-0.216715518	-0.248482936	-0.246684533	-0.119356096	-0.266819597	-3.390128219	-0.243134111	-0.308270396	-0.464313969	-0.212469259	-0.318655606	-0.214387533	-0.215904696	-0.287102312	-0.207846616	-0.182504536	-0.204688182	-0.225946854	-0.225423654	-0.184737669	-0.21580012	2.32427682	-0.226073413	LumA
6231	-2.080201962	1.488951247	-0.252194661	-0.248656506	-0.237485435	-0.29066859	-0.351657306	-0.316610563	-0.278717265	-0.216715518	-0.248482936	-0.246684533	-0.119356096	7.281613125	-0.026083008	3.270103434	-0.308270396	-0.464313969	-0.212469259	-0.318655606	-0.214387533	-0.215904696	3.109757638	-0.207846616	-0.182504536	-0.204688182	-0.225946854	-0.225423654	-0.184737669	-4.320578535	-0.225355399	-0.226073413	Normal
6232	-2.116299958	-1.169284568	-0.252194661	3.811092949	-0.237485435	-0.29066859	-0.351657306	-0.316610563	-0.278717265	-0.216715518	-0.248482936	-0.246684533	-0.119356096	-0.266819597	-0.026083008	-0.243134111	-0.308270396	-0.464313969	-0.212469259	-0.318655606	-0.214387533	-0.215904696	-0.287102312	-0.207846616	-0.182504536	-0.204688182	-0.225946854	-0.225423654	-0.184737669	-0.21580012	-0.225355399	-0.226073413	LumA
6233	-2.70031803	-1.376550988	-0.252194661	-0.248656506	-0.237485435	-0.29066859	-0.351657306	-0.316610563	-0.278717265	-0.216715518	-0.248482936	-0.246684533	-0.119356096	-0.266819597	-0.026083008	-0.243134111	-0.308270396	-0.464313969	-0.212469259	-0.318655606	-0.214387533	4.653870979	-0.287102312	-0.207846616	-0.182504536	-0.204688182	-0.225946854	-0.225423654	-0.184737669	-0.21580012	-0.225355399	-0.226073413	LumB
6234	-2.21003419	-1.376550988	-0.252194661	-0.248656506	-0.237485435	-0.29066859	-0.351657306	-0.316610563	-0.278717265	-0.216715518	-0.248482936	-0.246684533	-0.119356096	-0.266819597	-0.026083008	-0.243134111	-0.308270396	-0.464313969	-0.212469259	-0.318655606	-0.214387533	-0.215904696	-0.287102312	-0.207846616	-0.182504536	-0.204688182	-0.225946854	-0.225423654	-0.184737669	-0.21580012	-0.225355399	-0.226073413	Normal
6237	5.157253218	-1.376550988	-0.252194661	3.626355251	-0.237485435	-0.29066859	-0.351657306	-0.316610563	-0.278717265	-0.216715518	-0.248482936	-0.246684533	-0.119356096	-0.266819597	-0.026083008	-0.243134111	-0.308270396	-0.464313969	-0.212469259	-0.318655606	-0.214387533	-0.215904696	-0.287102312	-0.207846616	-0.182504536	-0.204688182	-0.225946854	-0.225423654	-0.184737669	-0.21580012	-0.225355399	-0.226073413	Basal
6238	-2.098674607	1.5220621	-0.252194661	-0.248656506	-0.237485435	-0.29066859	-0.351657306	-0.316610563	-0.278717265	-0.216715518	-0.248482936	-0.246684533	-0.119356096	-0.266819597	-0.026083008	-0.243134111	0.738645226	-0.464313969	-0.212469259	-0.318655606	3.801473094	-0.215904696	-0.287102312	-0.207846616	-0.182504536	-0.204688182	-0.225946854	-0.225423654	-0.184737669	-0.21580012	-0.225355399	-0.226073413	LumA
6239	-2.553076662	2.15851589	-0.252194661	-0.248656506	-0.237485435	-0.29066859	-0.351657306	-0.316610563	-0.278717265	-0.216715518	-0.248482936	-0.246684533	-0.119356096	-0.266819597	-0.026083008	-0.243134111	-0.308270396	-0.464313969	-0.212469259	-0.318655606	-0.214387533	-0.215904696	-0.287102312	-0.207846616	-0.182504536	-0.204688182	-0.225946854	-0.225423654	-0.184737669	-0.21580012	-0.225355399	-0.226073413	Normal
6242	8.23561454	-0.707487896	-0.252194661	-0.248656506	-0.237485435	-0.29066859	-0.351657306	-0.316610563	-0.278717265	-0.216715518	-0.248482936	-0.246684533	-0.119356096	-0.266819597	-0.026083008	-0.243134111	-0.308270396	-0.464313969	-0.212469259	-0.318655606	3.801473094	-0.215904696	-0.287102312	3.962522913	-0.182504536	-0.204688182	-0.225946854	-0.225423654	-0.184737669	-0.21580012	-0.225355399	-0.226073413	Basal
6245	3.872652529	0.392524186	-0.252194661	-0.248656506	-0.237485435	-0.29066859	-0.351657306	2.553269008	-0.278717265	-0.216715518	-0.248482936	-0.246684533	-0.119356096	-0.266819597	-0.026083008	-0.243134111	-0.308270396	-0.464313969	-0.212469259	-0.318655606	-0.214387533	-0.215904696	-0.287102312	-0.207846616	4.089494615	-0.204688182	-0.225946854	-0.225423654	-0.184737669	-0.21580012	-0.225355399	4.18262001	Basal
6246	5.907658432	-1.706561916	-0.252194661	-0.248656506	-0.237485435	-0.29066859	-0.351657306	-0.316610563	2.462416534	-0.216715518	-0.248482936	-0.246684533	-0.119356096	-0.266819597	-0.026083008	-0.243134111	-0.308270396	2.176405229	-0.212469259	-0.318655606	-0.214387533	-0.215904696	-0.287102312	-0.207846616	-0.182504536	-0.204688182	3.635236175	-0.225423654	-0.184737669	-0.21580012	-0.225355399	-0.226073413	Her2
6248	5.272534325	-1.376550988	-0.252194661	-0.248656506	-0.237485435	-0.29066859	-0.351657306	-0.316610563	-0.278717265	-0.216715518	-0.248482936	-0.246684533	-0.119356096	-0.266819597	3.337962204	-0.243134111	-0.308270396	-0.464313969	-0.212469259	-0.318655606	-0.214387533	-0.215904696	-0.287102312	-0.207846616	-0.182504536	-0.204688182	-0.225946854	-0.225423654	-0.184737669	3.888978296	-0.225355399	-0.226073413	Basal
6251	9.335815863	-2.383729501	-0.252194661	-0.248656506	-0.237485435	-0.29066859	-0.351657306	-0.316610563	-0.278717265	-0.216715518	-0.248482936	-0.246684533	-0.119356096	-0.266819597	-0.026083008	-0.243134111	-0.308270396	-0.464313969	-0.212469259	-0.318655606	-0.214387533	-0.215904696	-0.287102312	-0.207846616	-0.182504536	-0.204688182	-0.225946854	-0.225423654	-0.184737669	-0.21580012	-0.225355399	-0.226073413	Basal
6253	-2.474281761	0.959150132	-0.252194661	-0.248656506	-0.237485435	-0.29066859	-0.351657306	-0.316610563	-0.278717265	-0.216715518	-0.248482936	-0.246684533	-0.119356096	-0.266819597	-0.026083008	-0.243134111	1.657202656	-0.464313969	-0.212469259	-0.318655606	-0.214387533	-0.215904696	-0.287102312	-0.207846616	-0.182504536	4.263932627	-0.225946854	-0.225423654	-0.184737669	-0.21580012	-0.225355399	-0.226073413	LumA
6254	-2.14604933	0.251660633	-0.252194661	-0.248656506	-0.237485435	-0.29066859	-0.351657306	-0.316610563	2.462416534	-0.216715518	-0.248482936	-0.246684533	-0.119356096	2.818457796	-0.026083008	-0.243134111	-0.308270396	-0.464313969	-0.212469259	-0.318655606	-0.214387533	-0.215904696	-0.287102312	-0.207846616	-0.182504536	-0.204688182	-0.225946854	-0.225423654	-0.184737669	-0.21580012	-0.225355399	-0.226073413	LumB
6256	-2.662326044	1.179132806	-0.252194661	-0.248656506	-0.237485435	-0.29066859	-0.351657306	-0.316610563	-0.278717265	-0.216715518	-0.248482936	-0.246684533	-0.119356096	-0.266819597	7.127115559	-0.243134111	-0.308270396	-0.464313969	-0.212469259	-0.318655606	-0.214387533	-0.215904696	-0.287102312	-0.207846616	-0.182504536	-0.204688182	-0.225946854	-0.225423654	-0.184737669	-0.21580012	-0.225355399	-0.226073413	LumA
6257	-2.479660145	3.72328546	-0.252194661	-0.248656506	-0.237485435	2.842891314	-0.351657306	-0.316610563	-0.278717265	-0.216715518	-0.248482936	-0.246684533	-0.119356096	-0.266819597	3.763070347	-0.243134111	-0.308270396	-0.464313969	-0.212469259	-0.318655606	-0.214387533	-0.215904696	-0.287102312	-0.207846616	-0.182504536	-0.204688182	-0.225946854	-0.225423654	-0.184737669	-0.21580012	-0.225355399	-0.226073413	LumB
6263	-1.840470724	-1.376550988	-0.252194661	-0.248656506	-0.237485435	-0.29066859	-0.351657306	-0.316610563	-0.278717265	-0.216715518	-0.248482936	-0.246684533	-0.119356096	-0.266819597	-0.026083008	-0.243134111	-0.308270396	-0.464313969	-0.212469259	-0.318655606	-0.214387533	-0.215904696	-0.287102312	-0.207846616	-0.182504536	-0.204688182	-0.225946854	-0.225423654	-0.184737669	-0.21580012	-0.225355399	-0.226073413	LumA
6271	-2.09234627	4.044122806	-0.252194661	-0.248656506	-0.237485435	-0.29066859	-0.351657306	-0.316610563	2.401123692	-0.216715518	-0.248482936	-0.246684533	-0.119356096	-0.266819597	-0.026083008	-0.243134111	-0.308270396	-0.464313969	-0.212469259	-0.318655606	-0.214387533	-0.215904696	-0.287102312	-0.207846616	-0.182504536	-0.204688182	-0.225946854	-0.225423654	-0.184737669	-0.21580012	2.32427682	-0.226073413	LumA
6281	-2.01771048	-1.491859842	-0.252194661	-0.248656506	-0.237485435	-0.29066859	-0.351657306	-0.316610563	-0.278717265	-0.216715518	-0.248482936	-0.246684533	-0.119356096	-0.266819597	-0.026083008	-0.243134111	-0.308270396	-0.464313969	-0.212469259	-0.318655606	-0.214387533	-0.215904696	-3.683962262	-0.207846616	-0.182504536	-0.204688182	-0.225946854	-0.225423654	3.825031707	-0.21580012	-0.225355399	-0.226073413	LumB
6283	-2.123987073	-0.216119061	-0.252194661	-0.248656506	-0.237485435	-0.29066859	-0.351657306	-0.316610563	-0.278717265	-0.216715518	-0.248482936	3.812521364	-0.119356096	-0.266819597	-0.026083008	-0.243134111	-0.308270396	-0.464313969	4.013698691	-0.318655606	-0.214387533	-0.215904696	-0.287102312	-0.207846616	-0.182504536	-0.204688182	-0.225946854	-0.225423654	-0.184737669	-0.21580012	-0.225355399	4.18262001	LumA
6284	3.475372038	-1.376550988	-0.252194661	-0.248656506	-0.237485435	-0.29066859	-0.351657306	-0.316610563	-0.278717265	-0.216715518	-0.248482936	-0.246684533	-0.119356096	-0.266819597	-0.026083008	-0.243134111	-0.308270396	-0.464313969	-0.212469259	-0.318655606	-0.214387533	-0.215904696	-0.287102312	-0.207846616	-0.182504536	-0.204688182	-0.225946854	4.000744296	-0.184737669	-0.21580012	-0.225355399	-0.226073413	LumB
6286	-2.633954528	1.241769852	-0.252194661	-0.248656506	-0.237485435	-0.29066859	-0.351657306	-0.316610563	-0.278717265	-0.216715518	-0.248482936	-0.246684533	-0.119356096	-0.266819597	-0.026083008	-0.243134111	-0.308270396	-0.464313969	-0.212469259	-0.318655606	-0.214387533	-0.215904696	-0.287102312	-0.207846616	-0.182504536	-0.204688182	-0.225946854	-0.225423654	-0.184737669	-0.21580012	-0.225355399	-0.226073413	LumA
6287	0.971014821	-1.706561916	-0.252194661	-0.248656506	-0.237485435	-0.29066859	-0.351657306	-0.316610563	-0.278717265	-0.216715518	-0.248482936	-0.246684533	-0.119356096	-0.266819597	-3.390128219	-0.243134111	-0.308270396	-0.464313969	-0.212469259	2.961438281	-0.214387533	-0.215904696	-0.287102312	-0.207846616	-0.182504536	-0.204688182	-0.225946854	-0.225423654	-0.184737669	-0.21580012	-0.225355399	-0.226073413	LumB
6288	-2.214679535	-0.701151072	-0.252194661	-0.248656506	-0.237485435	-0.29066859	-0.351657306	-0.316610563	-0.278717265	-0.216715518	-0.248482936	-0.246684533	-0.119356096	-0.266819597	-0.026083008	-0.243134111	-0.308270396	-0.464313969	-0.212469259	-0.318655606	-0.214387533	-0.215904696	-0.287102312	-0.207846616	-0.182504536	-0.204688182	-0.225946854	-0.225423654	-0.184737669	-0.21580012	-0.225355399	-0.226073413	LumB
6297	-2.228378034	-0.560813275	-0.252194661	-0.248656506	-0.237485435	-0.29066859	-0.351657306	-0.316610563	-0.278717265	-0.216715518	-0.248482936	-0.246684533	-0.119356096	-0.266819597	-0.026083008	5.14075004	-0.308270396	-0.464313969	-0.212469259	-0.318655606	-0.214387533	-0.215904696	-0.287102312	-0.207846616	-0.182504536	-0.204688182	-0.225946854	-0.225423654	-0.184737669	-0.21580012	-0.225355399	-0.226073413	LumA
6300	-2.558266534	1.624355385	-0.252194661	-0.248656506	-0.237485435	-0.29066859	-0.351657306	-0.316610563	-0.278717265	-0.216715518	-0.248482936	3.812521364	-0.119356096	-0.266819597	-0.026083008	-0.243134111	-0.308270396	-0.464313969	-0.212469259	-0.318655606	-0.214387533	-0.215904696	-0.287102312	-0.207846616	-0.182504536	-0.204688182	-0.225946854	-0.225423654	-0.184737669	-0.21580012	-0.225355399	-0.226073413	LumB
6302	-2.284358356	-1.376550988	-0.252194661	-0.248656506	-0.237485435	-0.29066859	-0.351657306	-0.316610563	-0.278717265	-0.216715518	-0.248482936	-0.246684533	-0.119356096	-0.266819597	-0.026083008	-0.243134111	-0.308270396	-0.464313969	-0.212469259	-0.318655606	-0.214387533	-0.215904696	-0.287102312	-0.207846616	-0.182504536	-0.204688182	-0.225946854	-0.225423654	-0.184737669	-0.21580012	-0.225355399	-0.226073413	LumB
6306	-2.114534177	-0.469177717	3.327534539	-0.248656506	4.388052183	-0.29066859	-0.351657306	-0.316610563	-0.278717265	-0.216715518	-0.248482936	-0.246684533	-0.119356096	-0.266819597	-3.663379828	-0.243134111	-0.308270396	1.495584521	-0.212469259	-0.318655606	-0.214387533	-0.215904696	3.109757638	-0.207846616	-0.182504536	-0.204688182	-0.225946854	-0.225423654	-0.184737669	-0.21580012	-0.225355399	-0.226073413	LumB
6308	-2.662326044	-0.979547362	-0.252194661	-0.248656506	-0.237485435	-0.29066859	-0.351657306	2.553269008	-0.278717265	-0.216715518	-0.248482936	-0.246684533	-0.119356096	-0.266819597	-0.026083008	-0.243134111	-0.308270396	-0.464313969	-0.212469259	-0.318655606	-0.214387533	-0.215904696	-0.287102312	-0.207846616	-0.182504536	-0.204688182	-0.225946854	-0.225423654	-0.184737669	-0.21580012	-0.225355399	-0.226073413	LumA
6312	-2.280312211	-0.699383403	-0.252194661	-0.248656506	-0.237485435	-0.29066859	-0.351657306	-0.316610563	-0.278717265	-0.216715518	-0.248482936	-0.246684533	-0.119356096	-0.266819597	-0.026083008	-0.243134111	-0.308270396	-0.464313969	-0.212469259	-0.318655606	-0.214387533	-0.215904696	2.38659965	-0.207846616	-0.182504536	-0.204688182	-0.225946854	-0.225423654	-0.184737669	-0.21580012	-0.225355399	-0.226073413	LumB
6314	6.956719107	0.444084183	-0.252194661	-0.248656506	-0.237485435	-0.29066859	-0.351657306	-0.316610563	5.677494483	-0.216715518	-0.248482936	-0.246684533	-0.119356096	-0.266819597	-0.026083008	-0.243134111	-0.308270396	-0.464313969	-0.212469259	-0.318655606	-0.214387533	-0.215904696	3.109757638	-0.207846616	-0.182504536	-0.204688182	-0.225946854	4.000744296	-0.184737669	-0.21580012	-0.225355399	-0.226073413	Her2
6317	-2.121428547	0.051176979	-0.252194661	-0.248656506	-0.237485435	-0.29066859	-0.351657306	-0.316610563	-0.278717265	-0.216715518	-0.248482936	-0.246684533	-0.119356096	-0.266819597	-0.026083008	-0.243134111	-0.308270396	-0.464313969	-0.212469259	2.961438281	-0.214387533	-0.215904696	-0.287102312	-0.207846616	-0.182504536	-0.204688182	-0.225946854	-0.225423654	-0.184737669	-0.21580012	-0.225355399	-0.226073413	LumB
6318	7.433204544	-1.376550988	-0.252194661	-0.248656506	-0.237485435	2.769871954	-0.351657306	-0.316610563	-2.077158939	-0.216715518	-0.248482936	-0.246684533	-0.119356096	-0.266819597	-0.026083008	-0.243134111	-0.308270396	1.776663871	-0.212469259	-0.318655606	-0.214387533	-0.215904696	-0.287102312	-0.207846616	-0.182504536	-0.204688182	-0.225946854	-0.225423654	-0.184737669	-0.21580012	-0.225355399	-0.226073413	Her2
6319	-2.662326044	4.01633825	-0.252194661	-0.248656506	-0.237485435	-0.29066859	-0.351657306	-0.316610563	-0.278717265	-0.216715518	-0.248482936	-0.246684533	-0.119356096	-0.266819597	-0.026083008	-0.243134111	14.53952	-0.464313969	-0.212469259	-0.318655606	-0.214387533	-0.215904696	-0.287102312	-0.207846616	-0.182504536	-0.204688182	-0.225946854	-0.225423654	-0.184737669	-0.21580012	8.232288805	-0.226073413	Normal
6322	-1.470661415	-1.376550988	-0.252194661	-0.248656506	-0.237485435	-0.29066859	-0.351657306	-0.316610563	-0.278717265	-0.216715518	-0.248482936	-0.246684533	-0.119356096	-0.266819597	-0.026083008	-0.243134111	-0.308270396	-0.464313969	-0.212469259	2.961438281	4.248107679	-0.215904696	-0.287102312	-0.207846616	-0.182504536	-0.204688182	-0.225946854	-0.225423654	-0.184737669	-0.21580012	-0.225355399	-0.226073413	LumB
6328	-2.149489299	1.350000214	-0.252194661	-0.248656506	-0.237485435	-0.29066859	-0.351657306	-0.316610563	-0.278717265	-0.216715518	-0.248482936	-0.246684533	-0.119356096	2.408680029	-0.026083008	-0.243134111	-0.308270396	4.136303719	-0.212469259	-0.318655606	-0.214387533	-0.215904696	2.498109681	-0.207846616	-0.182504536	-0.204688182	-0.225946854	4.000744296	-0.184737669	-0.21580012	-0.225355399	-0.226073413	LumA
6329	-0.556639772	0.750966845	-0.252194661	2.74095742	-0.237485435	-0.29066859	-0.351657306	-0.316610563	-0.278717265	-0.216715518	-0.248482936	-0.246684533	-0.119356096	-0.266819597	-0.026083008	-0.243134111	-0.308270396	-0.464313969	-0.212469259	-0.318655606	-0.214387533	-0.215904696	-0.287102312	-0.207846616	-0.182504536	-0.204688182	-0.225946854	-0.225423654	-0.184737669	3.888978296	-0.225355399	-0.226073413	LumB
6330	0.863211934	-1.376550988	-0.252194661	2.74095742	-0.237485435	-0.29066859	-0.351657306	-0.316610563	-0.278717265	-0.216715518	-0.248482936	-0.246684533	-0.119356096	-0.266819597	-0.026083008	-0.243134111	-0.308270396	-0.464313969	-0.212469259	-0.318655606	-0.214387533	-0.215904696	-0.287102312	-0.207846616	-0.182504536	-0.204688182	-0.225946854	-0.225423654	-0.184737669	-0.21580012	-0.225355399	-0.226073413	Her2
6334	2.251572804	-0.979547362	-0.252194661	-0.248656506	-0.237485435	-0.29066859	-0.351657306	-0.316610563	-0.278717265	-0.216715518	-0.248482936	-0.246684533	-0.119356096	-0.266819597	-0.026083008	-0.243134111	-0.308270396	1.539767013	-0.212469259	-0.318655606	-0.214387533	-0.215904696	-0.287102312	-0.207846616	-0.182504536	-0.204688182	-0.225946854	-0.225423654	-0.184737669	-0.21580012	-0.225355399	-0.226073413	Her2
6336	9.814187524	-0.94247016	-0.252194661	-0.248656506	-0.237485435	3.266114292	-0.351657306	-0.316610563	-0.278717265	-0.216715518	-0.248482936	-0.246684533	-0.119356096	-0.266819597	-0.026083008	-0.243134111	1.533509197	-0.464313969	-0.212469259	-0.318655606	-0.214387533	-0.215904696	-0.287102312	-0.207846616	4.089494615	-0.204688182	-0.225946854	-0.225423654	-0.184737669	-0.21580012	-0.225355399	4.18262001	Basal
6337	8.20945143	0.266710042	-0.252194661	3.626355251	-0.237485435	-0.29066859	-0.351657306	-0.316610563	-0.278717265	-0.216715518	-0.248482936	-0.246684533	-0.119356096	-0.266819597	-0.026083008	-0.243134111	1.533509197	-0.464313969	-0.212469259	-0.318655606	-0.214387533	-0.215904696	-0.287102312	-0.207846616	-0.182504536	-0.204688182	-0.225946854	-0.225423654	-0.184737669	-0.21580012	-0.225355399	-0.226073413	Basal
6346	-1.549772322	2.006904468	-0.252194661	-0.248656506	-0.237485435	-0.29066859	-0.351657306	-0.316610563	-0.278717265	-0.216715518	-0.248482936	-0.246684533	-0.119356096	-0.266819597	-0.026083008	-0.243134111	-0.308270396	-0.464313969	-0.212469259	-0.318655606	3.801473094	-0.215904696	2.38659965	-0.207846616	-0.182504536	-0.204688182	-0.225946854	-0.225423654	-0.184737669	-0.21580012	-0.225355399	-0.226073413	LumB
6358	6.379593779	-1.706561916	-0.252194661	-0.248656506	-0.237485435	-0.29066859	-0.351657306	6.046281913	-0.278717265	4.121964595	-0.248482936	-0.246684533	-0.119356096	-0.266819597	-0.026083008	-0.243134111	-0.308270396	-0.464313969	-0.212469259	-0.318655606	-0.214387533	-0.215904696	-0.287102312	-0.207846616	-0.182504536	-0.204688182	-0.225946854	-0.225423654	-0.184737669	-0.21580012	-0.225355399	-0.226073413	Her2
6359	-0.815531038	-0.282762581	3.436194286	-0.248656506	-0.237485435	-0.29066859	-0.351657306	-0.316610563	-0.278717265	-0.216715518	-0.248482936	-0.246684533	-0.119356096	-0.266819597	-0.026083008	-0.243134111	-0.308270396	-0.464313969	-0.212469259	-0.318655606	-0.214387533	-0.215904696	-0.287102312	-0.207846616	-0.182504536	-0.204688182	-0.225946854	-0.225423654	-0.184737669	-0.21580012	-0.225355399	-0.226073413	Her2
6363	2.555383665	-1.706561916	-0.252194661	-0.248656506	-0.237485435	-0.29066859	-0.351657306	-0.316610563	-0.278717265	-0.216715518	-0.248482936	-0.246684533	-0.119356096	-0.266819597	-0.026083008	-0.243134111	-0.308270396	-0.464313969	-0.212469259	-0.318655606	-0.214387533	-0.215904696	-0.287102312	-0.207846616	-0.182504536	-0.204688182	-0.225946854	-0.225423654	-0.184737669	-0.21580012	-0.225355399	-0.226073413	Basal
7000	-2.130273866	-1.376550988	-0.252194661	-0.248656506	-0.237485435	2.769871954	2.562307003	-0.316610563	-0.278717265	-0.216715518	-0.248482936	-0.246684533	-0.119356096	-0.266819597	-0.026083008	-0.243134111	-0.308270396	4.129290454	-0.212469259	-0.318655606	3.801473094	-0.215904696	-0.287102312	-0.207846616	-0.182504536	-0.204688182	-0.225946854	-0.225423654	-0.184737669	-0.21580012	-0.225355399	-0.226073413	LumB
7002	-2.662326044	-1.706561916	-0.252194661	-0.248656506	-0.237485435	-0.29066859	-0.351657306	-0.316610563	-0.278717265	-0.216715518	-0.248482936	-0.246684533	-0.119356096	-0.266819597	-0.026083008	-0.243134111	-0.308270396	-0.464313969	-0.212469259	-0.318655606	-0.214387533	-0.215904696	-0.287102312	-0.207846616	-0.182504536	-0.204688182	-0.225946854	-0.225423654	-0.184737669	-0.21580012	-0.225355399	-0.226073413	LumB
7003	-2.345229725	-0.352799006	-0.252194661	-0.248656506	-0.237485435	-0.29066859	2.606252381	2.375855281	-0.278717265	-0.216715518	1.338876272	-0.246684533	-0.119356096	-0.266819597	-0.026083008	-0.243134111	-0.308270396	-0.464313969	-0.212469259	5.568300028	-0.214387533	-0.215904696	-0.287102312	-0.207846616	-0.182504536	-0.204688182	-0.225946854	-0.225423654	-0.184737669	-0.21580012	-0.225355399	-0.226073413	Normal
7004	-1.942229371	0.646842143	-0.252194661	-0.248656506	-0.237485435	-0.29066859	-0.351657306	-0.316610563	-0.278717265	-0.216715518	-0.248482936	-0.246684533	-0.119356096	-0.266819597	-0.026083008	-0.243134111	0.738645226	-0.464313969	-0.212469259	3.353165687	-0.214387533	8.999015999	-0.287102312	-0.207846616	-0.182504536	-0.204688182	-0.225946854	-0.225423654	-0.184737669	-0.21580012	-0.225355399	-0.226073413	LumA
7005	-2.092142429	-1.706561916	-0.252194661	-0.248656506	-0.237485435	2.842891314	-0.351657306	-0.316610563	-0.278717265	-0.216715518	-0.248482936	-0.246684533	-0.119356096	-0.266819597	-0.026083008	-0.243134111	-0.308270396	-0.464313969	-0.212469259	-0.318655606	-0.214387533	-0.215904696	-0.287102312	-0.207846616	-0.182504536	-0.204688182	-0.225946854	-0.225423654	-0.184737669	-0.21580012	-0.225355399	-0.226073413	LumB
7006	-2.662326044	-0.824795364	-0.252194661	-0.248656506	-0.237485435	-0.29066859	-0.351657306	-0.316610563	-0.278717265	-0.216715518	-0.248482936	-0.246684533	-0.119356096	-0.266819597	-0.026083008	-0.243134111	-0.308270396	-0.464313969	-0.212469259	-0.318655606	-0.214387533	-0.215904696	-0.287102312	-0.207846616	-0.182504536	-0.204688182	-0.225946854	-0.225423654	-0.184737669	-0.21580012	-0.225355399	-0.226073413	LumA
7007	14.41521906	-1.706561916	-0.252194661	-0.248656506	-0.237485435	-0.29066859	-0.351657306	-0.316610563	-0.278717265	-0.216715518	-0.248482936	-0.246684533	-0.119356096	-0.266819597	-0.026083008	-0.243134111	-0.308270396	-0.464313969	-0.212469259	-0.318655606	-0.214387533	-0.215904696	-0.287102312	-0.207846616	-0.182504536	-0.204688182	-0.225946854	-0.225423654	-0.184737669	-0.21580012	-0.225355399	-0.226073413	Basal
7009	1.978531177	-1.706561916	-0.252194661	-0.248656506	-0.237485435	-0.29066859	1.459868307	-0.316610563	2.690618033	-0.216715518	-0.248482936	-0.246684533	-0.119356096	-0.266819597	-0.026083008	-0.243134111	-0.308270396	-0.464313969	-0.212469259	-0.318655606	-0.214387533	-0.215904696	-0.287102312	-0.207846616	-0.182504536	-0.204688182	-0.225946854	-0.225423654	-0.184737669	-0.21580012	-0.225355399	-0.226073413	Basal
7010	-2.376341443	-1.376550988	-0.252194661	-0.248656506	-0.237485435	-0.29066859	-0.351657306	-0.316610563	-0.278717265	-0.216715518	-0.248482936	3.812521364	-0.119356096	-0.266819597	-0.026083008	-0.243134111	-0.308270396	-0.464313969	-0.212469259	-0.318655606	-0.214387533	-0.215904696	-0.287102312	-0.207846616	-0.182504536	-0.204688182	-0.225946854	-0.225423654	-0.184737669	-0.21580012	-0.225355399	-0.226073413	LumA
7012	14.32960046	-2.744149019	-3.940583607	2.74095742	-0.237485435	-0.29066859	-0.351657306	-0.316610563	-0.278717265	-0.216715518	-0.248482936	-0.246684533	-0.119356096	-0.266819597	-0.026083008	-0.243134111	1.533509197	-0.464313969	-0.212469259	3.353165687	-0.214387533	-0.215904696	-0.287102312	-0.207846616	-0.182504536	-0.204688182	-0.225946854	-0.225423654	-0.184737669	-0.21580012	-0.225355399	-0.226073413	Basal
7014	-0.307072826	0.251660633	-0.252194661	-0.248656506	-0.237485435	-0.29066859	7.659123765	-0.316610563	-0.278717265	-0.216715518	-0.248482936	-0.246684533	-0.119356096	-0.266819597	-0.026083008	-0.243134111	-0.308270396	-0.464313969	-0.212469259	-0.318655606	-0.214387533	-0.215904696	-0.287102312	-0.207846616	-0.182504536	-0.204688182	-0.225946854	-0.225423654	-0.184737669	-0.21580012	-0.225355399	-0.226073413	Basal
7015	-2.006641501	-0.452029762	-0.252194661	-0.248656506	-0.237485435	2.123590616	-0.351657306	-0.316610563	-0.278717265	-0.216715518	-0.248482936	-0.246684533	-0.119356096	-0.266819597	-0.026083008	-0.243134111	-0.308270396	-0.464313969	-0.212469259	-0.318655606	3.801473094	-0.215904696	-0.287102312	-0.207846616	-0.182504536	-0.204688182	-0.225946854	-0.225423654	-0.184737669	-0.21580012	-0.225355399	-0.226073413	LumB
7018	-1.912571743	-1.376550988	-0.252194661	-0.248656506	-0.237485435	-0.29066859	2.606252381	-0.316610563	-0.278717265	-0.216715518	-0.248482936	-0.246684533	-0.119356096	-0.266819597	-0.026083008	-0.243134111	-0.308270396	-0.464313969	-0.212469259	-0.318655606	-0.214387533	-0.215904696	-0.287102312	-0.207846616	-0.182504536	-0.204688182	-0.225946854	-0.225423654	-0.184737669	-0.21580012	-0.225355399	-0.226073413	Her2
7019	-2.662326044	-1.013984603	-0.252194661	-0.248656506	3.834389461	-0.29066859	-0.351657306	-0.316610563	-0.278717265	-0.216715518	-0.248482936	-0.246684533	-0.119356096	-0.266819597	-0.026083008	-0.243134111	-0.308270396	-0.464313969	-0.212469259	-0.318655606	-0.214387533	-0.215904696	-0.287102312	-0.207846616	-0.182504536	-0.204688182	4.126112021	-0.225423654	-0.184737669	-0.21580012	4.062030975	-0.226073413	LumB
7020	10.08840217	-0.707487896	-0.252194661	-0.248656506	-0.237485435	-0.29066859	-0.351657306	-0.316610563	-0.278717265	-0.216715518	-0.248482936	-0.246684533	-0.119356096	-0.266819597	-0.026083008	-0.243134111	-0.308270396	-0.464313969	-0.212469259	-0.318655606	-0.214387533	-0.215904696	-0.287102312	-0.207846616	-0.182504536	-0.204688182	-0.225946854	-0.225423654	-0.184737669	-0.21580012	-0.225355399	-0.226073413	Her2
7022	-1.598153905	-0.877172825	-0.252194661	-0.248656506	-0.237485435	-0.29066859	-0.351657306	-0.316610563	-0.278717265	-0.216715518	-0.248482936	-0.246684533	-0.119356096	-0.266819597	-0.026083008	-0.243134111	-0.308270396	-0.464313969	-0.212469259	3.353165687	-0.214387533	-0.215904696	2.38659965	-0.207846616	-0.182504536	-0.204688182	-0.225946854	-0.225423654	-0.184737669	4.129344901	-0.225355399	-0.226073413	LumB
7026	-2.209036942	0.565126104	-0.252194661	-0.248656506	3.834389461	-0.29066859	2.606252381	-0.316610563	-0.278717265	-0.216715518	-0.248482936	-0.246684533	-0.119356096	-0.266819597	-0.026083008	-0.243134111	-0.308270396	-0.464313969	-0.212469259	-0.318655606	-0.214387533	-0.215904696	-0.287102312	-0.207846616	-0.182504536	-0.204688182	-0.225946854	-0.225423654	-0.184737669	-0.21580012	-0.225355399	-0.226073413	LumB
7028	-1.168653529	-1.376550988	-0.252194661	-0.248656506	-0.237485435	-0.29066859	-0.351657306	-0.316610563	-0.278717265	-0.216715518	-0.248482936	-0.246684533	-0.119356096	-0.266819597	3.763070347	-0.243134111	-0.308270396	-0.464313969	-0.212469259	-0.318655606	-0.214387533	-0.215904696	-0.287102312	-0.207846616	4.580686761	-0.204688182	-0.225946854	-0.225423654	-0.184737669	-0.21580012	-0.225355399	-0.226073413	LumB
7029	-2.662326044	-0.370522563	-0.252194661	2.74095742	-0.237485435	-0.29066859	-0.351657306	-0.316610563	-0.278717265	-0.216715518	-0.248482936	-0.246684533	-0.119356096	-0.266819597	-0.026083008	-0.243134111	-0.308270396	-0.464313969	-0.212469259	1.896478735	-0.214387533	-0.215904696	-0.287102312	-0.207846616	-0.182504536	-0.204688182	-0.225946854	-0.225423654	-0.184737669	-0.21580012	-0.225355399	3.736102011	LumA
7030	2.90067369	-2.417397596	-0.252194661	-0.248656506	-0.237485435	-0.29066859	-0.351657306	-0.316610563	-0.278717265	-0.216715518	-0.248482936	-0.246684533	-0.119356096	-0.266819597	-0.026083008	-0.243134111	2.580424819	-0.464313969	-0.212469259	-0.318655606	-0.214387533	-0.215904696	-0.287102312	-0.207846616	-0.182504536	-0.204688182	-0.225946854	-0.225423654	-0.184737669	-0.21580012	2.32427682	-0.226073413	Basal
7031	9.812884359	-1.948617505	-0.252194661	-0.248656506	-0.237485435	-0.29066859	-0.351657306	-0.316610563	-0.278717265	-0.216715518	-0.248482936	-0.246684533	-0.119356096	7.281613125	-0.026083008	-0.243134111	-0.308270396	-0.464313969	-0.212469259	-0.318655606	-0.214387533	-0.215904696	-0.287102312	-0.207846616	-0.182504536	-0.204688182	3.635236175	-0.225423654	-0.184737669	-0.21580012	-0.225355399	-0.226073413	Basal
7032	-2.662326044	0.169433182	-0.252194661	3.626355251	-0.237485435	-0.29066859	-0.351657306	-0.316610563	-0.278717265	-0.216715518	-0.248482936	-0.246684533	-0.119356096	-0.266819597	-0.026083008	-0.243134111	-0.308270396	-0.464313969	-0.212469259	-0.318655606	-0.214387533	4.129240324	-0.287102312	-0.207846616	-0.182504536	-0.204688182	-0.225946854	-0.225423654	-0.184737669	-0.21580012	-0.225355399	-0.226073413	LumA
7034	-2.463566333	-7.69E-05	3.436194286	-0.248656506	-0.237485435	-0.29066859	-0.351657306	-0.316610563	2.708159186	-0.216715518	-0.248482936	-0.246684533	-0.119356096	-0.266819597	-0.026083008	-0.243134111	-0.308270396	-0.464313969	-0.212469259	-0.318655606	-0.214387533	-0.215904696	-0.287102312	-0.207846616	-0.182504536	-0.204688182	-0.225946854	-0.225423654	-0.184737669	-0.21580012	-0.225355399	-0.226073413	LumA
7035	4.336089531	-1.706561916	-0.252194661	-0.248656506	-0.237485435	-0.29066859	-0.351657306	-0.316610563	-0.278717265	4.067652388	-0.248482936	-0.246684533	-0.119356096	-0.266819597	-0.026083008	-0.243134111	-0.308270396	-0.464313969	-0.212469259	-0.318655606	-0.214387533	-0.215904696	-0.287102312	-0.207846616	-0.182504536	-0.204688182	-0.225946854	-0.225423654	-0.184737669	-0.21580012	-0.225355399	-0.226073413	Her2
7036	7.091205139	-1.376550988	-0.252194661	-0.248656506	-0.237485435	-0.29066859	-0.351657306	-0.316610563	-0.278717265	-0.216715518	-0.248482936	-0.246684533	-0.119356096	-0.266819597	-0.026083008	-0.243134111	-0.308270396	-0.464313969	-0.212469259	-0.318655606	4.248107679	-0.215904696	-0.287102312	-0.207846616	-0.182504536	-0.204688182	-0.225946854	-0.225423654	-0.184737669	-0.21580012	-0.225355399	-0.226073413	Basal
7037	-2.427647177	2.826974193	-0.252194661	-0.248656506	-0.237485435	-0.29066859	-0.351657306	-0.316610563	-0.278717265	-0.216715518	-0.248482936	-0.246684533	-0.119356096	-0.266819597	-0.026083008	-0.243134111	-0.308270396	-0.464313969	-0.212469259	-0.318655606	-0.214387533	-0.215904696	-0.287102312	-0.207846616	-0.182504536	-0.204688182	-0.225946854	-0.225423654	-0.184737669	-0.21580012	3.944902431	-0.226073413	LumA
7038	3.631267984	-1.376550988	-0.252194661	-0.248656506	-0.237485435	-0.29066859	-0.351657306	-0.316610563	-0.278717265	-0.216715518	-0.248482936	-0.246684533	-0.119356096	-0.266819597	-0.026083008	-0.243134111	-0.308270396	-0.464313969	-0.212469259	-0.318655606	-0.214387533	-0.215904696	-0.287102312	-0.207846616	-0.182504536	-0.204688182	3.635236175	-0.225423654	-0.184737669	-0.21580012	-0.225355399	-0.226073413	Basal
7039	-0.572755475	-1.706561916	-0.252194661	-0.248656506	-0.237485435	-3.424228495	-0.351657306	-0.316610563	-0.278717265	-0.216715518	-0.248482936	-0.246684533	-0.119356096	-0.266819597	-0.026083008	-0.243134111	2.704118278	-0.464313969	-0.212469259	-0.318655606	-0.214387533	4.653870979	-0.287102312	-0.207846616	-0.182504536	-0.204688182	-0.225946854	-0.225423654	-0.184737669	-0.21580012	-0.225355399	-0.226073413	Basal
7040	-2.355033701	-0.954302757	-0.252194661	-0.248656506	-0.237485435	2.123590616	-0.351657306	-0.316610563	-0.278717265	-0.216715518	-0.248482936	-0.246684533	-0.119356096	-0.266819597	-0.026083008	-0.243134111	-0.308270396	-0.464313969	-0.212469259	-0.318655606	-0.214387533	-0.215904696	-0.287102312	-0.207846616	-0.182504536	-0.204688182	-0.225946854	-0.225423654	-0.184737669	-0.21580012	4.062030975	-0.226073413	LumA
7041	-2.40656997	0.099551745	-0.252194661	-0.248656506	-0.237485435	-0.29066859	-0.351657306	-0.316610563	-0.278717265	-0.216715518	-0.248482936	-0.246684533	-0.119356096	-0.266819597	3.763070347	-0.243134111	-0.308270396	-0.464313969	-0.212469259	-0.318655606	-0.214387533	-0.215904696	-0.287102312	-0.207846616	-0.182504536	-0.204688182	-0.225946854	-0.225423654	-0.184737669	-0.21580012	-0.225355399	-0.226073413	LumA
7046	0.906769459	0.514364054	-0.252194661	-0.248656506	-0.237485435	-0.29066859	-0.351657306	-0.316610563	-0.278717265	-0.216715518	3.718555099	-0.246684533	-0.119356096	4.196335733	-0.026083008	3.270103434	-0.308270396	-0.464313969	-0.212469259	-0.318655606	-0.214387533	-0.215904696	-0.287102312	-0.207846616	-0.182504536	3.900090233	-0.225946854	-0.225423654	-0.184737669	-0.21580012	-0.225355399	-0.226073413	Her2
7048	-1.821712496	0.521944074	-0.252194661	-0.248656506	-0.237485435	-0.29066859	-0.351657306	3.176402342	2.708159186	-0.216715518	-0.248482936	-0.246684533	-0.119356096	-0.266819597	-0.026083008	-0.243134111	-0.308270396	-0.464313969	-0.212469259	-0.318655606	-0.214387533	4.129240324	-0.287102312	-0.207846616	-0.182504536	-0.204688182	-0.225946854	-0.225423654	-0.184737669	-0.21580012	3.944902431	-0.226073413	Her2
7049	3.248859769	-1.09504525	-0.252194661	-0.248656506	-0.237485435	-0.29066859	-0.351657306	-0.316610563	-0.278717265	-0.216715518	-0.248482936	-0.246684533	-0.119356096	-0.266819597	-0.026083008	-0.243134111	-0.308270396	-0.464313969	-0.212469259	1.896478735	-0.214387533	-0.215904696	-0.287102312	-0.207846616	-0.182504536	-0.204688182	-0.225946854	-0.225423654	-0.184737669	4.129344901	-0.225355399	-0.226073413	Basal
7050	3.55784435	0.074373363	-0.252194661	-0.248656506	-0.237485435	-0.29066859	-0.351657306	-0.316610563	1.519724409	-0.216715518	-0.248482936	-0.246684533	-0.119356096	-0.266819597	-0.026083008	-0.243134111	-0.308270396	-0.464313969	-0.212469259	-0.318655606	-0.214387533	-0.215904696	-0.287102312	-0.207846616	-0.182504536	-0.204688182	3.635236175	-0.225423654	-0.184737669	-0.21580012	-0.225355399	-0.226073413	Her2
7051	0.6256419	1.417583406	-0.252194661	-0.248656506	-0.237485435	-0.29066859	-0.351657306	-0.316610563	2.462416534	-0.216715518	-0.248482936	-0.246684533	-0.119356096	-0.266819597	-0.026083008	-0.243134111	-0.308270396	-0.464313969	-0.212469259	-0.318655606	-0.214387533	4.129240324	-0.287102312	-0.207846616	-0.182504536	-0.204688182	-0.225946854	-0.225423654	-0.184737669	-0.21580012	-0.225355399	-0.226073413	Her2
7053	-2.020395856	1.549038472	-0.252194661	-0.248656506	-0.237485435	-0.29066859	5.52021669	-0.316610563	-0.278717265	-0.216715518	-0.248482936	3.812521364	-0.119356096	-0.266819597	-0.026083008	-0.243134111	-0.308270396	8.374349276	-0.212469259	2.230272066	-0.214387533	-0.215904696	-0.287102312	-0.207846616	-0.182504536	-0.204688182	-0.225946854	-0.225423654	-0.184737669	-0.21580012	-0.225355399	-0.226073413	LumA
7055	10.40067841	-1.706561916	-0.252194661	-0.248656506	-0.237485435	6.326654837	-0.351657306	-0.316610563	-0.278717265	-0.216715518	-0.248482936	-0.246684533	-0.119356096	-0.266819597	-0.026083008	-0.243134111	-0.308270396	-0.464313969	-0.212469259	-0.318655606	-0.214387533	-0.215904696	-0.287102312	-0.207846616	-0.182504536	-0.204688182	-0.225946854	-0.225423654	-0.184737669	-0.21580012	-0.225355399	-0.226073413	Basal
7056	-2.504884733	2.050674501	-0.252194661	-0.248656506	-0.237485435	-0.29066859	-0.351657306	-0.316610563	-0.278717265	-0.216715518	-0.248482936	-0.246684533	-0.119356096	-0.266819597	-0.026083008	-0.243134111	-0.308270396	2.176405229	-0.212469259	-0.318655606	-0.214387533	-0.215904696	-0.287102312	-0.207846616	4.089494615	-0.204688182	-0.225946854	-0.225423654	-0.184737669	-0.21580012	-0.225355399	-0.226073413	LumA
7057	2.338395139	-1.706561916	-0.252194661	-0.248656506	-0.237485435	-0.29066859	-0.351657306	-0.316610563	-0.278717265	-0.216715518	-0.248482936	-0.246684533	-0.119356096	-0.266819597	-0.026083008	-0.243134111	-0.308270396	-0.464313969	-0.212469259	-0.318655606	-0.214387533	-0.215904696	-0.287102312	-0.207846616	-0.182504536	-0.204688182	-0.225946854	-0.225423654	-0.184737669	-0.21580012	-0.225355399	-0.226073413	Normal
7058	-2.662326044	0.311139421	-0.252194661	-0.248656506	-0.237485435	-0.29066859	-0.351657306	-0.316610563	-0.278717265	-0.216715518	-0.248482936	-0.246684533	-0.119356096	-0.266819597	-0.026083008	-0.243134111	2.778910949	-0.464313969	-0.212469259	2.230272066	4.248107679	-0.215904696	-0.287102312	-0.207846616	-0.182504536	-0.204688182	-0.225946854	-0.225423654	-0.184737669	-0.21580012	-0.225355399	-0.226073413	Normal
7060	-2.507237655	3.924083528	-0.252194661	-0.248656506	-0.237485435	-0.29066859	-0.351657306	-0.316610563	-0.278717265	-0.216715518	-0.248482936	-0.246684533	-0.119356096	-0.266819597	3.763070347	-0.243134111	0.738645226	1.539767013	-0.212469259	-0.318655606	-0.214387533	-0.215904696	-0.287102312	-0.207846616	-0.182504536	3.900090233	-0.225946854	-0.225423654	-0.184737669	-0.21580012	-0.225355399	-0.226073413	LumA
7061	-2.662326044	-1.376550988	-0.252194661	-0.248656506	-0.237485435	-0.29066859	-0.351657306	-0.316610563	-0.278717265	-0.216715518	-0.248482936	-0.246684533	-0.119356096	-0.266819597	-0.026083008	-0.243134111	0.738645226	1.776663871	-0.212469259	-0.318655606	-0.214387533	-0.215904696	-0.287102312	-0.207846616	-0.182504536	-0.204688182	-0.225946854	-0.225423654	-0.184737669	-0.21580012	-0.225355399	-0.226073413	Normal
7062	-2.662326044	-0.25852289	-0.252194661	-0.248656506	-0.237485435	-0.29066859	-0.351657306	-0.316610563	-0.278717265	-0.216715518	-0.248482936	-0.246684533	-0.119356096	-0.266819597	-0.026083008	-0.243134111	-0.308270396	-0.464313969	-0.212469259	-0.318655606	-0.214387533	-0.215904696	-0.287102312	-0.207846616	-0.182504536	-0.204688182	-0.225946854	-0.225423654	-0.184737669	-0.21580012	-0.225355399	-0.226073413	LumA
7065	-2.248548707	0.327539362	3.436194286	-0.248656506	-0.237485435	2.842891314	-0.351657306	-0.316610563	2.462416534	-0.216715518	-0.248482936	-0.246684533	-0.119356096	-0.266819597	-0.026083008	-0.243134111	-0.308270396	1.488571256	-0.212469259	-0.318655606	-0.214387533	-0.215904696	2.498109681	-0.207846616	-0.182504536	4.263932627	-0.225946854	-0.225423654	-0.184737669	-0.21580012	-0.225355399	-0.226073413	LumB
7066	1.316688665	-2.121406646	-0.252194661	-0.248656506	-0.237485435	-0.29066859	-0.351657306	-0.316610563	-0.278717265	-0.216715518	-0.248482936	-0.246684533	-0.119356096	-0.266819597	-0.026083008	-0.243134111	-0.308270396	1.776663871	-0.212469259	1.896478735	-0.214387533	-0.215904696	-0.287102312	-0.207846616	-0.182504536	-0.204688182	-0.225946854	-0.225423654	-0.184737669	-0.21580012	-0.225355399	-0.226073413	Her2
7067	7.641692092	-1.376550988	-0.252194661	-0.248656506	-0.237485435	-0.29066859	-0.351657306	-0.316610563	-0.278717265	-0.216715518	-0.248482936	-0.246684533	-0.119356096	-0.266819597	-0.026083008	-0.243134111	-0.308270396	-0.464313969	-0.212469259	-0.318655606	-0.214387533	-0.215904696	-0.287102312	-0.207846616	-0.182504536	-0.204688182	-0.225946854	-0.225423654	-0.184737669	-0.21580012	-0.225355399	-0.226073413	Her2
7068	3.448841138	-1.376550988	-0.252194661	-0.248656506	-0.237485435	-0.29066859	-0.351657306	-0.316610563	-0.278717265	-0.216715518	-0.248482936	-0.246684533	-0.119356096	2.818457796	-0.026083008	-0.243134111	-0.308270396	-0.464313969	-0.212469259	-0.318655606	-0.214387533	-0.215904696	-0.287102312	-0.207846616	-0.182504536	-0.204688182	-0.225946854	-0.225423654	-0.184737669	-0.21580012	-0.225355399	-0.226073413	Her2
7070	-0.376947097	-1.376550988	-0.252194661	-0.248656506	-0.237485435	2.123590616	-0.351657306	2.553269008	-0.278717265	-0.216715518	-0.248482936	-0.246684533	-0.119356096	-0.266819597	-0.026083008	-0.243134111	-0.308270396	-0.464313969	-0.212469259	-0.318655606	-0.214387533	-0.215904696	-0.287102312	-0.207846616	-0.182504536	-0.204688182	-0.225946854	-0.225423654	-0.184737669	-0.21580012	-0.225355399	-0.226073413	Her2
7071	-1.841611051	-1.227005966	-0.252194661	-0.248656506	-0.237485435	-0.29066859	2.606252381	-0.316610563	-0.278717265	-0.216715518	3.718555099	-0.246684533	-0.119356096	-0.266819597	-0.026083008	-0.243134111	-0.308270396	-0.464313969	4.013698691	-0.318655606	-0.214387533	-0.215904696	-0.287102312	-0.207846616	-0.182504536	-0.204688182	-0.225946854	-0.225423654	-0.184737669	-0.21580012	-0.225355399	-0.226073413	Her2
7072	1.482744706	-1.706561916	-0.252194661	-0.248656506	-0.237485435	-0.29066859	-0.351657306	-0.316610563	-0.278717265	-0.216715518	1.338876272	-0.246684533	-0.119356096	-0.266819597	-0.026083008	-0.243134111	-0.308270396	-0.464313969	-0.212469259	-0.318655606	-0.214387533	-0.215904696	-0.287102312	-0.207846616	-0.182504536	-0.204688182	-0.225946854	-0.225423654	-0.184737669	-0.21580012	-0.225355399	-0.226073413	LumB
7073	9.650383596	-1.059711814	-0.252194661	-0.248656506	-0.237485435	-0.29066859	-0.351657306	-0.316610563	-0.278717265	-0.216715518	-0.248482936	3.637583228	-0.119356096	-0.266819597	-0.026083008	-0.243134111	-0.308270396	-0.464313969	-0.212469259	-0.318655606	-0.214387533	-0.215904696	-0.287102312	-0.207846616	-0.182504536	-0.204688182	-0.225946854	-0.225423654	-0.184737669	-0.21580012	-0.225355399	-0.226073413	Basal
7074	-2.618279219	-0.874783321	-0.252194661	-0.248656506	3.834389461	-0.29066859	-0.351657306	-0.316610563	-0.278717265	-0.216715518	-0.248482936	-0.246684533	-0.119356096	-0.266819597	-0.026083008	-0.243134111	6.650917221	-0.464313969	-0.212469259	-0.318655606	-0.214387533	-0.215904696	-0.287102312	-0.207846616	-0.182504536	-0.204688182	-0.225946854	-0.225423654	-0.184737669	-0.21580012	3.944902431	-0.226073413	Normal
7075	-1.470047807	0.800849241	-0.252194661	-0.248656506	-0.237485435	-0.29066859	-0.351657306	-0.316610563	-0.278717265	-0.216715518	-0.248482936	-0.246684533	-0.119356096	-0.266819597	-0.026083008	3.270103434	-0.308270396	2.176405229	-0.212469259	-0.318655606	-0.214387533	-0.215904696	-0.287102312	-0.207846616	-0.182504536	-0.204688182	-0.225946854	4.000744296	3.825031707	-0.21580012	-0.225355399	-0.226073413	LumB
7076	-2.662326044	5.729648214	3.327534539	-0.248656506	-0.237485435	-0.29066859	7.659123765	-0.316610563	-0.278717265	-0.216715518	3.718555099	-0.246684533	-0.119356096	4.196335733	-0.026083008	-0.243134111	-0.308270396	1.776663871	-0.212469259	-0.318655606	-0.214387533	-0.215904696	-0.287102312	-0.207846616	-0.182504536	-0.204688182	-0.225946854	-0.225423654	-0.184737669	-0.21580012	-0.225355399	-0.226073413	LumA
7077	-2.662326044	-0.979547362	-0.252194661	-0.248656506	-0.237485435	-0.29066859	-0.351657306	-0.316610563	-0.278717265	-0.216715518	-0.248482936	-0.246684533	-0.119356096	-0.266819597	-0.026083008	-0.243134111	-0.308270396	2.176405229	-0.212469259	-0.318655606	-0.214387533	-0.215904696	-0.287102312	-0.207846616	-0.182504536	-0.204688182	-0.225946854	-0.225423654	-0.184737669	-0.21580012	-0.225355399	-0.226073413	LumA
7080	-2.662326044	0.685739947	-0.252194661	-0.248656506	-0.237485435	2.769871954	-0.351657306	-0.316610563	-0.278717265	-0.216715518	-0.248482936	3.637583228	-0.119356096	-0.266819597	-0.026083008	-0.243134111	-0.308270396	-0.464313969	-0.212469259	2.961438281	-0.214387533	-0.215904696	-0.287102312	-0.207846616	-0.182504536	-0.204688182	-0.225946854	-0.225423654	-0.184737669	-0.21580012	-0.225355399	-0.226073413	LumA
7083	-1.806163904	-0.616018569	3.327534539	-0.248656506	-0.237485435	-0.29066859	-0.351657306	3.176402342	-0.278717265	-0.216715518	-0.248482936	3.812521364	-0.119356096	-0.266819597	-0.026083008	-0.243134111	-0.308270396	-0.464313969	-0.212469259	-0.318655606	-0.214387533	-0.215904696	-0.287102312	-0.207846616	-0.182504536	-0.204688182	-0.225946854	-0.225423654	-0.184737669	-0.21580012	-0.225355399	-0.226073413	LumB
7084	8.082871084	-0.877172825	-0.252194661	-0.248656506	-0.237485435	-0.29066859	-0.351657306	-0.316610563	-0.278717265	-0.216715518	-0.248482936	-0.246684533	-0.119356096	-0.266819597	-0.026083008	-0.243134111	-0.308270396	-0.464313969	-0.212469259	-0.318655606	-0.214387533	-0.215904696	-0.287102312	-0.207846616	-0.182504536	-0.204688182	-0.225946854	-0.225423654	7.075645802	-0.21580012	-0.225355399	-0.226073413	Basal
7085	-2.299881413	-0.486467003	-0.252194661	-0.248656506	-0.237485435	2.769871954	-0.351657306	-0.316610563	-0.278717265	-0.216715518	-0.248482936	3.812521364	-0.119356096	-0.266819597	-0.026083008	-0.243134111	-0.308270396	2.176405229	-0.212469259	-0.318655606	-0.214387533	-0.215904696	-0.287102312	-0.207846616	-0.182504536	-0.204688182	-0.225946854	-0.225423654	-0.184737669	-0.21580012	-0.225355399	-0.226073413	Normal
7086	-2.291157187	-1.376550988	3.327534539	7.686104705	-0.237485435	-0.29066859	-0.351657306	-0.316610563	-0.278717265	-0.216715518	-0.248482936	-0.246684533	-0.119356096	-0.266819597	-0.026083008	-0.243134111	-0.308270396	-0.464313969	-0.212469259	-0.318655606	-0.214387533	-0.215904696	-0.287102312	-0.207846616	-0.182504536	-0.204688182	-0.225946854	-0.225423654	11.08541518	-0.21580012	2.32427682	-0.226073413	LumB
7087	6.86551183	-1.824254961	-0.252194661	-0.248656506	-0.237485435	-0.29066859	-0.351657306	-0.316610563	-0.278717265	-0.216715518	-0.248482936	-0.246684533	-0.119356096	-0.266819597	-0.026083008	-0.243134111	-0.308270396	-0.464313969	-0.212469259	-0.318655606	-0.214387533	-0.215904696	-0.287102312	4.561689904	-0.182504536	-0.204688182	-0.225946854	-0.225423654	-0.184737669	-0.21580012	-0.225355399	-0.226073413	Basal
7088	4.345317527	-0.911782905	-0.252194661	-0.248656506	-0.237485435	-0.29066859	2.562307003	-0.316610563	-0.278717265	-0.216715518	-0.248482936	-0.246684533	-0.119356096	-0.266819597	-0.026083008	3.270103434	-0.308270396	-0.464313969	-0.212469259	-0.318655606	-0.214387533	-0.215904696	2.38659965	-0.207846616	-0.182504536	4.263932627	-0.225946854	-0.225423654	-0.184737669	-0.21580012	-0.225355399	-0.226073413	Her2
7090	9.321056885	-1.376550988	-0.252194661	3.811092949	-0.237485435	3.266114292	-0.351657306	-0.316610563	-0.278717265	-0.216715518	-0.248482936	-0.246684533	-0.119356096	-0.266819597	-0.026083008	-0.243134111	-0.308270396	-0.464313969	-0.212469259	-0.318655606	-0.214387533	-0.215904696	-0.287102312	-0.207846616	-0.182504536	-0.204688182	-0.225946854	-0.225423654	-0.184737669	-0.21580012	-0.225355399	-0.226073413	Basal
7091	-2.140334192	-0.347927848	-0.252194661	-0.248656506	-0.237485435	-0.29066859	2.606252381	-0.316610563	-0.278717265	-0.216715518	-0.248482936	-0.246684533	-0.119356096	-0.266819597	-0.026083008	-0.243134111	1.657202656	-0.464313969	-0.212469259	-0.318655606	-0.214387533	-0.215904696	-0.287102312	-0.207846616	-0.182504536	-0.204688182	-0.225946854	-0.225423654	-0.184737669	-0.21580012	-0.225355399	-0.226073413	LumA
7092	-1.89020465	1.438990439	-0.252194661	-0.248656506	-0.237485435	2.123590616	-0.351657306	-0.316610563	-0.278717265	-0.216715518	-0.248482936	-0.246684533	-0.119356096	-0.266819597	-0.026083008	-0.243134111	-0.308270396	-0.464313969	-0.212469259	-0.318655606	-0.214387533	-0.215904696	-0.287102312	-0.207846616	-0.182504536	-0.204688182	-0.225946854	-0.225423654	-0.184737669	-0.21580012	-0.225355399	-0.226073413	Her2
7093	-2.568728716	-1.014557677	-0.252194661	-0.248656506	3.834389461	2.842891314	-0.351657306	-0.316610563	-0.278717265	-0.216715518	-0.248482936	-0.246684533	-0.119356096	-0.266819597	-0.026083008	-0.243134111	-0.308270396	1.539767013	4.013698691	-0.318655606	-0.214387533	-0.215904696	-0.287102312	-0.207846616	-0.182504536	-0.204688182	-0.225946854	4.000744296	-0.184737669	-0.21580012	-0.225355399	-0.226073413	LumA
7095	-1.756000861	-0.024828204	-0.252194661	-0.248656506	-0.237485435	-0.29066859	-0.351657306	-0.316610563	2.690618033	-0.216715518	-0.248482936	-0.246684533	-0.119356096	-0.266819597	3.763070347	-0.243134111	-0.308270396	-0.464313969	-0.212469259	-0.318655606	4.248107679	-0.215904696	3.109757638	-0.207846616	-0.182504536	-0.204688182	-0.225946854	-0.225423654	-0.184737669	-0.21580012	-0.225355399	-0.226073413	LumA
7096	-2.662326044	1.239789629	-0.252194661	-0.248656506	-0.237485435	2.769871954	2.606252381	-0.316610563	-0.278717265	-0.216715518	-0.248482936	-0.246684533	-0.119356096	-0.266819597	-0.026083008	-0.243134111	1.657202656	-0.464313969	-0.212469259	-0.318655606	-0.214387533	-0.215904696	-0.287102312	-0.207846616	-0.182504536	-0.204688182	-0.225946854	4.000744296	-0.184737669	-0.21580012	-0.225355399	-0.226073413	LumA
7097	-1.917082853	1.626623034	-0.252194661	-0.248656506	-0.237485435	-0.29066859	-0.351657306	-0.316610563	-0.278717265	-0.216715518	-0.248482936	-0.246684533	-0.119356096	-0.266819597	-0.026083008	-0.243134111	-0.308270396	-0.464313969	-0.212469259	-0.318655606	-0.214387533	-0.215904696	-0.287102312	-0.207846616	-0.182504536	-0.204688182	-0.225946854	-0.225423654	-0.184737669	-0.21580012	-0.225355399	-0.226073413	LumB
7099	-1.969903583	0.254437826	10.01724412	-0.248656506	-0.237485435	-0.29066859	-0.351657306	-0.316610563	2.401123692	-0.216715518	3.282939861	-0.246684533	-0.119356096	-0.266819597	-0.026083008	-0.243134111	-0.308270396	-0.464313969	-0.212469259	-0.318655606	-0.214387533	-0.215904696	-0.287102312	-0.207846616	4.580686761	-0.204688182	4.126112021	-0.225423654	-0.184737669	-0.21580012	-0.225355399	-0.226073413	LumB
7100	-0.632641267	3.350148569	-0.252194661	-0.248656506	-0.237485435	-0.29066859	-0.351657306	-0.316610563	2.462416534	-0.216715518	-0.248482936	-0.246684533	-0.119356096	-0.266819597	-0.026083008	5.14075004	-0.308270396	-0.464313969	-0.212469259	-0.318655606	-0.214387533	-0.215904696	2.3994378	-0.207846616	-0.182504536	-0.204688182	-0.225946854	8.626281914	-0.184737669	-0.21580012	4.062030975	-0.226073413	LumB
7102	-1.310239539	0.513905108	3.327534539	-0.248656506	-0.237485435	-0.29066859	-0.351657306	-0.316610563	-0.278717265	-0.216715518	-0.248482936	-0.246684533	-0.119356096	-0.266819597	-0.026083008	-0.243134111	-0.308270396	-0.464313969	-0.212469259	-0.318655606	-0.214387533	-0.215904696	-0.287102312	-0.207846616	-0.182504536	-0.204688182	-0.225946854	-0.225423654	-0.184737669	-0.21580012	-0.225355399	-0.226073413	LumB
7107	-1.749096103	0.480944478	-0.252194661	-0.248656506	-0.237485435	-0.29066859	-0.351657306	-0.316610563	-0.278717265	-0.216715518	-0.248482936	-0.246684533	-0.119356096	-0.266819597	-0.026083008	-0.243134111	-0.308270396	-0.464313969	-0.212469259	-0.318655606	-0.214387533	-0.215904696	-0.287102312	-0.207846616	-0.182504536	-0.204688182	-0.225946854	4.400113964	-0.184737669	-0.21580012	-0.225355399	-0.226073413	LumA
7109	-1.185694697	-0.267725234	-0.252194661	-0.248656506	-0.237485435	-0.29066859	2.562307003	-0.316610563	2.708159186	-0.216715518	-0.248482936	-0.246684533	-0.119356096	-0.266819597	-0.026083008	-0.243134111	-0.308270396	-0.464313969	-0.212469259	3.353165687	-0.214387533	-0.215904696	2.498109681	-0.207846616	-0.182504536	3.900090233	-0.225946854	-0.225423654	-0.184737669	-0.21580012	-0.225355399	-0.226073413	LumB
7113	-2.596583605	-1.227005966	-0.252194661	-0.248656506	-0.237485435	-0.29066859	2.606252381	-0.316610563	-0.278717265	-0.216715518	-0.248482936	-0.246684533	-0.119356096	-0.266819597	-0.026083008	-0.243134111	5.529208929	1.539767013	4.325837086	-0.318655606	-0.214387533	-0.215904696	-0.287102312	-0.207846616	-0.182504536	-0.204688182	4.126112021	-0.225423654	-0.184737669	-0.21580012	-0.225355399	-0.226073413	LumA
7115	5.27039325	0.329901864	-0.252194661	-0.248656506	-0.237485435	-0.29066859	-0.351657306	-0.316610563	-0.278717265	-0.216715518	-0.248482936	-0.246684533	-0.119356096	-0.266819597	-0.026083008	-0.243134111	-0.308270396	-0.464313969	-0.212469259	-0.318655606	-0.214387533	-0.215904696	2.498109681	-0.207846616	-0.182504536	3.900090233	-0.225946854	-0.225423654	-0.184737669	-0.21580012	-0.225355399	-0.226073413	Her2
7116	-2.175126651	-0.078117494	-0.252194661	2.74095742	-0.237485435	-0.29066859	-0.351657306	-0.316610563	-0.278717265	-0.216715518	-0.248482936	-0.246684533	-0.119356096	-0.266819597	-0.026083008	-0.243134111	-0.308270396	-0.464313969	-0.212469259	2.230272066	-0.214387533	-0.215904696	-0.287102312	-0.207846616	-0.182504536	-0.204688182	-0.225946854	-0.225423654	-0.184737669	-0.21580012	-0.225355399	-0.226073413	LumB
7118	-1.719117304	1.320419592	-0.252194661	-0.248656506	-0.237485435	2.769871954	-0.351657306	3.176402342	2.708159186	-0.216715518	-0.248482936	-0.246684533	-0.119356096	-0.266819597	-0.026083008	-0.243134111	-0.308270396	-0.464313969	-0.212469259	1.896478735	-0.214387533	-0.215904696	-0.287102312	-0.207846616	-0.182504536	-0.204688182	-0.225946854	-0.225423654	-0.184737669	-0.21580012	3.944902431	-0.226073413	LumA
7119	5.981898854	-1.376550988	-3.253515299	-0.248656506	-0.237485435	-0.29066859	-0.351657306	6.104235171	-0.278717265	-0.216715518	-0.248482936	-0.246684533	-0.119356096	2.818457796	-0.026083008	-0.243134111	-0.308270396	-0.464313969	-0.212469259	-0.318655606	-0.214387533	-0.215904696	-0.287102312	3.962522913	-0.182504536	-0.204688182	3.635236175	-0.225423654	-0.184737669	-0.21580012	-0.225355399	-0.226073413	Basal
7122	-0.03702137	-1.706561916	-0.252194661	-0.248656506	-0.237485435	-0.29066859	-0.351657306	-0.316610563	-0.278717265	-0.216715518	-0.248482936	-0.246684533	-0.119356096	-0.266819597	-0.026083008	-0.243134111	-0.308270396	-0.464313969	-0.212469259	-0.318655606	-0.214387533	-0.215904696	-0.287102312	-0.207846616	-0.182504536	-0.204688182	-0.225946854	-0.225423654	-0.184737669	-0.21580012	-0.225355399	-0.226073413	Basal
7131	-1.172245652	1.81487935	-0.252194661	-0.248656506	-0.237485435	-0.29066859	-0.351657306	-0.316610563	-0.278717265	-0.216715518	-0.248482936	-0.246684533	-0.119356096	-0.266819597	3.763070347	-0.243134111	-0.308270396	-0.464313969	-0.212469259	-0.318655606	3.801473094	-0.215904696	-0.287102312	-0.207846616	-0.182504536	-0.204688182	-0.225946854	-0.225423654	-0.184737669	-0.21580012	-0.225355399	-0.226073413	LumB
7132	-2.120600663	1.585272483	-0.252194661	-0.248656506	-0.237485435	-0.29066859	2.562307003	-0.316610563	-0.278717265	-0.216715518	-0.248482936	3.637583228	-0.119356096	-0.266819597	-0.026083008	-0.243134111	-0.308270396	-0.464313969	-0.212469259	2.230272066	3.801473094	-0.215904696	-0.287102312	-0.207846616	-0.182504536	-0.204688182	-0.225946854	-0.225423654	-0.184737669	-0.21580012	-0.225355399	-0.226073413	LumB
7137	-2.368564108	-0.482155351	-0.252194661	-0.248656506	-0.237485435	-0.29066859	1.459868307	2.375855281	-0.278717265	-0.216715518	-0.248482936	-0.246684533	-0.119356096	-0.266819597	-0.026083008	-0.243134111	-0.308270396	-0.464313969	-0.212469259	-0.318655606	-0.214387533	-0.215904696	-0.287102312	-0.207846616	-0.182504536	-0.204688182	-0.225946854	-0.225423654	-0.184737669	-0.21580012	-0.225355399	-0.226073413	LumA
7138	-2.576676844	1.828251816	-0.252194661	-0.248656506	-0.237485435	-0.29066859	2.562307003	-0.316610563	-0.278717265	-0.216715518	-0.248482936	-0.246684533	-0.119356096	-0.266819597	-0.026083008	5.14075004	-0.308270396	-0.464313969	-0.212469259	-0.318655606	-0.214387533	-0.215904696	2.38659965	-0.207846616	-0.182504536	-0.204688182	-0.225946854	-0.225423654	-0.184737669	-0.21580012	-0.225355399	-0.226073413	LumB
7141	-0.920817585	0.538758371	-0.252194661	3.811092949	-0.237485435	-0.29066859	-0.351657306	6.104235171	5.449292985	-0.216715518	-0.248482936	-0.246684533	-0.119356096	9.957112751	-0.026083008	-0.243134111	-0.308270396	-0.464313969	-0.212469259	3.353165687	-0.214387533	-0.215904696	-0.287102312	-0.207846616	-0.182504536	-0.204688182	-0.225946854	-0.225423654	-0.184737669	-0.21580012	-0.225355399	-0.226073413	LumA
7142	-2.662326044	1.031077894	-0.252194661	-0.248656506	-0.237485435	-0.29066859	-0.351657306	-0.316610563	-0.278717265	-0.216715518	-0.248482936	-0.246684533	-0.119356096	-0.266819597	-0.026083008	-0.243134111	-0.308270396	2.176405229	-0.212469259	1.896478735	-0.214387533	4.129240324	-0.287102312	-0.207846616	-0.182504536	-0.204688182	-0.225946854	-0.225423654	-0.184737669	-0.21580012	-0.225355399	-0.226073413	LumB
7144	2.087516747	-0.376885983	-0.252194661	-0.248656506	-0.237485435	-0.29066859	5.52021669	-0.316610563	-0.278717265	-0.216715518	-0.248482936	3.812521364	-0.119356096	-0.266819597	-0.026083008	-0.243134111	-0.308270396	1.539767013	-0.212469259	-0.318655606	-0.214387533	-0.215904696	-0.287102312	-0.207846616	-0.182504536	-0.204688182	-0.225946854	-0.225423654	-0.184737669	-0.21580012	-0.225355399	-0.226073413	LumB
7145	10.26580471	0.225737267	-0.252194661	-0.248656506	-0.237485435	-0.29066859	-0.351657306	-0.316610563	-0.278717265	4.067652388	-0.248482936	-0.246684533	-0.119356096	-0.266819597	-0.026083008	-0.243134111	-0.308270396	2.176405229	4.013698691	-0.318655606	-0.214387533	-0.215904696	2.38659965	-0.207846616	-0.182504536	-0.204688182	4.126112021	-0.225423654	-0.184737669	-0.21580012	-0.225355399	-0.226073413	Basal
7151	8.422145117	-1.61436837	-0.252194661	-0.248656506	-0.237485435	-0.29066859	4.373832616	-0.316610563	-0.278717265	-0.216715518	-0.248482936	7.696789124	-0.119356096	4.196335733	-0.026083008	-0.243134111	3.563735876	-0.464313969	-0.212469259	-0.318655606	-0.214387533	-0.215904696	-0.287102312	-0.207846616	-0.182504536	-0.204688182	-0.225946854	-0.225423654	-0.184737669	-0.21580012	-0.225355399	-0.226073413	Basal
7153	-0.163813643	-1.376550988	-0.252194661	-0.248656506	-0.237485435	-0.29066859	2.562307003	-0.316610563	-0.278717265	-0.216715518	1.338876272	-0.246684533	-0.119356096	-0.266819597	-0.026083008	-0.243134111	-0.308270396	-0.464313969	-0.212469259	-0.318655606	-0.214387533	-0.215904696	-0.287102312	-0.207846616	-0.182504536	-0.204688182	-0.225946854	-0.225423654	-0.184737669	-0.21580012	-0.225355399	-0.226073413	Her2
7154	2.441923789	-1.376550988	-0.252194661	-0.248656506	-0.237485435	-0.29066859	2.606252381	-0.316610563	-0.278717265	-0.216715518	-0.248482936	-0.246684533	-0.119356096	-0.266819597	-3.663379828	-0.243134111	-0.308270396	-0.464313969	-0.212469259	-0.318655606	-0.214387533	-0.215904696	-0.287102312	-0.207846616	4.580686761	-0.204688182	4.126112021	-0.225423654	3.825031707	-0.21580012	-0.225355399	-0.226073413	Basal
7157	-1.224709069	2.809630912	-0.252194661	-0.248656506	-0.237485435	-0.29066859	-0.351657306	-0.316610563	2.708159186	-0.216715518	-0.248482936	-0.246684533	-0.119356096	2.408680029	-0.026083008	-0.243134111	2.778910949	-0.464313969	-0.212469259	2.961438281	-0.214387533	-0.215904696	3.109757638	-0.207846616	-0.182504536	-0.204688182	-0.225946854	-0.225423654	-0.184737669	-0.21580012	-0.225355399	-0.226073413	LumB
7159	16.79828352	-3.232339129	-0.252194661	-0.248656506	-0.237485435	-0.29066859	-0.351657306	-0.316610563	-0.278717265	-0.216715518	-0.248482936	-0.246684533	-6.583617558	-0.266819597	-0.026083008	-0.243134111	-0.308270396	-0.464313969	-0.212469259	-0.318655606	-0.214387533	-0.215904696	-0.274264161	-0.207846616	-0.182504536	-0.204688182	-0.225946854	-0.225423654	-0.184737669	-0.21580012	-0.225355399	-0.226073413	Basal
7160	2.13267115	-0.382818264	-0.252194661	-0.248656506	-0.237485435	-0.29066859	-0.351657306	-0.316610563	2.462416534	-0.216715518	-0.248482936	-0.246684533	-0.119356096	-0.266819597	-0.026083008	-0.243134111	0.738645226	1.539767013	4.325837086	-0.318655606	-0.214387533	-0.215904696	-0.287102312	-0.207846616	-0.182504536	-0.204688182	-0.225946854	-0.225423654	-0.184737669	-0.21580012	-0.225355399	-0.226073413	Her2
7161	-2.119140195	0.72988814	-0.252194661	-0.248656506	-0.237485435	-0.29066859	-0.351657306	-0.316610563	-0.278717265	-0.216715518	-0.248482936	-0.246684533	-0.119356096	-0.266819597	-0.026083008	-0.243134111	-0.308270396	-0.464313969	-0.212469259	-0.318655606	-0.214387533	-0.215904696	-0.287102312	-0.207846616	-0.182504536	-0.204688182	4.126112021	-0.225423654	-0.184737669	-0.21580012	-0.225355399	-0.226073413	LumA
7162	-2.662326044	-0.83000234	-0.252194661	-0.248656506	-0.237485435	-0.29066859	-0.351657306	-0.316610563	-0.278717265	-0.216715518	-0.248482936	-0.246684533	-0.119356096	-0.266819597	-0.026083008	-0.243134111	-0.308270396	-0.464313969	-0.212469259	-0.318655606	-0.214387533	-0.215904696	-0.287102312	-0.207846616	-0.182504536	-0.204688182	-0.225946854	-0.225423654	-0.184737669	-0.21580012	-0.225355399	-0.226073413	LumA
7164	-2.476961785	-0.632662593	-0.252194661	-0.248656506	-0.237485435	-0.29066859	-0.351657306	-0.316610563	-0.278717265	-0.216715518	-0.248482936	-0.246684533	-0.119356096	-0.266819597	-0.026083008	-0.243134111	-0.308270396	2.176405229	-0.212469259	-0.318655606	-0.214387533	-0.215904696	-0.287102312	-0.207846616	-0.182504536	-0.204688182	-0.225946854	-0.225423654	-0.184737669	-0.21580012	-0.225355399	-0.226073413	LumA
7167	-2.083192991	0.619643223	-0.252194661	3.626355251	-0.237485435	-0.29066859	-0.351657306	-0.316610563	-0.278717265	-0.216715518	-0.248482936	-0.246684533	-0.119356096	-0.266819597	-0.026083008	-0.243134111	-0.308270396	-0.464313969	-0.212469259	-0.318655606	-0.214387533	-0.215904696	-0.287102312	-0.207846616	-0.182504536	-0.204688182	-0.225946854	-0.225423654	-0.184737669	-0.21580012	-0.225355399	-0.226073413	Her2
7170	-2.164452776	2.954093306	-0.252194661	-0.248656506	-0.237485435	-0.29066859	-0.351657306	-0.316610563	-0.278717265	-0.216715518	-0.248482936	-0.246684533	4.219324018	-0.266819597	-0.026083008	-0.243134111	-0.308270396	-0.464313969	-0.212469259	-0.318655606	-0.214387533	-0.215904696	-0.287102312	-0.207846616	-0.182504536	-0.204688182	-0.225946854	-0.225423654	-0.184737669	-0.21580012	-0.225355399	-0.226073413	LumA
7171	-1.059277678	0.413550894	-0.252194661	-0.248656506	-0.237485435	-0.29066859	2.606252381	-0.316610563	-0.278717265	-0.216715518	-0.248482936	-0.246684533	-0.119356096	-0.266819597	-0.026083008	-0.243134111	-0.308270396	-0.464313969	-0.212469259	-0.318655606	-0.214387533	-0.215904696	-0.287102312	-0.207846616	-0.182504536	4.263932627	-0.225946854	-0.225423654	-0.184737669	-0.21580012	-0.225355399	-0.226073413	LumB
7172	-1.652786642	-0.705425691	7.015923485	-0.248656506	-0.237485435	-0.29066859	-0.351657306	-0.316610563	-0.278717265	-0.216715518	-0.248482936	-0.246684533	-0.119356096	-0.266819597	-0.026083008	-0.243134111	-0.308270396	-0.464313969	-0.212469259	1.896478735	-0.214387533	-0.215904696	-0.287102312	-0.207846616	-0.182504536	-0.204688182	-0.225946854	-0.225423654	-0.184737669	-0.21580012	-0.225355399	-0.226073413	LumB
7173	-2.662326044	-1.376550988	-0.252194661	-0.248656506	-0.237485435	-0.29066859	2.562307003	-0.316610563	-0.278717265	-0.216715518	-0.248482936	-0.246684533	-0.119356096	-0.266819597	-0.026083008	-0.243134111	-0.308270396	-0.464313969	-0.212469259	-0.318655606	-0.214387533	-0.215904696	-0.287102312	-0.207846616	-0.182504536	-0.204688182	-0.225946854	-0.225423654	-0.184737669	-0.21580012	-0.225355399	-0.226073413	LumA
7174	-1.118446773	-1.871087975	-0.252194661	2.74095742	-0.237485435	-0.29066859	2.562307003	-0.316610563	-0.278717265	-0.216715518	-0.248482936	-0.246684533	-0.119356096	2.818457796	-0.026083008	-0.243134111	-0.308270396	-0.464313969	-0.212469259	-0.318655606	-0.214387533	-0.215904696	-0.287102312	-0.207846616	-0.182504536	-0.204688182	-0.225946854	-0.225423654	-0.184737669	-0.21580012	-0.225355399	-0.226073413	LumB
7182	2.511381589	-1.207183752	-0.252194661	-0.248656506	-0.237485435	-0.29066859	-0.351657306	-0.316610563	2.462416534	-0.216715518	-0.248482936	-0.246684533	-0.119356096	-0.266819597	-0.026083008	-0.243134111	-0.308270396	-0.464313969	-0.212469259	-0.318655606	-0.214387533	-0.215904696	-0.287102312	-0.207846616	-0.182504536	-0.204688182	-0.225946854	-0.225423654	-0.184737669	-0.21580012	-0.225355399	-0.226073413	Her2
7186	-0.738181726	-0.995726235	-0.252194661	-0.248656506	-0.237485435	-0.29066859	-0.351657306	-0.316610563	-0.278717265	-0.216715518	-0.248482936	-0.246684533	-0.119356096	-0.266819597	-0.026083008	-0.243134111	-0.308270396	-0.464313969	-0.212469259	-0.318655606	-0.214387533	-0.215904696	-0.287102312	-0.207846616	-0.182504536	-0.204688182	-0.225946854	-0.225423654	-0.184737669	-0.21580012	-0.225355399	-0.226073413	LumB
7187	4.063465555	-1.059711814	-0.252194661	-0.248656506	-0.237485435	-0.29066859	2.562307003	2.553269008	-0.278717265	-0.216715518	-0.248482936	-0.246684533	-0.119356096	-0.266819597	-0.026083008	-0.243134111	-0.308270396	-0.464313969	-0.212469259	6.633259574	-0.214387533	-0.215904696	-0.287102312	-0.207846616	-0.182504536	4.263932627	-0.225946854	4.000744296	-0.184737669	-0.21580012	-0.225355399	-0.226073413	Normal
7189	0.275287548	-0.707487896	3.436194286	-0.248656506	-0.237485435	5.903431859	-0.351657306	2.375855281	-0.278717265	-0.216715518	-0.248482936	-0.246684533	-0.119356096	-0.266819597	-0.026083008	-0.243134111	-0.308270396	1.495584521	-0.212469259	3.353165687	-0.214387533	-0.215904696	-0.287102312	-0.207846616	-0.182504536	-0.204688182	-0.225946854	-0.225423654	-0.184737669	-0.21580012	-0.225355399	-0.226073413	LumB
7197	-2.3716654	0.675122901	-0.252194661	-0.248656506	-0.237485435	-0.29066859	2.606252381	-0.316610563	-0.278717265	-0.216715518	-0.248482936	-0.246684533	-0.119356096	-0.266819597	-0.026083008	3.270103434	-0.308270396	-0.464313969	-0.212469259	-0.318655606	-0.214387533	-0.215904696	-0.287102312	-0.207846616	-0.182504536	-0.204688182	-0.225946854	-0.225423654	-0.184737669	-0.21580012	-0.225355399	-0.226073413	LumB
7198	4.928289788	-1.706561916	-0.252194661	-0.248656506	-0.237485435	-0.29066859	2.606252381	-0.316610563	-0.278717265	-0.216715518	-0.248482936	-0.246684533	-0.119356096	-0.266819597	-0.026083008	-0.243134111	-0.308270396	-0.464313969	4.013698691	-0.318655606	-0.214387533	-0.215904696	-0.287102312	-0.207846616	-0.182504536	-0.204688182	-0.225946854	-0.225423654	-0.184737669	4.129344901	-0.225355399	-0.226073413	Basal
7199	-2.026073107	1.258193511	7.015923485	-0.248656506	-0.237485435	-0.29066859	2.889688466	-0.316610563	-0.278717265	-0.216715518	-0.248482936	-0.246684533	-0.119356096	-0.266819597	-0.026083008	-0.243134111	-0.308270396	-0.464313969	-0.212469259	-0.318655606	-0.214387533	4.129240324	-0.287102312	-0.207846616	-0.182504536	-0.204688182	-0.225946854	4.000744296	-0.184737669	3.888978296	-0.225355399	-0.226073413	LumB
7200	-2.567847408	-0.032408808	-0.252194661	-0.248656506	-0.237485435	-0.29066859	-0.351657306	-0.316610563	-0.278717265	-0.216715518	-0.248482936	-0.246684533	-0.119356096	-0.266819597	-0.026083008	-0.243134111	1.657202656	-0.464313969	-0.212469259	-0.318655606	3.801473094	-0.215904696	-0.287102312	-0.207846616	-0.182504536	-0.204688182	-0.225946854	8.626281914	-0.184737669	-0.21580012	-0.225355399	-0.226073413	LumB
7205	6.507491426	-1.376550988	-0.252194661	3.626355251	-0.237485435	-0.29066859	-0.351657306	2.375855281	-0.278717265	4.067652388	-0.248482936	-0.246684533	-0.119356096	2.408680029	-0.026083008	-0.243134111	-0.308270396	-0.464313969	-0.212469259	-0.318655606	-0.214387533	-0.215904696	-0.287102312	-0.207846616	-0.182504536	-0.204688182	-0.225946854	-0.225423654	-0.184737669	-0.21580012	-0.225355399	-0.226073413	Basal
7208	11.09535046	-0.1901392	-3.253515299	-0.248656506	-0.237485435	-0.29066859	-0.351657306	-0.316610563	-0.278717265	-0.216715518	-0.248482936	-0.246684533	-0.119356096	-0.266819597	-3.390128219	-0.243134111	-2.150049989	-0.464313969	-0.212469259	-0.318655606	-0.214387533	-0.215904696	2.3994378	-0.207846616	-0.182504536	-0.204688182	-4.087129882	-0.225423654	-0.184737669	3.888978296	-0.225355399	-0.226073413	Basal
7217	-2.169193099	-1.376550988	-0.252194661	-0.248656506	-0.237485435	-0.29066859	-0.351657306	-0.316610563	-0.278717265	-0.216715518	-0.248482936	-0.246684533	-0.119356096	-0.266819597	-0.026083008	-0.243134111	-0.308270396	4.417383068	-0.212469259	-0.318655606	-0.214387533	-0.215904696	-0.287102312	-0.207846616	-0.182504536	-0.204688182	-0.225946854	-0.225423654	-0.184737669	-0.21580012	-0.225355399	-0.226073413	LumA
7218	-2.364351107	0.732653319	-0.252194661	-0.248656506	-0.237485435	-0.29066859	5.52021669	-0.316610563	-0.278717265	-0.216715518	-0.248482936	3.637583228	-0.119356096	-0.266819597	-0.026083008	-0.243134111	-0.308270396	1.539767013	-0.212469259	-0.318655606	-0.214387533	-0.215904696	-0.287102312	-0.207846616	-0.182504536	-0.204688182	-0.225946854	-0.225423654	-0.184737669	-0.21580012	-0.225355399	-0.226073413	LumA
7225	10.65408063	-1.972164168	-0.252194661	-0.248656506	-0.237485435	-0.29066859	-0.351657306	6.104235171	-3.019851065	-4.555395631	-0.248482936	-0.246684533	-6.583617558	-0.266819597	-0.026083008	-0.243134111	3.563735876	-0.464313969	4.325837086	-0.318655606	-0.214387533	-0.215904696	-0.287102312	-0.207846616	-0.182504536	3.900090233	-0.225946854	4.400113964	-0.184737669	4.129344901	-0.225355399	-0.226073413	Basal
7227	-0.968200111	-1.376550988	-0.252194661	-0.248656506	-0.237485435	-0.29066859	2.562307003	-0.316610563	-0.278717265	-0.216715518	1.338876272	-0.246684533	-0.119356096	-0.266819597	-0.026083008	-0.243134111	-0.308270396	-0.464313969	8.552005036	3.353165687	-0.214387533	-0.215904696	3.109757638	-0.207846616	-0.182504536	-0.204688182	-0.225946854	-0.225423654	-0.184737669	-0.21580012	-0.225355399	-0.226073413	Normal
7228	-2.608874193	-1.181606806	-0.252194661	-0.248656506	-0.237485435	-0.29066859	2.889688466	-0.316610563	-0.278717265	-0.216715518	-0.248482936	-0.246684533	-0.119356096	-0.266819597	-0.026083008	-0.243134111	-0.308270396	-0.464313969	-0.212469259	-0.318655606	-0.214387533	-0.215904696	-0.287102312	-0.207846616	-0.182504536	-0.204688182	-0.225946854	-0.225423654	-0.184737669	-0.21580012	-0.225355399	-0.226073413	Normal
7229	-2.602319177	0.524664387	-0.252194661	-0.248656506	-0.237485435	-0.29066859	2.562307003	-0.316610563	-0.278717265	-0.216715518	-0.248482936	-0.246684533	-0.119356096	-0.266819597	-0.026083008	-0.243134111	-0.308270396	-0.464313969	-0.212469259	-0.318655606	-0.214387533	-0.215904696	-0.287102312	-0.207846616	-0.182504536	-0.204688182	-0.225946854	-0.225423654	-0.184737669	-0.21580012	-0.225355399	-0.226073413	LumA
7232	-2.662326044	6.039879437	-0.252194661	-0.248656506	-0.237485435	-0.29066859	-0.351657306	-0.316610563	1.519724409	-0.216715518	-0.248482936	-0.246684533	-0.119356096	-0.266819597	-0.026083008	-0.243134111	-0.308270396	-0.464313969	-0.212469259	-0.318655606	3.801473094	-0.215904696	-0.287102312	-0.207846616	-0.182504536	-0.204688182	-0.225946854	4.400113964	-0.184737669	-0.21580012	-0.225355399	-0.226073413	LumA
7233	-0.204521428	1.128358212	-0.252194661	-0.248656506	-0.237485435	-0.29066859	-0.351657306	-0.316610563	-0.278717265	-0.216715518	-0.248482936	-0.246684533	-0.119356096	-0.266819597	-0.026083008	-0.243134111	-0.308270396	-0.464313969	-0.212469259	-0.318655606	-0.214387533	-0.215904696	-0.287102312	-0.207846616	-0.182504536	-0.204688182	-0.225946854	-0.225423654	-0.184737669	-0.21580012	-0.225355399	-0.226073413	Her2
7236	-2.974139916	3.361322549	-0.252194661	-0.248656506	-0.237485435	-0.29066859	-0.351657306	-0.316610563	-0.278717265	-0.216715518	-0.248482936	3.637583228	-0.119356096	4.196335733	-0.026083008	-0.243134111	-0.308270396	2.176405229	-0.212469259	6.633259574	-0.214387533	-0.215904696	-0.287102312	3.962522913	-0.182504536	-0.204688182	-0.225946854	-0.225423654	-0.184737669	-0.21580012	-0.225355399	-0.226073413	LumB
7241	-2.252516559	2.2019927	-0.252194661	-0.248656506	-0.237485435	-0.29066859	-0.351657306	-0.316610563	-0.278717265	-0.216715518	-0.248482936	-0.246684533	-0.119356096	-0.266819597	-0.026083008	3.270103434	-0.308270396	-0.464313969	-0.212469259	-0.318655606	-0.214387533	-0.215904696	-0.287102312	-0.207846616	4.089494615	-0.204688182	-0.225946854	-0.225423654	-0.184737669	-0.21580012	-0.225355399	-0.226073413	LumB
7243	-2.596836937	-1.06660812	3.327534539	-0.248656506	-0.237485435	2.842891314	-0.351657306	5.481101838	-0.278717265	-0.216715518	-0.248482936	-0.246684533	-0.119356096	-0.266819597	-0.026083008	-0.243134111	-0.308270396	-0.464313969	-0.212469259	-0.318655606	-0.214387533	-0.215904696	-0.287102312	-0.207846616	-0.182504536	-0.204688182	-0.225946854	-0.225423654	-0.184737669	-0.21580012	-0.225355399	-0.226073413	LumA
7244	-2.220378023	0.276287597	-0.252194661	-0.248656506	-0.237485435	-0.29066859	2.562307003	-0.316610563	-0.278717265	-0.216715518	-0.248482936	-0.246684533	-0.119356096	-0.266819597	-0.026083008	-0.243134111	-0.308270396	-0.464313969	-0.212469259	-0.318655606	-0.214387533	-0.215904696	-0.287102312	-0.207846616	-0.182504536	-0.204688182	4.126112021	-0.225423654	-0.184737669	-0.21580012	-0.225355399	-0.226073413	LumA
7249	-0.54730431	-0.23357358	2.749125977	-0.248656506	-0.237485435	-0.29066859	-0.351657306	-0.316610563	2.462416534	-0.216715518	-0.248482936	-0.246684533	-0.119356096	-0.266819597	-0.026083008	-0.243134111	-0.308270396	-0.464313969	-0.212469259	2.961438281	-0.214387533	-0.215904696	2.498109681	-0.207846616	-0.182504536	-0.204688182	-0.225946854	-0.225423654	-0.184737669	-0.21580012	-0.225355399	-0.226073413	LumA
7250	4.815455567	-1.706561916	-0.252194661	-0.248656506	-0.237485435	2.842891314	-0.351657306	-0.316610563	2.690618033	-0.216715518	-0.248482936	-0.246684533	-0.119356096	-0.266819597	-0.026083008	-0.243134111	-0.308270396	1.776663871	-0.212469259	-0.318655606	-0.214387533	-0.215904696	-0.287102312	-0.207846616	-0.182504536	-0.204688182	-0.225946854	-0.225423654	-0.184737669	-0.21580012	-0.225355399	-0.226073413	Her2
7251	5.004082743	-1.706561916	-0.252194661	-0.248656506	-0.237485435	-0.29066859	-0.351657306	-0.316610563	-0.278717265	-0.216715518	-0.248482936	-0.246684533	-0.119356096	-0.266819597	-0.026083008	-0.243134111	-0.308270396	-0.464313969	-0.212469259	-0.318655606	-0.214387533	-0.215904696	-0.287102312	-0.207846616	-0.182504536	-0.204688182	-0.225946854	-0.225423654	-0.184737669	-0.21580012	-0.225355399	-0.226073413	Her2
7253	-2.418509892	-1.706561916	-0.252194661	-0.248656506	-0.237485435	-0.29066859	-0.351657306	-0.316610563	-0.278717265	-0.216715518	-0.248482936	-0.246684533	-0.119356096	-4.729974926	-0.026083008	-0.243134111	-0.308270396	-0.464313969	-0.212469259	2.961438281	-0.214387533	-0.215904696	-0.287102312	-0.207846616	-0.182504536	-0.204688182	3.635236175	-0.225423654	-0.184737669	-0.21580012	-0.225355399	-0.226073413	LumB
7254	-2.446782963	-1.09504525	-0.252194661	-0.248656506	-0.237485435	-0.29066859	2.562307003	-0.316610563	-0.278717265	-0.216715518	3.282939861	-0.246684533	-0.119356096	-0.266819597	-0.026083008	-0.243134111	-0.308270396	1.488571256	-0.212469259	-0.318655606	-0.214387533	-0.215904696	-0.287102312	-0.207846616	-0.182504536	-0.204688182	-0.225946854	-0.225423654	-0.184737669	-0.21580012	-0.225355399	-0.226073413	LumA
7256	8.353426824	-1.706561916	-0.252194661	-0.248656506	-0.237485435	-0.29066859	-0.351657306	-0.316610563	-0.278717265	-0.216715518	-0.248482936	-0.246684533	-0.119356096	-0.266819597	-0.026083008	-0.243134111	2.778910949	-0.464313969	-0.212469259	-0.318655606	-0.214387533	-0.215904696	-0.287102312	-0.207846616	-0.182504536	-0.204688182	-0.225946854	-0.225423654	-0.184737669	-0.21580012	-0.225355399	-0.226073413	Her2
7262	0.107139159	0.321119156	-0.252194661	-0.248656506	-0.237485435	-0.29066859	-0.351657306	-0.316610563	-0.278717265	-0.216715518	-0.248482936	-0.246684533	-0.119356096	-0.266819597	-0.026083008	-0.243134111	-0.308270396	1.539767013	-0.212469259	-0.318655606	-0.214387533	-0.215904696	-0.287102312	-0.207846616	-0.182504536	-0.204688182	-0.225946854	4.000744296	-0.184737669	-0.21580012	-0.225355399	-0.226073413	Her2
7263	-1.041672397	0.347346957	3.436194286	-0.248656506	-0.237485435	-0.29066859	-0.351657306	-0.316610563	8.111592789	-0.216715518	-0.248482936	-0.246684533	-0.119356096	2.408680029	-0.026083008	-0.243134111	0.738645226	-0.464313969	-0.212469259	6.633259574	-0.214387533	-0.215904696	5.7834596	-0.207846616	-0.182504536	-0.204688182	-0.225946854	-0.225423654	-0.184737669	-0.21580012	-0.225355399	-0.226073413	LumB
7268	-2.551906455	-0.422036794	-0.252194661	-0.248656506	-0.237485435	-0.29066859	-0.351657306	-0.316610563	-0.278717265	-0.216715518	-0.248482936	-0.246684533	-0.119356096	-0.266819597	-0.026083008	-0.243134111	-0.308270396	-0.464313969	-0.212469259	-0.318655606	-0.214387533	-0.215904696	-0.287102312	-0.207846616	-0.182504536	-0.204688182	-0.225946854	-0.225423654	-0.184737669	-0.21580012	-0.225355399	-0.226073413	LumA
7273	9.751865569	-1.013984603	-0.252194661	-0.248656506	-0.237485435	-0.29066859	-0.351657306	-0.316610563	-0.278717265	-0.216715518	-0.248482936	3.637583228	-0.119356096	-0.266819597	-0.026083008	-0.243134111	-0.308270396	-0.464313969	-0.212469259	-0.318655606	4.248107679	-0.215904696	2.38659965	-0.207846616	-0.182504536	-0.204688182	-0.225946854	-0.225423654	-0.184737669	-0.21580012	-0.225355399	-0.226073413	Her2
7275	1.128609988	-1.706561916	-0.252194661	-0.248656506	-0.237485435	-0.29066859	-0.351657306	-0.316610563	-0.278717265	-0.216715518	-0.248482936	-0.246684533	4.219324018	-0.266819597	-0.026083008	-0.243134111	-0.308270396	-0.464313969	-0.212469259	-0.318655606	-0.214387533	-0.215904696	-0.287102312	-0.207846616	-0.182504536	-0.204688182	-0.225946854	-0.225423654	-0.184737669	-0.21580012	-0.225355399	-0.226073413	Her2
7278	-2.50785963	3.177363764	-0.252194661	-0.248656506	-0.237485435	-0.29066859	2.562307003	-0.316610563	-0.278717265	-0.216715518	-0.248482936	-0.246684533	4.219324018	-0.266819597	-0.026083008	-0.243134111	1.657202656	-0.464313969	-0.212469259	-0.318655606	-0.214387533	-0.215904696	-0.287102312	-0.207846616	-0.182504536	-0.204688182	4.126112021	-0.225423654	-0.184737669	-0.21580012	-0.225355399	-0.226073413	LumA
7279	4.490663282	-0.946029497	3.436194286	-0.248656506	-0.237485435	-0.29066859	-0.351657306	-0.316610563	-0.278717265	-0.216715518	-0.248482936	-0.246684533	-0.119356096	-0.266819597	-0.026083008	-0.243134111	-0.308270396	3.736562361	-0.212469259	-0.318655606	-0.214387533	-0.215904696	-0.287102312	-0.207846616	-0.182504536	-0.204688182	-0.225946854	-0.225423654	3.825031707	-0.21580012	-0.225355399	-0.226073413	Her2
7281	3.994690529	-1.706561916	-0.252194661	-0.248656506	-0.237485435	-0.29066859	-0.351657306	-0.316610563	-0.278717265	-0.216715518	-0.248482936	-0.246684533	-0.119356096	-0.266819597	-0.026083008	-0.243134111	-0.308270396	-0.464313969	4.013698691	-0.318655606	-0.214387533	-0.215904696	2.3994378	-0.207846616	-0.182504536	-0.204688182	-0.225946854	-0.225423654	-0.184737669	-0.21580012	-0.225355399	-0.226073413	Her2
7283	0.838474545	-1.706561916	-0.252194661	3.626355251	-0.237485435	-0.29066859	-0.351657306	-0.316610563	-0.278717265	-0.216715518	3.667156037	-0.246684533	-0.119356096	-0.266819597	-0.026083008	-0.243134111	-0.308270396	-0.464313969	-0.212469259	-0.318655606	-0.214387533	-0.215904696	3.109757638	-0.207846616	4.089494615	-0.204688182	-0.225946854	-0.225423654	-0.184737669	-0.21580012	-0.225355399	3.736102011	LumB
7288	-0.486851761	-1.706561916	-0.252194661	-0.248656506	-0.237485435	2.123590616	-0.351657306	-0.316610563	-0.278717265	-0.216715518	-0.248482936	-0.246684533	-0.119356096	-0.266819597	-0.026083008	-0.243134111	-0.308270396	-0.464313969	-0.212469259	-0.318655606	-0.214387533	-0.215904696	-0.287102312	-0.207846616	-0.182504536	-0.204688182	-0.225946854	-0.225423654	-0.184737669	-0.21580012	-0.225355399	-0.226073413	LumB
7289	-2.168272865	-1.376550988	-0.252194661	-0.248656506	3.834389461	-0.29066859	-0.351657306	-0.316610563	-0.278717265	-0.216715518	-0.248482936	-0.246684533	-0.119356096	-0.266819597	-0.026083008	-0.243134111	-0.308270396	-0.464313969	-0.212469259	-0.318655606	-0.214387533	-0.215904696	-0.287102312	-0.207846616	-0.182504536	-0.204688182	-0.225946854	-0.225423654	-0.184737669	-0.21580012	-0.225355399	-0.226073413	Normal
7292	-1.939812443	-0.372747857	-0.252194661	-0.248656506	-0.237485435	2.123590616	-0.351657306	-0.316610563	-0.278717265	-0.216715518	-0.248482936	-0.246684533	-0.119356096	-0.266819597	-0.026083008	-0.243134111	-0.308270396	-0.464313969	-0.212469259	-0.318655606	-0.214387533	-0.215904696	-0.287102312	-0.207846616	-0.182504536	-0.204688182	-0.225946854	-0.225423654	-0.184737669	-0.21580012	-0.225355399	-0.226073413	LumB
7293	-1.660303168	-0.874515524	-0.252194661	-0.248656506	-0.237485435	-0.29066859	-0.351657306	-0.316610563	-0.278717265	-0.216715518	-0.248482936	-0.246684533	-0.119356096	-0.266819597	-0.026083008	-0.243134111	-0.308270396	-0.464313969	-0.212469259	-0.318655606	-0.214387533	4.129240324	-0.287102312	-0.207846616	-0.182504536	-0.204688182	-0.225946854	-0.225423654	-0.184737669	-0.21580012	-0.225355399	-0.226073413	LumA
7296	2.560630787	-1.706561916	-0.252194661	-0.248656506	-0.237485435	-0.29066859	-0.351657306	-0.316610563	-0.278717265	-0.216715518	-0.248482936	-0.246684533	-0.119356096	-0.266819597	-0.026083008	-0.243134111	-0.308270396	-0.464313969	-0.212469259	-0.318655606	-0.214387533	-0.215904696	-0.287102312	-0.207846616	-0.182504536	-0.204688182	-0.225946854	-0.225423654	-0.184737669	-0.21580012	-0.225355399	-0.226073413	LumB
7298	-1.718789326	-0.054271856	-0.252194661	-0.248656506	-0.237485435	-0.29066859	-0.351657306	-0.316610563	-0.278717265	-0.216715518	-0.248482936	-0.246684533	-0.119356096	2.408680029	-0.026083008	-0.243134111	-0.308270396	-0.464313969	-0.212469259	4.445406407	-0.214387533	-0.215904696	-0.287102312	-0.207846616	-0.182504536	-0.204688182	-0.225946854	-0.225423654	-0.184737669	-0.21580012	-0.225355399	-0.226073413	LumB
